timestamp,is_injected_anomaly,event_type,temperature,ph_level,dissolved_oxygen,turbidity,water_level
2026-01-01 00:00:00+00:00,0,normal,25.2869,7.3962,7.1001,11.0258,18.1908
2026-01-01 00:10:00+00:00,0,normal,25.3559,7.3944,7.0327,11.1117,18.1888
2026-01-01 00:20:00+00:00,0,normal,25.306,7.4083,7.0856,11.3391,18.2015
2026-01-01 00:30:00+00:00,0,normal,25.2791,7.4153,7.1278,11.3446,18.2256
2026-01-01 00:40:00+00:00,0,normal,25.3541,7.4403,7.083,11.4018,18.2412
2026-01-01 00:50:00+00:00,0,normal,25.3505,7.4517,7.0741,11.5768,18.2542
2026-01-01 01:00:00+00:00,0,normal,25.3527,7.4789,7.1803,11.4241,18.2719
2026-01-01 01:10:00+00:00,0,normal,25.4307,7.4758,7.1019,11.214,18.2849
2026-01-01 01:20:00+00:00,0,normal,25.5494,7.4972,7.0174,11.193,18.2925
2026-01-01 01:30:00+00:00,0,normal,25.6145,7.4918,6.9487,10.9136,18.2843
2026-01-01 01:40:00+00:00,0,normal,25.6716,7.499,7.0312,10.9376,18.2803
2026-01-01 01:50:00+00:00,0,normal,25.7576,7.4883,6.9461,10.9748,18.2742
2026-01-01 02:00:00+00:00,0,normal,25.8513,7.5031,6.9239,11.0771,18.2543
2026-01-01 02:10:00+00:00,0,normal,25.8361,7.5235,6.9293,11.0237,18.2534
2026-01-01 02:20:00+00:00,0,normal,25.8701,7.5485,6.9489,11.4931,18.2438
2026-01-01 02:30:00+00:00,0,normal,25.883,7.5557,6.8503,11.3859,18.242
2026-01-01 02:40:00+00:00,0,normal,25.9248,7.5797,6.8181,11.7089,18.2278
2026-01-01 02:50:00+00:00,0,normal,25.9579,7.5945,6.7884,11.6234,18.2402
2026-01-01 03:00:00+00:00,0,normal,26.0348,7.5984,6.7746,11.7082,18.2304
2026-01-01 03:10:00+00:00,0,normal,26.0503,7.6016,6.7645,11.6621,18.2495
2026-01-01 03:20:00+00:00,0,normal,26.1827,7.634,6.7114,11.5971,18.2496
2026-01-01 03:30:00+00:00,0,normal,26.2,7.6498,6.6122,11.3955,18.2694
2026-01-01 03:40:00+00:00,0,normal,26.2413,7.6704,6.5892,11.477,18.2694
2026-01-01 03:50:00+00:00,0,normal,26.2905,7.6666,6.4897,11.5294,18.2705
2026-01-01 04:00:00+00:00,0,normal,26.3897,7.6792,6.4169,11.3629,18.2602
2026-01-01 04:10:00+00:00,0,normal,26.4144,7.6756,6.4021,11.4535,18.2568
2026-01-01 04:20:00+00:00,0,normal,26.4905,7.685,6.3995,11.5401,18.2565
2026-01-01 04:30:00+00:00,0,normal,26.577,7.6914,6.3116,11.4982,18.2505
2026-01-01 04:40:00+00:00,0,normal,26.7221,7.7208,6.3145,11.557,18.2594
2026-01-01 04:50:00+00:00,0,normal,26.7433,7.7451,6.2729,11.5912,18.2478
2026-01-01 05:00:00+00:00,0,normal,26.7664,7.752,6.331,11.668,18.2385
2026-01-01 05:10:00+00:00,0,normal,26.7764,7.7719,6.3315,11.6934,18.2555
2026-01-01 05:20:00+00:00,0,normal,26.8367,7.7903,6.3417,11.6326,18.2554
2026-01-01 05:30:00+00:00,0,normal,26.8531,7.803,6.2826,11.6399,18.2408
2026-01-01 05:40:00+00:00,0,normal,26.9157,7.7917,6.2645,11.5704,18.255
2026-01-01 05:50:00+00:00,0,normal,26.9551,7.7948,6.1914,11.3347,18.2737
2026-01-01 06:00:00+00:00,0,normal,27.005,7.7891,6.1882,11.1627,18.2607
2026-01-01 06:10:00+00:00,0,normal,27.0554,7.7944,6.0829,11.1054,18.2558
2026-01-01 06:20:00+00:00,0,normal,27.0894,7.7967,6.0791,11.0121,18.2582
2026-01-01 06:30:00+00:00,0,normal,27.1598,7.8096,6.0377,10.9842,18.2532
2026-01-01 06:40:00+00:00,0,normal,27.2114,7.8242,5.9664,11.1378,18.2466
2026-01-01 06:50:00+00:00,0,normal,27.2934,7.827,5.9347,11.2701,18.2387
2026-01-01 07:00:00+00:00,0,normal,27.3166,7.8328,6.0234,11.4969,18.2344
2026-01-01 07:10:00+00:00,0,normal,27.3385,7.837,6.0019,11.4709,18.2315
2026-01-01 07:20:00+00:00,0,normal,27.3895,7.8452,5.9326,11.6041,18.2291
2026-01-01 07:30:00+00:00,0,normal,27.4589,7.8423,5.8491,11.5522,18.2365
2026-01-01 07:40:00+00:00,0,normal,27.5106,7.8562,5.7828,11.2496,18.2312
2026-01-01 07:50:00+00:00,0,normal,27.5426,7.8412,5.744,10.9368,18.2658
2026-01-01 08:00:00+00:00,0,normal,27.5769,7.8346,5.6233,10.8629,18.2643
2026-01-01 08:10:00+00:00,0,normal,27.5981,7.8309,5.6552,10.8102,18.2478
2026-01-01 08:20:00+00:00,0,normal,27.5653,7.8143,5.6901,10.7872,18.2338
2026-01-01 08:30:00+00:00,0,normal,27.555,7.8094,5.6032,11.0679,18.2409
2026-01-01 08:40:00+00:00,0,normal,27.5591,7.8038,5.5636,11.377,18.2113
2026-01-01 08:50:00+00:00,0,normal,27.547,7.7945,5.6546,11.2782,18.2113
2026-01-01 09:00:00+00:00,0,normal,27.5335,7.7881,5.6067,11.4016,18.2187
2026-01-01 09:10:00+00:00,0,normal,27.6566,7.7959,5.5168,11.2198,18.2085
2026-01-01 09:20:00+00:00,0,normal,27.6514,7.7879,5.6249,11.2693,18.1736
2026-01-01 09:30:00+00:00,0,normal,27.7154,7.7984,5.5526,11.0405,18.1724
2026-01-01 09:40:00+00:00,0,normal,27.6877,7.7885,5.5675,11.0888,18.1625
2026-01-01 09:50:00+00:00,0,normal,27.6931,7.7883,5.5227,10.8303,18.1714
2026-01-01 10:00:00+00:00,0,normal,27.6502,7.7802,5.5849,10.8982,18.1643
2026-01-01 10:10:00+00:00,0,normal,27.7053,7.7969,5.5132,10.836,18.1798
2026-01-01 10:20:00+00:00,0,normal,27.6964,7.7886,5.5633,10.7396,18.1783
2026-01-01 10:30:00+00:00,0,normal,27.7835,7.7832,5.5311,10.6792,18.1886
2026-01-01 10:40:00+00:00,0,normal,27.7787,7.7621,5.5537,10.5045,18.1807
2026-01-01 10:50:00+00:00,0,normal,27.7494,7.7706,5.569,10.4885,18.1634
2026-01-01 11:00:00+00:00,0,normal,27.7501,7.739,5.5117,10.2229,18.1472
2026-01-01 11:10:00+00:00,0,normal,27.7062,7.7178,5.4597,10.1914,18.1369
2026-01-01 11:20:00+00:00,0,normal,27.618,7.7237,5.4345,10.2113,18.1133
2026-01-01 11:30:00+00:00,0,normal,27.5738,7.7184,5.4951,10.2178,18.101
2026-01-01 11:40:00+00:00,0,normal,27.5391,7.7038,5.5499,10.4514,18.1144
2026-01-01 11:50:00+00:00,0,normal,27.5057,7.7057,5.6709,10.4898,18.1228
2026-01-01 12:00:00+00:00,0,normal,27.4951,7.7111,5.7115,10.5941,18.1015
2026-01-01 12:10:00+00:00,0,normal,27.5411,7.7184,5.7223,10.6874,18.1116
2026-01-01 12:20:00+00:00,0,normal,27.5398,7.6975,5.7443,11.0125,18.1009
2026-01-01 12:30:00+00:00,0,normal,27.5497,7.6755,5.7155,10.9175,18.0989
2026-01-01 12:40:00+00:00,0,normal,27.5236,7.6542,5.6682,10.888,18.0894
2026-01-01 12:50:00+00:00,0,normal,27.4746,7.6602,5.7106,10.7105,18.1109
2026-01-01 13:00:00+00:00,0,normal,27.4317,7.6432,5.7237,10.6351,18.1094
2026-01-01 13:10:00+00:00,0,normal,27.387,7.6586,5.7148,10.5122,18.128
2026-01-01 13:20:00+00:00,0,normal,27.3302,7.6464,5.7133,10.4115,18.1324
2026-01-01 13:30:00+00:00,0,normal,27.2543,7.6292,5.7582,10.4305,18.1279
2026-01-01 13:40:00+00:00,0,normal,27.1812,7.5881,5.7853,10.5573,18.1007
2026-01-01 13:50:00+00:00,0,normal,27.1397,7.5533,5.781,10.3007,18.0724
2026-01-01 14:00:00+00:00,0,normal,27.1026,7.5437,5.8422,10.187,18.0506
2026-01-01 14:10:00+00:00,0,normal,27.0708,7.5376,5.8946,10.2399,18.0311
2026-01-01 14:20:00+00:00,0,normal,27.0554,7.5324,5.9765,10.2166,18.0271
2026-01-01 14:30:00+00:00,0,normal,27.0668,7.5381,6.0073,10.3065,18.0197
2026-01-01 14:40:00+00:00,0,normal,27.0246,7.5188,6.0613,10.6302,18.0285
2026-01-01 14:50:00+00:00,0,normal,26.9884,7.495,6.0424,10.5504,18.0182
2026-01-01 15:00:00+00:00,0,normal,26.9222,7.475,6.0703,10.5112,18.0092
2026-01-01 15:10:00+00:00,0,normal,26.8509,7.461,6.0735,10.5147,18.0067
2026-01-01 15:20:00+00:00,0,normal,26.7223,7.4337,6.1261,10.1628,18.0093
2026-01-01 15:30:00+00:00,0,normal,26.5939,7.428,6.1648,10.0107,17.9891
2026-01-01 15:40:00+00:00,0,normal,26.497,7.4165,6.2194,9.9495,17.9815
2026-01-01 15:50:00+00:00,0,normal,26.4233,7.4166,6.2663,9.9136,17.9867
2026-01-01 16:00:00+00:00,0,normal,26.3872,7.4077,6.303,9.9829,17.9811
2026-01-01 16:10:00+00:00,0,normal,26.3618,7.4076,6.2892,10.182,17.9608
2026-01-01 16:20:00+00:00,0,normal,26.3468,7.3975,6.3661,10.1046,17.9764
2026-01-01 16:30:00+00:00,0,normal,26.3878,7.3966,6.3925,10.2458,17.9798
2026-01-01 16:40:00+00:00,0,normal,26.3577,7.3846,6.4061,10.503,17.9622
2026-01-01 16:50:00+00:00,0,normal,26.3169,7.3738,6.3971,10.193,17.9536
2026-01-01 17:00:00+00:00,0,normal,26.2633,7.3546,6.4606,10.2477,17.9697
2026-01-01 17:10:00+00:00,0,normal,26.2175,7.3522,6.4925,10.2931,17.9408
2026-01-01 17:20:00+00:00,0,normal,26.0851,7.3509,6.5972,10.2277,17.9424
2026-01-01 17:30:00+00:00,0,normal,26.0349,7.3446,6.6879,9.9555,17.9584
2026-01-01 17:40:00+00:00,0,normal,25.9886,7.3317,6.7067,10.1657,17.9702
2026-01-01 17:50:00+00:00,0,normal,25.911,7.3389,6.7746,10.2164,17.9769
2026-01-01 18:00:00+00:00,0,normal,25.8859,7.3317,6.726,10.2607,17.9878
2026-01-01 18:10:00+00:00,0,normal,25.8816,7.3136,6.7097,10.0817,17.9915
2026-01-01 18:20:00+00:00,0,normal,25.8266,7.3028,6.7301,10.2469,17.9834
2026-01-01 18:30:00+00:00,0,normal,25.6997,7.3156,6.8887,10.4227,17.9663
2026-01-01 18:40:00+00:00,0,normal,25.7212,7.3007,6.8413,10.3043,17.9587
2026-01-01 18:50:00+00:00,0,normal,25.6447,7.3118,6.9254,10.3518,17.9685
2026-01-01 19:00:00+00:00,0,normal,25.6042,7.2962,6.9584,10.7397,17.9719
2026-01-01 19:10:00+00:00,0,normal,25.5877,7.2971,6.908,10.7295,17.9793
2026-01-01 19:20:00+00:00,0,normal,25.6603,7.3011,6.8424,10.7722,17.9798
2026-01-01 19:30:00+00:00,0,normal,25.6138,7.3053,6.9532,10.8985,17.9781
2026-01-01 19:40:00+00:00,0,normal,25.5625,7.3107,6.9825,10.9967,17.9766
2026-01-01 19:50:00+00:00,0,normal,25.529,7.3166,7.009,11.0374,17.9646
2026-01-01 20:00:00+00:00,0,normal,25.5064,7.3214,7.0434,10.9062,17.9509
2026-01-01 20:10:00+00:00,0,normal,25.47,7.3256,7.1093,10.8261,17.9728
2026-01-01 20:20:00+00:00,0,normal,25.483,7.3129,7.1001,10.5701,17.9642
2026-01-01 20:30:00+00:00,0,normal,25.5091,7.2812,7.1182,10.3334,17.9763
2026-01-01 20:40:00+00:00,0,normal,25.5339,7.2803,7.0721,10.2555,17.9615
2026-01-01 20:50:00+00:00,0,normal,25.464,7.2849,7.1642,10.3876,17.9612
2026-01-01 21:00:00+00:00,0,normal,25.3751,7.2522,7.2126,10.3194,17.9528
2026-01-01 21:10:00+00:00,0,normal,25.2969,7.2711,7.2248,10.512,17.9496
2026-01-01 21:20:00+00:00,0,normal,25.2576,7.2928,7.2563,10.6701,17.9287
2026-01-01 21:30:00+00:00,0,normal,25.1452,7.317,7.33,10.6598,17.9471
2026-01-01 21:40:00+00:00,0,normal,25.2031,7.3269,7.3465,10.3573,17.9359
2026-01-01 21:50:00+00:00,0,normal,25.2127,7.3504,7.2428,10.475,17.94
2026-01-01 22:00:00+00:00,0,normal,25.19,7.3618,7.3237,10.5693,17.9638
2026-01-01 22:10:00+00:00,0,normal,25.1668,7.3667,7.3403,10.6596,17.9853
2026-01-01 22:20:00+00:00,0,normal,25.2293,7.3538,7.3367,10.6489,17.9846
2026-01-01 22:30:00+00:00,0,normal,25.2407,7.3413,7.2735,10.7752,17.9976
2026-01-01 22:40:00+00:00,0,normal,25.327,7.3441,7.3047,10.6269,17.9857
2026-01-01 22:50:00+00:00,0,normal,25.4937,7.347,7.165,10.8146,17.9764
2026-01-01 23:00:00+00:00,0,normal,25.5563,7.3543,7.1829,10.7401,17.9653
2026-01-01 23:10:00+00:00,0,normal,25.5229,7.3452,7.2359,10.8658,17.9605
2026-01-01 23:20:00+00:00,0,normal,25.4317,7.3569,7.2568,10.9218,17.9801
2026-01-01 23:30:00+00:00,0,normal,25.3875,7.3683,7.2897,11.0635,17.9827
2026-01-01 23:40:00+00:00,0,normal,25.2736,7.3762,7.3522,10.8696,17.9946
2026-01-01 23:50:00+00:00,0,normal,25.2662,7.3975,7.321,10.9304,17.9959
2026-01-02 00:00:00+00:00,0,normal,25.3045,7.4291,7.314,10.8255,18.0012
2026-01-02 00:10:00+00:00,0,normal,25.4029,7.4367,7.2749,11.1242,17.9932
2026-01-02 00:20:00+00:00,0,normal,25.4605,7.432,7.2524,11.3581,18.0015
2026-01-02 00:30:00+00:00,0,normal,25.5263,7.4458,7.2433,11.4524,17.9889
2026-01-02 00:40:00+00:00,0,normal,25.5684,7.4347,7.2105,11.4577,17.9946
2026-01-02 00:50:00+00:00,0,normal,25.5878,7.4512,7.1584,11.3673,18.0019
2026-01-02 01:00:00+00:00,0,normal,25.5692,7.4805,7.1898,11.0724,18.0136
2026-01-02 01:10:00+00:00,0,normal,25.5516,7.4916,7.1239,11.0368,18.0112
2026-01-02 01:20:00+00:00,0,normal,25.584,7.5016,7.0671,10.8653,18.0068
2026-01-02 01:30:00+00:00,0,normal,25.695,7.5362,6.9804,10.8778,17.997
2026-01-02 01:40:00+00:00,0,normal,25.7802,7.5515,6.9117,11.0557,18.0134
2026-01-02 01:50:00+00:00,0,normal,25.9205,7.5366,6.8728,10.9371,17.9828
2026-01-02 02:00:00+00:00,0,normal,25.9661,7.5547,6.8976,10.6531,17.9726
2026-01-02 02:10:00+00:00,0,normal,25.9727,7.548,6.8578,10.6794,17.981
2026-01-02 02:20:00+00:00,0,normal,25.9228,7.548,6.8946,10.6657,17.9825
2026-01-02 02:30:00+00:00,0,normal,25.9417,7.5528,6.891,10.6873,17.9695
2026-01-02 02:40:00+00:00,0,normal,26.0336,7.5612,6.8178,11.0957,17.9938
2026-01-02 02:50:00+00:00,0,normal,26.0736,7.5773,6.7479,11.1686,18.0004
2026-01-02 03:00:00+00:00,0,normal,26.1989,7.6113,6.6841,11.2723,18.0143
2026-01-02 03:10:00+00:00,0,normal,26.2543,7.6195,6.6528,11.3386,18.0104
2026-01-02 03:20:00+00:00,0,normal,26.3678,7.6314,6.5983,11.2268,17.9968
2026-01-02 03:30:00+00:00,0,normal,26.3593,7.6604,6.5725,11.1639,18.0047
2026-01-02 03:40:00+00:00,0,normal,26.438,7.6658,6.5152,11.2894,17.9979
2026-01-02 03:50:00+00:00,0,normal,26.4615,7.6676,6.5862,11.0429,17.9875
2026-01-02 04:00:00+00:00,0,normal,26.5257,7.6778,6.5412,11.1275,18.0115
2026-01-02 04:10:00+00:00,0,normal,26.5637,7.6914,6.4974,11.2302,17.9945
2026-01-02 04:20:00+00:00,0,normal,26.589,7.7095,6.4427,11.2117,17.9769
2026-01-02 04:30:00+00:00,0,normal,26.6059,7.7276,6.4841,11.29,17.9967
2026-01-02 04:40:00+00:00,0,normal,26.6165,7.7448,6.4266,11.3898,17.9905
2026-01-02 04:50:00+00:00,0,normal,26.7012,7.7516,6.3861,11.1772,17.9761
2026-01-02 05:00:00+00:00,0,normal,26.7965,7.7439,6.2844,11.1504,18.0003
2026-01-02 05:10:00+00:00,0,normal,26.8727,7.7515,6.2907,10.8604,18.005
2026-01-02 05:20:00+00:00,0,normal,26.966,7.7619,6.2218,10.7002,17.988
2026-01-02 05:30:00+00:00,0,normal,27.075,7.767,6.1711,10.9816,17.996
2026-01-02 05:40:00+00:00,0,normal,27.1677,7.7683,6.1048,11.1542,17.9962
2026-01-02 05:50:00+00:00,0,normal,27.1698,7.8018,6.1236,11.1605,17.9825
2026-01-02 06:00:00+00:00,0,normal,27.1993,7.8093,6.0547,11.3792,17.9737
2026-01-02 06:10:00+00:00,0,normal,27.2924,7.8138,6.0462,11.3434,17.9662
2026-01-02 06:20:00+00:00,0,normal,27.3454,7.8067,5.9579,11.1841,17.9591
2026-01-02 06:30:00+00:00,0,normal,27.4002,7.8333,5.8795,11.1519,17.959
2026-01-02 06:40:00+00:00,0,normal,27.4441,7.8118,5.836,10.958,17.9687
2026-01-02 06:50:00+00:00,0,normal,27.4585,7.8284,5.8046,11.1292,17.9753
2026-01-02 07:00:00+00:00,0,normal,27.4117,7.8247,5.7803,11.0789,17.9865
2026-01-02 07:10:00+00:00,0,normal,27.4964,7.8539,5.7024,11.1767,17.9885
2026-01-02 07:20:00+00:00,0,normal,27.5421,7.8456,5.6888,11.1428,17.9799
2026-01-02 07:30:00+00:00,0,normal,27.5663,7.8712,5.6834,11.1681,17.9811
2026-01-02 07:40:00+00:00,0,normal,27.632,7.8474,5.699,11.1303,17.9613
2026-01-02 07:50:00+00:00,0,normal,27.7674,7.8593,5.6077,11.3108,17.9441
2026-01-02 08:00:00+00:00,0,normal,27.6998,7.8467,5.723,11.0565,17.9344
2026-01-02 08:10:00+00:00,0,normal,27.6351,7.8497,5.7712,11.0188,17.938
2026-01-02 08:20:00+00:00,0,normal,27.6923,7.8464,5.7221,11.1472,17.9253
2026-01-02 08:30:00+00:00,0,normal,27.7174,7.8477,5.6877,10.7555,17.9387
2026-01-02 08:40:00+00:00,0,normal,27.6879,7.8442,5.6256,10.3811,17.95
2026-01-02 08:50:00+00:00,0,normal,27.743,7.8479,5.4851,10.4396,17.9265
2026-01-02 09:00:00+00:00,0,normal,27.8062,7.8353,5.468,10.2804,17.937
2026-01-02 09:10:00+00:00,0,normal,27.8504,7.829,5.4534,10.1196,17.9237
2026-01-02 09:20:00+00:00,0,normal,27.8822,7.8288,5.4353,10.1796,17.9049
2026-01-02 09:30:00+00:00,0,normal,27.9175,7.8271,5.4291,10.3758,17.9078
2026-01-02 09:40:00+00:00,0,normal,27.8593,7.8088,5.5459,10.3456,17.9217
2026-01-02 09:50:00+00:00,0,normal,27.8527,7.8025,5.5339,10.5886,17.8891
2026-01-02 10:00:00+00:00,0,normal,27.7766,7.7855,5.5565,10.6993,17.8913
2026-01-02 10:10:00+00:00,0,normal,27.732,7.7806,5.5488,10.9071,17.8869
2026-01-02 10:20:00+00:00,0,normal,27.6774,7.7689,5.609,10.7109,17.8643
2026-01-02 10:30:00+00:00,0,normal,27.737,7.7786,5.5103,10.716,17.8661
2026-01-02 10:40:00+00:00,0,normal,27.7672,7.7894,5.4605,10.5847,17.8634
2026-01-02 10:50:00+00:00,0,normal,27.7429,7.786,5.4819,10.591,17.8528
2026-01-02 11:00:00+00:00,0,normal,27.7785,7.7722,5.4444,10.409,17.8486
2026-01-02 11:10:00+00:00,0,normal,27.7811,7.7581,5.3849,10.5164,17.8491
2026-01-02 11:20:00+00:00,0,normal,27.7674,7.7531,5.4286,10.5195,17.83
2026-01-02 11:30:00+00:00,0,normal,27.7544,7.7261,5.4748,10.4492,17.8263
2026-01-02 11:40:00+00:00,0,normal,27.803,7.7186,5.4778,10.6152,17.8337
2026-01-02 11:50:00+00:00,0,normal,27.8294,7.7214,5.4987,10.6992,17.8308
2026-01-02 12:00:00+00:00,0,normal,27.8185,7.7167,5.58,10.7374,17.8191
2026-01-02 12:10:00+00:00,0,normal,27.7803,7.6791,5.6234,10.6212,17.8141
2026-01-02 12:20:00+00:00,0,normal,27.7091,7.6685,5.6363,10.4978,17.824
2026-01-02 12:30:00+00:00,0,normal,27.6694,7.6514,5.5574,10.2166,17.8351
2026-01-02 12:40:00+00:00,0,normal,27.5967,7.6288,5.6165,10.2874,17.8345
2026-01-02 12:50:00+00:00,0,normal,27.5303,7.6309,5.5984,10.2427,17.8434
2026-01-02 13:00:00+00:00,0,normal,27.5238,7.63,5.5403,10.3463,17.8359
2026-01-02 13:10:00+00:00,0,normal,27.5036,7.6218,5.519,10.3833,17.8128
2026-01-02 13:20:00+00:00,0,normal,27.5473,7.6203,5.6541,10.1989,17.7921
2026-01-02 13:30:00+00:00,0,normal,27.5687,7.6242,5.6296,10.1072,17.7652
2026-01-02 13:40:00+00:00,0,normal,27.5356,7.5979,5.649,10.0865,17.7606
2026-01-02 13:50:00+00:00,0,normal,27.4792,7.5937,5.6987,10.1389,17.7589
2026-01-02 14:00:00+00:00,0,normal,27.374,7.5721,5.7922,10.2249,17.7495
2026-01-02 14:10:00+00:00,0,normal,27.2166,7.5643,5.8129,10.2984,17.7441
2026-01-02 14:20:00+00:00,0,normal,27.1136,7.5437,5.8659,10.264,17.7735
2026-01-02 14:30:00+00:00,0,normal,27.1399,7.5383,5.8687,10.1398,17.759
2026-01-02 14:40:00+00:00,0,normal,27.0751,7.5115,5.9422,10.1054,17.7621
2026-01-02 14:50:00+00:00,0,normal,27.0544,7.5017,5.9442,10.0733,17.7714
2026-01-02 15:00:00+00:00,0,normal,26.9477,7.4619,6.0219,10.3415,17.7656
2026-01-02 15:10:00+00:00,0,normal,26.8791,7.4429,6.0591,10.2151,17.7393
2026-01-02 15:20:00+00:00,0,normal,26.7454,7.4332,6.1391,10.2059,17.7399
2026-01-02 15:30:00+00:00,0,normal,26.7,7.4201,6.1852,10.1323,17.7349
2026-01-02 15:40:00+00:00,0,normal,26.6389,7.4059,6.2588,10.2031,17.7022
2026-01-02 15:50:00+00:00,0,normal,26.6595,7.4058,6.2145,9.7237,17.704
2026-01-02 16:00:00+00:00,0,normal,26.5485,7.3958,6.3012,9.9143,17.6957
2026-01-02 16:10:00+00:00,0,normal,26.4802,7.3765,6.3913,10.0373,17.6912
2026-01-02 16:20:00+00:00,0,normal,26.5222,7.3788,6.4029,9.9581,17.6998
2026-01-02 16:30:00+00:00,0,normal,26.4537,7.3916,6.4594,9.8527,17.7188
2026-01-02 16:40:00+00:00,0,normal,26.3642,7.3999,6.5237,10.082,17.6985
2026-01-02 16:50:00+00:00,0,normal,26.4404,7.4188,6.4259,9.8551,17.7141
2026-01-02 17:00:00+00:00,0,normal,26.545,7.4065,6.3784,9.6699,17.7226
2026-01-02 17:10:00+00:00,0,normal,26.3739,7.3857,6.4445,9.8821,17.6963
2026-01-02 17:20:00+00:00,0,normal,26.3552,7.3763,6.4468,9.8682,17.6746
2026-01-02 17:30:00+00:00,0,normal,26.356,7.356,6.3717,9.9148,17.6922
2026-01-02 17:40:00+00:00,0,normal,26.3019,7.3383,6.4872,10.1516,17.6926
2026-01-02 17:50:00+00:00,0,normal,26.1124,7.341,6.5538,10.3811,17.6813
2026-01-02 18:00:00+00:00,0,normal,26.0974,7.3583,6.5862,10.1403,17.6731
2026-01-02 18:10:00+00:00,0,normal,26.0914,7.3575,6.6561,10.2878,17.6979
2026-01-02 18:20:00+00:00,0,normal,26.0486,7.3659,6.7783,10.5069,17.6949
2026-01-02 18:30:00+00:00,0,normal,25.928,7.3456,6.8401,10.4831,17.7051
2026-01-02 18:40:00+00:00,0,normal,25.9152,7.3399,6.8899,10.3963,17.6977
2026-01-02 18:50:00+00:00,0,normal,25.8324,7.3169,6.9364,10.4213,17.7141
2026-01-02 19:00:00+00:00,0,normal,25.7553,7.2885,6.934,10.2643,17.6883
2026-01-02 19:10:00+00:00,0,normal,25.6911,7.2879,6.968,10.1293,17.6867
2026-01-02 19:20:00+00:00,0,normal,25.6756,7.2968,6.9447,10.2485,17.675
2026-01-02 19:30:00+00:00,0,normal,25.6249,7.2918,7.0302,10.2785,17.6806
2026-01-02 19:40:00+00:00,0,normal,25.6576,7.3081,7.0242,10.3881,17.6893
2026-01-02 19:50:00+00:00,0,normal,25.6707,7.3172,7.0529,10.6193,17.7013
2026-01-02 20:00:00+00:00,0,normal,25.6559,7.2876,7.1,10.5804,17.6904
2026-01-02 20:10:00+00:00,0,normal,25.6323,7.2902,7.1817,10.6328,17.6802
2026-01-02 20:20:00+00:00,0,normal,25.6282,7.2834,7.1141,10.7213,17.6865
2026-01-02 20:30:00+00:00,0,normal,25.5874,7.27,7.1312,10.9429,17.686
2026-01-02 20:40:00+00:00,0,normal,25.5033,7.276,7.1687,10.8948,17.6962
2026-01-02 20:50:00+00:00,0,normal,25.4896,7.2983,7.2122,11.0429,17.7009
2026-01-02 21:00:00+00:00,0,normal,25.4562,7.2986,7.29,10.8577,17.708
2026-01-02 21:10:00+00:00,0,normal,25.5146,7.3221,7.3124,10.8849,17.6957
2026-01-02 21:20:00+00:00,0,normal,25.5585,7.3352,7.2754,10.8259,17.6986
2026-01-02 21:30:00+00:00,0,normal,25.588,7.3322,7.2138,10.8953,17.6925
2026-01-02 21:40:00+00:00,0,normal,25.541,7.334,7.1709,10.8991,17.6948
2026-01-02 21:50:00+00:00,0,normal,25.4988,7.316,7.0852,10.7481,17.6855
2026-01-02 22:00:00+00:00,0,normal,25.4629,7.3286,7.0004,10.8127,17.6981
2026-01-02 22:10:00+00:00,0,normal,25.4148,7.3146,7.0261,10.7184,17.6861
2026-01-02 22:20:00+00:00,0,normal,25.4196,7.3251,7.0885,10.5945,17.71
2026-01-02 22:30:00+00:00,0,normal,25.388,7.3156,7.1371,10.6109,17.7063
2026-01-02 22:40:00+00:00,0,normal,25.4676,7.3334,7.1191,11.0159,17.7214
2026-01-02 22:50:00+00:00,0,normal,25.4496,7.3258,7.1698,10.9856,17.7086
2026-01-02 23:00:00+00:00,0,normal,25.411,7.3392,7.2436,11.2983,17.7082
2026-01-02 23:10:00+00:00,0,normal,25.3899,7.3592,7.2469,11.2609,17.6907
2026-01-02 23:20:00+00:00,0,normal,25.4776,7.3855,7.2032,11.3689,17.6965
2026-01-02 23:30:00+00:00,0,normal,25.4639,7.3953,7.1462,11.2521,17.6829
2026-01-02 23:40:00+00:00,0,normal,25.457,7.4021,7.1838,11.3228,17.685
2026-01-02 23:50:00+00:00,0,normal,25.5154,7.4293,7.1347,11.2797,17.6902
2026-01-03 00:00:00+00:00,0,normal,25.5477,7.4375,7.0995,11.3516,18.2457
2026-01-03 00:10:00+00:00,0,normal,25.5702,7.4353,7.0921,11.3775,18.2438
2026-01-03 00:20:00+00:00,0,normal,25.6498,7.4464,7.1435,11.3274,18.2505
2026-01-03 00:30:00+00:00,0,normal,25.5985,7.4585,7.1829,11.2535,18.2452
2026-01-03 00:40:00+00:00,0,normal,25.6262,7.4614,7.1715,10.9745,18.2505
2026-01-03 00:50:00+00:00,0,normal,25.676,7.4556,7.1164,11.2373,18.256
2026-01-03 01:00:00+00:00,0,normal,25.7174,7.4842,7.0454,11.2401,18.2664
2026-01-03 01:10:00+00:00,0,normal,25.6891,7.4904,7.0445,11.2274,18.2708
2026-01-03 01:20:00+00:00,0,normal,25.7579,7.5109,7.0218,11.3743,18.2787
2026-01-03 01:30:00+00:00,0,normal,25.8196,7.5251,6.9809,11.5496,18.2727
2026-01-03 01:40:00+00:00,0,normal,25.9183,7.5389,6.9578,11.351,18.2678
2026-01-03 01:50:00+00:00,0,normal,25.8968,7.5359,6.9871,11.3454,18.2602
2026-01-03 02:00:00+00:00,0,normal,25.987,7.5531,6.9272,11.3421,18.2524
2026-01-03 02:10:00+00:00,0,normal,26.0854,7.5572,6.8618,11.0531,18.2437
2026-01-03 02:20:00+00:00,0,normal,26.1196,7.5618,6.8327,11.0789,18.2426
2026-01-03 02:30:00+00:00,0,normal,26.0688,7.5684,6.924,11.1352,18.2396
2026-01-03 02:40:00+00:00,0,normal,26.1624,7.5746,6.8502,10.973,18.2434
2026-01-03 02:50:00+00:00,0,normal,26.2294,7.5969,6.9038,10.9519,18.248
2026-01-03 03:00:00+00:00,0,normal,26.3143,7.6112,6.8,11.0287,18.2615
2026-01-03 03:10:00+00:00,0,normal,26.4317,7.6287,6.7315,10.9665,18.268
2026-01-03 03:20:00+00:00,0,normal,26.5655,7.6568,6.5352,10.8681,18.285
2026-01-03 03:30:00+00:00,0,normal,26.6473,7.6763,6.5234,11.0437,18.281
2026-01-03 03:40:00+00:00,0,normal,26.7177,7.6848,6.4056,11.2018,18.2709
2026-01-03 03:50:00+00:00,0,normal,26.7674,7.7156,6.4101,11.3222,18.2671
2026-01-03 04:00:00+00:00,0,normal,26.7898,7.7341,6.4045,11.4207,18.2822
2026-01-03 04:10:00+00:00,0,normal,26.7919,7.7367,6.414,11.5052,18.2808
2026-01-03 04:20:00+00:00,0,normal,26.8336,7.7469,6.3049,11.3684,18.2904
2026-01-03 04:30:00+00:00,0,normal,26.8008,7.7248,6.2941,11.3035,18.3101
2026-01-03 04:40:00+00:00,0,normal,26.8755,7.722,6.245,11.5486,18.3221
2026-01-03 04:50:00+00:00,0,normal,26.8578,7.724,6.1918,11.5578,18.3029
2026-01-03 05:00:00+00:00,0,normal,26.9508,7.7324,6.1347,11.5317,18.2968
2026-01-03 05:10:00+00:00,0,normal,26.9953,7.7322,6.178,11.6534,18.2954
2026-01-03 05:20:00+00:00,0,normal,27.1156,7.759,6.0617,11.7467,18.2955
2026-01-03 05:30:00+00:00,0,normal,27.1594,7.7606,6.0378,11.5722,18.2823
2026-01-03 05:40:00+00:00,0,normal,27.319,7.7654,6.003,11.4561,18.28
2026-01-03 05:50:00+00:00,0,normal,27.3678,7.7832,6.045,11.4354,18.2648
2026-01-03 06:00:00+00:00,0,normal,27.3678,7.8008,6.0624,11.2078,18.2637
2026-01-03 06:10:00+00:00,0,normal,27.3719,7.8237,6.0774,11.1213,18.2569
2026-01-03 06:20:00+00:00,0,normal,27.3501,7.8251,6.0695,11.0128,18.2637
2026-01-03 06:30:00+00:00,0,normal,27.3121,7.8342,6.0221,10.9872,18.2695
2026-01-03 06:40:00+00:00,0,normal,27.385,7.8151,5.894,11.0847,18.2601
2026-01-03 06:50:00+00:00,0,normal,27.508,7.8113,5.8069,11.3731,18.2565
2026-01-03 07:00:00+00:00,0,normal,27.5271,7.8018,5.7698,11.3782,18.2461
2026-01-03 07:10:00+00:00,0,normal,27.5731,7.8117,5.7392,11.4168,18.2357
2026-01-03 07:20:00+00:00,0,normal,27.6316,7.8247,5.6817,11.4451,18.2199
2026-01-03 07:30:00+00:00,0,normal,27.5703,7.8393,5.7564,11.4833,18.2302
2026-01-03 07:40:00+00:00,0,normal,27.5583,7.8441,5.7119,11.3214,18.2183
2026-01-03 07:50:00+00:00,0,normal,27.6278,7.8328,5.713,11.2819,18.2072
2026-01-03 08:00:00+00:00,0,normal,27.7372,7.8353,5.6175,11.3023,18.1916
2026-01-03 08:10:00+00:00,0,normal,27.7872,7.8145,5.5904,11.1265,18.1936
2026-01-03 08:20:00+00:00,0,normal,27.7757,7.8403,5.5842,11.023,18.1963
2026-01-03 08:30:00+00:00,0,normal,27.8359,7.8399,5.5372,10.8624,18.1994
2026-01-03 08:40:00+00:00,0,normal,27.8503,7.8745,5.4364,10.8623,18.2168
2026-01-03 08:50:00+00:00,0,normal,27.8443,7.8702,5.4198,10.7298,18.227
2026-01-03 09:00:00+00:00,0,normal,27.8991,7.8652,5.4381,10.9291,18.2213
2026-01-03 09:10:00+00:00,0,normal,27.9236,7.8381,5.4011,10.8461,18.2085
2026-01-03 09:20:00+00:00,0,normal,27.9053,7.8466,5.3982,10.793,18.2048
2026-01-03 09:30:00+00:00,0,normal,27.9357,7.8226,5.4077,10.694,18.2056
2026-01-03 09:40:00+00:00,0,normal,27.8731,7.8154,5.4855,10.9937,18.1986
2026-01-03 09:50:00+00:00,0,normal,27.875,7.8268,5.4941,10.6548,18.1945
2026-01-03 10:00:00+00:00,0,normal,27.9671,7.829,5.4206,10.6659,18.1909
2026-01-03 10:10:00+00:00,0,normal,28.0211,7.8187,5.4339,10.6568,18.1763
2026-01-03 10:20:00+00:00,0,normal,27.9791,7.8018,5.498,10.8162,18.1515
2026-01-03 10:30:00+00:00,0,normal,28.0628,7.7911,5.5042,10.6394,18.1494
2026-01-03 10:40:00+00:00,0,normal,28.0431,7.7775,5.432,10.8861,18.1396
2026-01-03 10:50:00+00:00,0,normal,28.031,7.7475,5.4169,10.9451,18.1406
2026-01-03 11:00:00+00:00,0,normal,27.9993,7.7401,5.3968,11.0597,18.151
2026-01-03 11:10:00+00:00,0,normal,28.0176,7.743,5.3867,10.8858,18.1484
2026-01-03 11:20:00+00:00,0,normal,27.9429,7.7204,5.3446,10.7072,18.1591
2026-01-03 11:30:00+00:00,0,normal,27.8826,7.7046,5.4205,10.6245,18.1599
2026-01-03 11:40:00+00:00,0,normal,27.8499,7.7087,5.4626,10.4503,18.1417
2026-01-03 11:50:00+00:00,0,normal,27.8342,7.7152,5.4885,10.4028,18.1292
2026-01-03 12:00:00+00:00,0,normal,27.8373,7.7094,5.4671,10.1727,18.1181
2026-01-03 12:10:00+00:00,0,normal,27.8049,7.7199,5.5267,10.331,18.1033
2026-01-03 12:20:00+00:00,0,normal,27.7783,7.7114,5.5021,10.5646,18.1012
2026-01-03 12:30:00+00:00,0,normal,27.8077,7.6896,5.4849,10.5485,18.0985
2026-01-03 12:40:00+00:00,0,normal,27.7358,7.6654,5.4846,10.6575,18.0823
2026-01-03 12:50:00+00:00,0,normal,27.6369,7.6432,5.54,10.8325,18.0775
2026-01-03 13:00:00+00:00,0,normal,27.6472,7.6218,5.5028,10.6352,18.0758
2026-01-03 13:10:00+00:00,0,normal,27.6452,7.6038,5.5762,10.3621,18.0663
2026-01-03 13:20:00+00:00,0,normal,27.5537,7.6072,5.6308,10.4028,18.0675
2026-01-03 13:30:00+00:00,0,normal,27.588,7.6028,5.648,10.1788,18.0668
2026-01-03 13:40:00+00:00,0,normal,27.6067,7.6085,5.6332,10.2455,18.0677
2026-01-03 13:50:00+00:00,0,normal,27.5865,7.6152,5.7133,10.2409,18.0563
2026-01-03 14:00:00+00:00,0,normal,27.5314,7.6279,5.6641,10.1519,18.0579
2026-01-03 14:10:00+00:00,0,normal,27.5689,7.6012,5.6373,10.1282,18.0515
2026-01-03 14:20:00+00:00,0,normal,27.4665,7.5663,5.7106,10.1201,18.0451
2026-01-03 14:30:00+00:00,0,normal,27.3153,7.5248,5.7789,10.0073,18.0325
2026-01-03 14:40:00+00:00,0,normal,27.2934,7.5059,5.7612,10.0492,18.0195
2026-01-03 14:50:00+00:00,0,normal,27.2068,7.4706,5.8616,10.0116,18.0076
2026-01-03 15:00:00+00:00,0,normal,27.0758,7.4691,5.9625,10.167,18.002
2026-01-03 15:10:00+00:00,0,normal,27.0785,7.4692,5.9766,10.3265,17.9838
2026-01-03 15:20:00+00:00,0,normal,27.0405,7.4784,6.0243,10.288,17.9949
2026-01-03 15:30:00+00:00,0,normal,26.8847,7.4431,6.0523,10.2876,17.9991
2026-01-03 15:40:00+00:00,0,normal,26.7902,7.4251,6.1169,10.5018,17.9927
2026-01-03 15:50:00+00:00,0,normal,26.7039,7.4171,6.1058,10.3621,17.9804
2026-01-03 16:00:00+00:00,0,normal,26.6186,7.4178,6.1339,10.4784,17.9862
2026-01-03 16:10:00+00:00,0,normal,26.6411,7.4077,6.1568,10.5214,17.9651
2026-01-03 16:20:00+00:00,0,normal,26.6419,7.4068,6.2502,10.6553,17.9557
2026-01-03 16:30:00+00:00,0,normal,26.5947,7.3894,6.3561,10.4406,17.956
2026-01-03 16:40:00+00:00,0,normal,26.4862,7.3859,6.4634,10.2909,17.9694
2026-01-03 16:50:00+00:00,0,normal,26.4187,7.3587,6.503,10.2735,17.9768
2026-01-03 17:00:00+00:00,0,normal,26.3297,7.3381,6.5598,10.2574,17.997
2026-01-03 17:10:00+00:00,0,normal,26.2836,7.3217,6.6177,10.0044,17.9983
2026-01-03 17:20:00+00:00,0,normal,26.3076,7.3239,6.5953,10.1531,17.9892
2026-01-03 17:30:00+00:00,0,normal,26.3443,7.3035,6.5738,10.4302,17.9941
2026-01-03 17:40:00+00:00,0,normal,26.3191,7.302,6.6233,10.1701,17.9847
2026-01-03 17:50:00+00:00,0,normal,26.2945,7.296,6.6597,10.2231,17.9574
2026-01-03 18:00:00+00:00,0,normal,26.2483,7.3068,6.6651,10.1585,17.9564
2026-01-03 18:10:00+00:00,0,normal,26.15,7.3091,6.6946,10.1242,17.9485
2026-01-03 18:20:00+00:00,0,normal,26.092,7.3317,6.7542,10.1077,17.9304
2026-01-03 18:30:00+00:00,0,normal,26.0265,7.3125,6.8215,10.1191,17.9274
2026-01-03 18:40:00+00:00,0,normal,26.0038,7.3213,6.8482,9.9984,17.9447
2026-01-03 18:50:00+00:00,0,normal,25.9281,7.3155,6.8373,10.1324,17.95
2026-01-03 19:00:00+00:00,0,normal,25.9312,7.3071,6.8727,10.1331,17.9604
2026-01-03 19:10:00+00:00,0,normal,25.8887,7.2847,6.9513,10.1245,17.9566
2026-01-03 19:20:00+00:00,0,normal,25.8396,7.3038,6.9441,10.2702,17.9669
2026-01-03 19:30:00+00:00,0,normal,25.804,7.3011,6.9726,10.4915,17.9547
2026-01-03 19:40:00+00:00,0,normal,25.7122,7.3076,7.0825,10.599,17.9462
2026-01-03 19:50:00+00:00,0,normal,25.6144,7.2929,7.1236,10.6175,17.9536
2026-01-03 20:00:00+00:00,0,normal,25.5403,7.2818,7.1875,10.4682,17.9498
2026-01-03 20:10:00+00:00,0,normal,25.4321,7.2841,7.2712,10.4947,17.9402
2026-01-03 20:20:00+00:00,0,normal,25.3515,7.2892,7.2995,10.6278,17.948
2026-01-03 20:30:00+00:00,0,normal,25.4259,7.2876,7.1644,10.5429,17.9596
2026-01-03 20:40:00+00:00,0,normal,25.4402,7.3216,7.1755,10.5212,17.9441
2026-01-03 20:50:00+00:00,0,normal,25.4808,7.317,7.1477,10.5042,17.9503
2026-01-03 21:00:00+00:00,0,normal,25.5863,7.3195,7.1509,10.571,17.9656
2026-01-03 21:10:00+00:00,0,normal,25.6431,7.3275,7.0918,10.4148,17.9741
2026-01-03 21:20:00+00:00,0,normal,25.6005,7.3188,7.2336,10.6027,17.9604
2026-01-03 21:30:00+00:00,0,normal,25.6486,7.3383,7.2148,10.6825,17.9714
2026-01-03 21:40:00+00:00,0,normal,25.6363,7.3617,7.1728,10.8992,17.9778
2026-01-03 21:50:00+00:00,0,normal,25.5608,7.3363,7.2032,10.8,17.9709
2026-01-03 22:00:00+00:00,0,normal,25.4878,7.3321,7.2861,10.6587,17.9757
2026-01-03 22:10:00+00:00,0,normal,25.4356,7.3349,7.229,10.7231,17.9895
2026-01-03 22:20:00+00:00,0,normal,25.3559,7.324,7.2552,10.799,17.9789
2026-01-03 22:30:00+00:00,0,normal,25.343,7.3331,7.2601,10.7207,17.9617
2026-01-03 22:40:00+00:00,0,normal,25.4078,7.3576,7.145,10.8071,17.9538
2026-01-03 22:50:00+00:00,0,normal,25.4992,7.3794,7.1013,10.8418,17.9261
2026-01-03 23:00:00+00:00,0,normal,25.5132,7.4025,7.1479,10.8111,17.9292
2026-01-03 23:10:00+00:00,0,normal,25.572,7.3952,7.1472,10.7728,17.9297
2026-01-03 23:20:00+00:00,0,normal,25.5625,7.3963,7.1815,10.8126,17.9428
2026-01-03 23:30:00+00:00,0,normal,25.568,7.4148,7.2564,10.9296,17.9414
2026-01-03 23:40:00+00:00,0,normal,25.5208,7.404,7.2808,11.1812,17.9454
2026-01-03 23:50:00+00:00,0,normal,25.5264,7.4014,7.3106,11.1362,17.9458
2026-01-04 00:00:00+00:00,0,normal,25.5696,7.4201,7.2144,11.212,17.9556
2026-01-04 00:10:00+00:00,0,normal,25.6113,7.4229,7.1921,10.9683,17.9771
2026-01-04 00:20:00+00:00,0,normal,25.6031,7.4068,7.1621,10.7728,17.9991
2026-01-04 00:30:00+00:00,0,normal,25.5995,7.4213,7.1635,10.7402,18.0149
2026-01-04 00:40:00+00:00,0,normal,25.6739,7.4194,7.0993,10.6946,17.987
2026-01-04 00:50:00+00:00,0,normal,25.6899,7.4203,7.0945,10.5783,17.9906
2026-01-04 01:00:00+00:00,0,normal,25.7406,7.426,7.0473,10.9305,17.9955
2026-01-04 01:10:00+00:00,0,normal,25.8092,7.4442,7.0657,11.1816,17.9882
2026-01-04 01:20:00+00:00,0,normal,25.9001,7.46,6.9409,11.1001,17.9881
2026-01-04 01:30:00+00:00,0,normal,26.012,7.4911,6.8956,11.2958,18.0028
2026-01-04 01:40:00+00:00,0,normal,26.0267,7.5081,6.9393,11.5361,18.0151
2026-01-04 01:50:00+00:00,0,normal,26.0243,7.5216,6.9603,11.3896,17.9991
2026-01-04 02:00:00+00:00,0,normal,26.0961,7.5437,6.9277,11.1788,17.9989
2026-01-04 02:10:00+00:00,0,normal,26.1177,7.5538,6.9916,11.4686,18.0117
2026-01-04 02:20:00+00:00,0,normal,26.1581,7.5668,6.9519,11.2605,18.028
2026-01-04 02:30:00+00:00,0,normal,26.2331,7.5896,6.8514,11.124,18.0248
2026-01-04 02:40:00+00:00,0,normal,26.3315,7.6243,6.7889,11.4569,18.008
2026-01-04 02:50:00+00:00,0,normal,26.3564,7.6383,6.7241,11.4826,17.9974
2026-01-04 03:00:00+00:00,0,normal,26.4903,7.6339,6.6202,11.4404,17.9822
2026-01-04 03:10:00+00:00,0,normal,26.5773,7.6407,6.5313,11.4571,17.9726
2026-01-04 03:20:00+00:00,0,normal,26.619,7.6432,6.4754,11.5445,17.9826
2026-01-04 03:30:00+00:00,0,normal,26.6831,7.6391,6.4256,11.4519,18.0156
2026-01-04 03:40:00+00:00,0,normal,26.7633,7.6442,6.3059,11.4663,18.0281
2026-01-04 03:50:00+00:00,0,normal,26.7169,7.6672,6.2981,11.3305,18.0387
2026-01-04 04:00:00+00:00,0,normal,26.7087,7.7032,6.2338,11.5259,18.0253
2026-01-04 04:10:00+00:00,0,normal,26.7599,7.7098,6.2611,11.4116,18.0078
2026-01-04 04:20:00+00:00,0,normal,26.8201,7.727,6.25,11.5375,17.9839
2026-01-04 04:30:00+00:00,0,normal,26.806,7.731,6.2918,11.7011,17.9742
2026-01-04 04:40:00+00:00,0,normal,26.8336,7.7496,6.3381,11.6477,17.9738
2026-01-04 04:50:00+00:00,0,normal,26.8011,7.7404,6.4592,11.5359,17.9826
2026-01-04 05:00:00+00:00,0,normal,26.8156,7.7588,6.4264,11.8402,17.9684
2026-01-04 05:10:00+00:00,0,normal,26.841,7.7781,6.3594,11.5486,17.9799
2026-01-04 05:20:00+00:00,0,normal,26.9131,7.795,6.2977,11.3753,17.9952
2026-01-04 05:30:00+00:00,0,normal,27.092,7.7951,6.16,11.5325,17.9912
2026-01-04 05:40:00+00:00,0,normal,27.2576,7.8156,6.0215,11.3952,17.9922
2026-01-04 05:50:00+00:00,0,normal,27.3134,7.8211,5.9833,11.1661,17.9995
2026-01-04 06:00:00+00:00,0,normal,27.3917,7.7968,5.9563,11.2034,17.9825
2026-01-04 06:10:00+00:00,0,normal,27.4358,7.8104,5.9255,11.166,17.9794
2026-01-04 06:20:00+00:00,0,normal,27.4028,7.8094,5.9436,10.8548,17.9679
2026-01-04 06:30:00+00:00,0,normal,27.4154,7.8055,5.921,11.0027,17.9852
2026-01-04 06:40:00+00:00,0,normal,27.5167,7.8109,5.8438,11.0725,17.9994
2026-01-04 06:50:00+00:00,0,normal,27.5349,7.8181,5.7707,10.9731,18.0074
2026-01-04 07:00:00+00:00,0,normal,27.6293,7.8226,5.7127,10.9046,18.0195
2026-01-04 07:10:00+00:00,0,normal,27.6383,7.8313,5.7297,11.198,18.0348
2026-01-04 07:20:00+00:00,0,normal,27.67,7.8288,5.681,11.2309,18.0098
2026-01-04 07:30:00+00:00,0,normal,27.7776,7.836,5.6325,11.097,17.9889
2026-01-04 07:40:00+00:00,0,normal,27.8325,7.8677,5.6122,11.254,17.9787
2026-01-04 07:50:00+00:00,0,normal,27.8785,7.8708,5.5173,11.3907,17.9499
2026-01-04 08:00:00+00:00,0,normal,27.9537,7.8719,5.4205,11.4292,17.928
2026-01-04 08:10:00+00:00,0,normal,28.0032,7.88,5.3982,11.4234,17.918
2026-01-04 08:20:00+00:00,0,normal,27.9344,7.8898,5.4159,11.289,17.9255
2026-01-04 08:30:00+00:00,0,normal,27.9449,7.8828,5.4476,11.0935,17.9333
2026-01-04 08:40:00+00:00,0,normal,27.8877,7.8755,5.5431,10.9776,17.9469
2026-01-04 08:50:00+00:00,0,normal,27.9202,7.8778,5.5122,10.7923,17.9502
2026-01-04 09:00:00+00:00,0,normal,27.8867,7.8647,5.5095,10.663,17.9614
2026-01-04 09:10:00+00:00,0,normal,27.9285,7.8429,5.4951,10.6687,17.9382
2026-01-04 09:20:00+00:00,0,normal,27.9872,7.8529,5.4234,10.7825,17.9334
2026-01-04 09:30:00+00:00,0,normal,28.0396,7.8424,5.3214,10.9361,17.9029
2026-01-04 09:40:00+00:00,0,normal,28.0227,7.8431,5.3393,10.867,17.9003
2026-01-04 09:50:00+00:00,0,normal,28.0762,7.8371,5.3735,10.8995,17.8897
2026-01-04 10:00:00+00:00,0,normal,28.0452,7.8165,5.4079,10.8931,17.8992
2026-01-04 10:10:00+00:00,0,normal,28.0415,7.7891,5.4812,10.7468,17.8732
2026-01-04 10:20:00+00:00,0,normal,27.9618,7.7807,5.6032,10.5599,17.8704
2026-01-04 10:30:00+00:00,0,normal,27.957,7.7687,5.5927,10.6087,17.854
2026-01-04 10:40:00+00:00,0,normal,27.8635,7.7591,5.6322,10.59,17.8439
2026-01-04 10:50:00+00:00,0,normal,27.813,7.7535,5.5782,10.6365,17.8515
2026-01-04 11:00:00+00:00,0,normal,27.8183,7.7613,5.452,10.63,17.8564
2026-01-04 11:10:00+00:00,0,normal,27.904,7.7726,5.3724,10.4433,17.8518
2026-01-04 11:20:00+00:00,0,normal,27.8754,7.7723,5.4105,10.5356,17.8609
2026-01-04 11:30:00+00:00,0,normal,27.876,7.7654,5.3553,10.2555,17.8639
2026-01-04 11:40:00+00:00,0,normal,27.8038,7.7623,5.4335,10.3159,17.8661
2026-01-04 11:50:00+00:00,0,normal,27.7136,7.7423,5.5493,10.339,17.873
2026-01-04 12:00:00+00:00,0,normal,27.7449,7.7201,5.561,10.5049,17.8558
2026-01-04 12:10:00+00:00,0,normal,27.7606,7.6989,5.4757,10.3065,17.8518
2026-01-04 12:20:00+00:00,0,normal,27.7667,7.6864,5.5093,10.4428,17.8496
2026-01-04 12:30:00+00:00,0,normal,27.8603,7.6691,5.4428,10.4485,17.8409
2026-01-04 12:40:00+00:00,0,normal,27.7918,7.6512,5.516,10.2808,17.8246
2026-01-04 12:50:00+00:00,0,normal,27.6602,7.6364,5.6112,10.3276,17.8471
2026-01-04 13:00:00+00:00,0,normal,27.6125,7.6212,5.6684,10.2363,17.8313
2026-01-04 13:10:00+00:00,0,normal,27.5922,7.6155,5.7306,10.2452,17.8225
2026-01-04 13:20:00+00:00,0,normal,27.5648,7.6292,5.7755,10.1132,17.7929
2026-01-04 13:30:00+00:00,0,normal,27.5927,7.6122,5.663,10.224,17.7771
2026-01-04 13:40:00+00:00,0,normal,27.5853,7.6031,5.6365,10.2286,17.77
2026-01-04 13:50:00+00:00,0,normal,27.5132,7.5853,5.7437,10.2854,17.7682
2026-01-04 14:00:00+00:00,0,normal,27.5035,7.5645,5.6754,10.4221,17.7491
2026-01-04 14:10:00+00:00,0,normal,27.4873,7.5374,5.68,10.5689,17.761
2026-01-04 14:20:00+00:00,0,normal,27.3923,7.5291,5.7445,10.61,17.7439
2026-01-04 14:30:00+00:00,0,normal,27.2876,7.5228,5.768,10.6197,17.7241
2026-01-04 14:40:00+00:00,0,normal,27.3107,7.5245,5.69,10.8371,17.7045
2026-01-04 14:50:00+00:00,0,normal,27.2207,7.5088,5.7304,10.5708,17.7223
2026-01-04 15:00:00+00:00,0,normal,27.1611,7.5139,5.7527,10.5669,17.7066
2026-01-04 15:10:00+00:00,0,normal,27.1278,7.5137,5.8799,10.6967,17.7276
2026-01-04 15:20:00+00:00,0,normal,27.1592,7.4932,5.9158,10.664,17.7334
2026-01-04 15:30:00+00:00,0,normal,27.0624,7.4881,6.0256,10.6465,17.7515
2026-01-04 15:40:00+00:00,0,normal,27.0247,7.4904,6.1307,10.9939,17.743
2026-01-04 15:50:00+00:00,0,normal,26.9763,7.4669,6.1512,10.8364,17.7503
2026-01-04 16:00:00+00:00,0,normal,26.9247,7.4512,6.1068,10.6367,17.7435
2026-01-04 16:10:00+00:00,0,normal,26.7839,7.4446,6.2116,10.6473,17.7448
2026-01-04 16:20:00+00:00,0,normal,26.7084,7.4274,6.2153,10.3702,17.7282
2026-01-04 16:30:00+00:00,0,normal,26.6608,7.4168,6.2392,10.4754,17.715
2026-01-04 16:40:00+00:00,0,normal,26.4937,7.4001,6.4199,10.6023,17.6908
2026-01-04 16:50:00+00:00,0,normal,26.4756,7.3714,6.423,10.6402,17.7052
2026-01-04 17:00:00+00:00,0,normal,26.4364,7.3683,6.4199,10.4319,17.6857
2026-01-04 17:10:00+00:00,0,normal,26.4407,7.3545,6.4467,10.5344,17.7016
2026-01-04 17:20:00+00:00,0,normal,26.2856,7.3467,6.4937,10.1129,17.7075
2026-01-04 17:30:00+00:00,0,normal,26.2618,7.3479,6.4463,10.1179,17.7206
2026-01-04 17:40:00+00:00,0,normal,26.127,7.3515,6.5539,9.8467,17.7066
2026-01-04 17:50:00+00:00,0,normal,26.0664,7.3487,6.6073,10.1641,17.7038
2026-01-04 18:00:00+00:00,0,normal,25.9848,7.3459,6.671,10.1008,17.7035
2026-01-04 18:10:00+00:00,0,normal,26.0163,7.3384,6.7182,10.0571,17.6936
2026-01-04 18:20:00+00:00,0,normal,25.9885,7.3282,6.7638,9.9846,17.6993
2026-01-04 18:30:00+00:00,0,normal,25.9977,7.3442,6.8251,10.2754,17.6895
2026-01-04 18:40:00+00:00,0,normal,25.9904,7.3259,6.8238,10.1307,17.6849
2026-01-04 18:50:00+00:00,0,normal,25.9022,7.3148,6.8342,10.3445,17.687
2026-01-04 19:00:00+00:00,0,normal,25.8926,7.3002,6.8116,10.5887,17.6838
2026-01-04 19:10:00+00:00,0,normal,25.8857,7.3065,6.8433,10.695,17.6779
2026-01-04 19:20:00+00:00,0,normal,25.8671,7.2845,6.8562,10.6834,17.6547
2026-01-04 19:30:00+00:00,0,normal,25.8433,7.2852,6.945,10.7558,17.6663
2026-01-04 19:40:00+00:00,0,normal,25.8556,7.2842,6.999,10.4791,17.6534
2026-01-04 19:50:00+00:00,0,normal,25.8706,7.2972,7.0374,10.4853,17.6598
2026-01-04 20:00:00+00:00,0,normal,25.8127,7.2775,7.104,10.3345,17.6545
2026-01-04 20:10:00+00:00,0,normal,25.7589,7.2613,7.0869,10.5278,17.6798
2026-01-04 20:20:00+00:00,0,normal,25.685,7.2677,7.0776,10.5104,17.6883
2026-01-04 20:30:00+00:00,0,normal,25.6124,7.2519,7.2001,10.749,17.6713
2026-01-04 20:40:00+00:00,0,normal,25.4717,7.2546,7.2772,10.7716,17.6682
2026-01-04 20:50:00+00:00,0,normal,25.4224,7.2805,7.2811,11.0762,17.6824
2026-01-04 21:00:00+00:00,0,normal,25.4128,7.3021,7.3472,10.7823,17.6714
2026-01-04 21:10:00+00:00,0,normal,25.436,7.3146,7.308,10.7846,17.6633
2026-01-04 21:20:00+00:00,0,normal,25.4614,7.3389,7.194,10.6295,17.6657
2026-01-04 21:30:00+00:00,0,normal,25.4673,7.3505,7.1379,10.3988,17.6713
2026-01-04 21:40:00+00:00,0,normal,25.5227,7.34,7.1152,10.1112,17.6596
2026-01-04 21:50:00+00:00,0,normal,25.5452,7.3266,7.0697,10.4356,17.6655
2026-01-04 22:00:00+00:00,0,normal,25.5232,7.3187,7.1302,10.4688,17.6677
2026-01-04 22:10:00+00:00,0,normal,25.496,7.3389,7.1575,10.5742,17.6794
2026-01-04 22:20:00+00:00,0,normal,25.5437,7.338,7.1193,10.9088,17.6724
2026-01-04 22:30:00+00:00,0,normal,25.521,7.3429,7.1474,11.0581,17.6697
2026-01-04 22:40:00+00:00,0,normal,25.4474,7.3704,7.1387,11.0205,17.6737
2026-01-04 22:50:00+00:00,0,normal,25.4583,7.3875,7.1088,11.0829,17.6543
2026-01-04 23:00:00+00:00,0,normal,25.5012,7.381,7.0578,11.1902,17.6635
2026-01-04 23:10:00+00:00,0,normal,25.4613,7.4055,7.1002,11.0789,17.6812
2026-01-04 23:20:00+00:00,0,normal,25.4759,7.4141,7.0711,11.2043,17.6707
2026-01-04 23:30:00+00:00,0,normal,25.4925,7.4292,7.1583,11.026,17.689
2026-01-04 23:40:00+00:00,0,normal,25.5621,7.4392,7.0978,11.0032,17.7147
2026-01-04 23:50:00+00:00,0,normal,25.6189,7.4451,7.0935,11.086,17.698
2026-01-05 00:00:00+00:00,0,normal,25.6656,7.4287,7.0412,11.1398,18.2369
2026-01-05 00:10:00+00:00,0,normal,25.6974,7.453,6.997,10.998,18.2479
2026-01-05 00:20:00+00:00,0,normal,25.6906,7.4541,6.9586,11.4033,18.2469
2026-01-05 00:30:00+00:00,0,normal,25.6305,7.4564,7.0558,11.5885,18.2366
2026-01-05 00:40:00+00:00,0,normal,25.6066,7.4561,7.0113,11.5025,18.2672
2026-01-05 00:50:00+00:00,0,normal,25.6106,7.4754,7.077,11.4311,18.281
2026-01-05 01:00:00+00:00,0,normal,25.6586,7.4807,7.0364,11.2724,18.2778
2026-01-05 01:10:00+00:00,0,normal,25.8543,7.4982,6.8979,11.1156,18.2857
2026-01-05 01:20:00+00:00,0,normal,25.8924,7.5099,6.8502,11.115,18.3019
2026-01-05 01:30:00+00:00,0,normal,25.9132,7.5315,6.9201,11.1584,18.2828
2026-01-05 01:40:00+00:00,0,normal,26.0022,7.5344,6.8494,11.0917,18.2797
2026-01-05 01:50:00+00:00,0,normal,26.0779,7.543,6.8013,11.347,18.3003
2026-01-05 02:00:00+00:00,0,normal,26.0068,7.5453,6.8598,11.2284,18.2799
2026-01-05 02:10:00+00:00,0,normal,26.1042,7.5761,6.7793,11.1189,18.2819
2026-01-05 02:20:00+00:00,0,normal,26.2472,7.6046,6.7019,11.3003,18.2803
2026-01-05 02:30:00+00:00,0,normal,26.2276,7.6095,6.7373,11.5855,18.2825
2026-01-05 02:40:00+00:00,0,normal,26.1729,7.6365,6.8181,11.6405,18.2738
2026-01-05 02:50:00+00:00,0,normal,26.252,7.6499,6.7723,11.6973,18.2722
2026-01-05 03:00:00+00:00,0,normal,26.2755,7.6407,6.8082,11.7323,18.271
2026-01-05 03:10:00+00:00,0,normal,26.2911,7.6501,6.7362,11.4453,18.272
2026-01-05 03:20:00+00:00,0,normal,26.4118,7.6558,6.6903,11.4247,18.2664
2026-01-05 03:30:00+00:00,0,normal,26.4471,7.6455,6.5954,11.3443,18.2716
2026-01-05 03:40:00+00:00,0,normal,26.5344,7.6569,6.4773,11.262,18.2941
2026-01-05 03:50:00+00:00,0,normal,26.5862,7.6691,6.4473,11.3082,18.2845
2026-01-05 04:00:00+00:00,0,normal,26.6569,7.6756,6.4107,11.1434,18.2802
2026-01-05 04:10:00+00:00,0,normal,26.6798,7.7014,6.3325,11.0224,18.2934
2026-01-05 04:20:00+00:00,0,normal,26.775,7.7144,6.2742,11.1102,18.2894
2026-01-05 04:30:00+00:00,0,normal,26.8301,7.7389,6.3749,11.3333,18.2707
2026-01-05 04:40:00+00:00,0,normal,26.9322,7.7515,6.3278,11.2924,18.2773
2026-01-05 04:50:00+00:00,0,normal,26.9561,7.7562,6.3742,11.4598,18.281
2026-01-05 05:00:00+00:00,0,normal,26.9713,7.765,6.3516,11.509,18.2629
2026-01-05 05:10:00+00:00,0,normal,27.0663,7.7931,6.3574,11.4674,18.2849
2026-01-05 05:20:00+00:00,0,normal,27.0618,7.7903,6.2673,11.4972,18.2797
2026-01-05 05:30:00+00:00,0,normal,27.0942,7.7896,6.2152,11.5384,18.2621
2026-01-05 05:40:00+00:00,0,normal,27.0775,7.7759,6.1455,11.7052,18.2747
2026-01-05 05:50:00+00:00,0,normal,27.204,7.7723,6.1206,11.7079,18.272
2026-01-05 06:00:00+00:00,0,normal,27.2044,7.7555,6.0598,11.5471,18.2499
2026-01-05 06:10:00+00:00,0,normal,27.2431,7.7584,6.0182,11.2088,18.2626
2026-01-05 06:20:00+00:00,0,normal,27.3069,7.7644,5.9238,11.0615,18.2576
2026-01-05 06:30:00+00:00,0,normal,27.4121,7.7928,5.8807,11.0226,18.2546
2026-01-05 06:40:00+00:00,0,normal,27.4178,7.8032,5.8012,10.9457,18.2505
2026-01-05 06:50:00+00:00,0,normal,27.5415,7.8073,5.7611,11.111,18.2621
2026-01-05 07:00:00+00:00,0,normal,27.6128,7.8189,5.7108,11.1621,18.2465
2026-01-05 07:10:00+00:00,0,normal,27.6276,7.8381,5.7313,11.1078,18.2734
2026-01-05 07:20:00+00:00,0,normal,27.6663,7.8276,5.7433,11.1681,18.2758
2026-01-05 07:30:00+00:00,0,normal,27.702,7.8369,5.7296,11.2893,18.2733
2026-01-05 07:40:00+00:00,0,normal,27.7009,7.8278,5.7736,11.1737,18.2512
2026-01-05 07:50:00+00:00,0,normal,27.7298,7.8099,5.8003,11.1501,18.2521
2026-01-05 08:00:00+00:00,0,normal,27.7442,7.792,5.8258,11.3047,18.2481
2026-01-05 08:10:00+00:00,0,normal,27.8118,7.8142,5.7335,11.2255,18.2302
2026-01-05 08:20:00+00:00,0,normal,27.823,7.8038,5.6626,11.1902,18.2356
2026-01-05 08:30:00+00:00,0,normal,27.7433,7.8074,5.596,11.1826,18.232
2026-01-05 08:40:00+00:00,0,normal,27.8425,7.8233,5.4858,11.1314,18.235
2026-01-05 08:50:00+00:00,0,normal,27.9689,7.8322,5.3201,11.0028,18.222
2026-01-05 09:00:00+00:00,0,normal,27.9229,7.8092,5.2649,11.0384,18.2107
2026-01-05 09:10:00+00:00,0,normal,27.9059,7.8295,5.3511,10.8449,18.2174
2026-01-05 09:20:00+00:00,0,normal,27.9946,7.8347,5.2663,10.8463,18.2123
2026-01-05 09:30:00+00:00,0,normal,27.937,7.828,5.3355,11.123,18.2127
2026-01-05 09:40:00+00:00,0,normal,27.8468,7.8146,5.4716,11.0674,18.1918
2026-01-05 09:50:00+00:00,0,normal,27.8273,7.8193,5.5207,10.8746,18.1985
2026-01-05 10:00:00+00:00,0,normal,27.9215,7.8117,5.4524,10.8021,18.1872
2026-01-05 10:10:00+00:00,0,normal,27.9528,7.8247,5.4807,10.8414,18.1865
2026-01-05 10:20:00+00:00,0,normal,27.9082,7.8083,5.4946,10.5561,18.1819
2026-01-05 10:30:00+00:00,0,normal,27.9367,7.8166,5.3706,10.3946,18.1818
2026-01-05 10:40:00+00:00,0,normal,28.0448,7.8161,5.3395,10.2799,18.1747
2026-01-05 10:50:00+00:00,0,normal,28.0219,7.8055,5.3721,10.4278,18.1462
2026-01-05 11:00:00+00:00,0,normal,27.9802,7.7801,5.4016,10.162,18.1399
2026-01-05 11:10:00+00:00,0,normal,28.016,7.7794,5.3064,10.0678,18.1178
2026-01-05 11:20:00+00:00,0,normal,27.9977,7.7691,5.3933,10.2774,18.1182
2026-01-05 11:30:00+00:00,0,normal,27.844,7.7569,5.4279,10.3518,18.121
2026-01-05 11:40:00+00:00,0,normal,27.824,7.7528,5.4055,10.2062,18.1449
2026-01-05 11:50:00+00:00,0,normal,27.8001,7.7456,5.4391,10.3229,18.1267
2026-01-05 12:00:00+00:00,0,normal,27.8476,7.74,5.4763,10.6452,18.1396
2026-01-05 12:10:00+00:00,0,normal,27.7929,7.6978,5.5466,10.7039,18.1474
2026-01-05 12:20:00+00:00,0,normal,27.8869,7.6703,5.5726,10.6797,18.1325
2026-01-05 12:30:00+00:00,0,normal,27.8109,7.6397,5.6035,10.8504,18.1237
2026-01-05 12:40:00+00:00,0,normal,27.8138,7.6188,5.6083,10.88,18.1262
2026-01-05 12:50:00+00:00,0,normal,27.7245,7.6132,5.6584,10.4752,18.105
2026-01-05 13:00:00+00:00,0,normal,27.6634,7.6111,5.6134,10.1016,18.0825
2026-01-05 13:10:00+00:00,0,normal,27.5719,7.6069,5.6471,9.9964,18.0808
2026-01-05 13:20:00+00:00,0,normal,27.6157,7.5989,5.6274,9.7171,18.0625
2026-01-05 13:30:00+00:00,0,normal,27.5418,7.6064,5.6573,9.7182,18.0546
2026-01-05 13:40:00+00:00,0,normal,27.4267,7.5782,5.6963,9.8382,18.0481
2026-01-05 13:50:00+00:00,0,normal,27.4131,7.5839,5.6498,10.086,18.0477
2026-01-05 14:00:00+00:00,0,normal,27.3287,7.5764,5.7272,10.2216,18.0286
2026-01-05 14:10:00+00:00,0,normal,27.2258,7.574,5.7807,10.4588,18.0306
2026-01-05 14:20:00+00:00,0,normal,27.1865,7.5594,5.8074,10.3155,18.043
2026-01-05 14:30:00+00:00,0,normal,27.1368,7.5528,5.8333,10.4225,18.0531
2026-01-05 14:40:00+00:00,0,normal,27.029,7.5188,5.9319,10.2614,18.0746
2026-01-05 14:50:00+00:00,0,normal,27.0277,7.5058,5.8748,10.2829,18.0814
2026-01-05 15:00:00+00:00,0,normal,26.9692,7.4856,5.9626,10.3342,18.0862
2026-01-05 15:10:00+00:00,0,normal,26.827,7.4646,6.0743,10.5099,18.0728
2026-01-05 15:20:00+00:00,0,normal,26.8633,7.4514,6.0959,10.4285,18.0573
2026-01-05 15:30:00+00:00,0,normal,26.8773,7.4692,6.109,10.5917,18.0281
2026-01-05 15:40:00+00:00,0,normal,26.7799,7.4583,6.1465,10.3416,18.0219
2026-01-05 15:50:00+00:00,0,normal,26.6966,7.438,6.1938,10.0115,18.0017
2026-01-05 16:00:00+00:00,0,normal,26.7641,7.4269,6.1171,9.9822,17.9866
2026-01-05 16:10:00+00:00,0,normal,26.6934,7.4398,6.1274,10.1455,17.9767
2026-01-05 16:20:00+00:00,0,normal,26.7143,7.4293,6.1503,9.9487,17.9824
2026-01-05 16:30:00+00:00,0,normal,26.7001,7.4309,6.2149,10.1211,17.9851
2026-01-05 16:40:00+00:00,0,normal,26.7066,7.4235,6.1526,10.3659,17.999
2026-01-05 16:50:00+00:00,0,normal,26.616,7.4105,6.1865,10.2511,18.0022
2026-01-05 17:00:00+00:00,0,normal,26.5787,7.3791,6.265,10.0751,18.0037
2026-01-05 17:10:00+00:00,0,normal,26.4618,7.3632,6.3117,10.2842,17.9805
2026-01-05 17:20:00+00:00,0,normal,26.4386,7.3456,6.3642,10.3016,17.9799
2026-01-05 17:30:00+00:00,0,normal,26.3535,7.3413,6.4714,10.2738,17.9534
2026-01-05 17:40:00+00:00,0,normal,26.2923,7.3365,6.592,10.2425,17.9544
2026-01-05 17:50:00+00:00,0,normal,26.1949,7.3263,6.614,10.2865,17.9594
2026-01-05 18:00:00+00:00,0,normal,26.1512,7.3169,6.6771,10.1864,17.9537
2026-01-05 18:10:00+00:00,0,normal,26.1114,7.323,6.7138,10.1485,17.9493
2026-01-05 18:20:00+00:00,0,normal,26.0662,7.3083,6.7241,10.0895,17.9648
2026-01-05 18:30:00+00:00,0,normal,26.0204,7.3097,6.7617,10.2082,17.966
2026-01-05 18:40:00+00:00,0,normal,26.0041,7.3261,6.7563,10.1307,17.961
2026-01-05 18:50:00+00:00,0,normal,25.9233,7.3201,6.7728,10.1912,17.9736
2026-01-05 19:00:00+00:00,0,normal,25.8617,7.3007,6.7395,10.2051,17.9781
2026-01-05 19:10:00+00:00,0,normal,25.7569,7.3163,6.7971,10.1791,17.9686
2026-01-05 19:20:00+00:00,0,normal,25.7037,7.3009,6.7931,9.9854,17.9651
2026-01-05 19:30:00+00:00,0,normal,25.6273,7.2842,6.9205,10.2035,17.9591
2026-01-05 19:40:00+00:00,0,normal,25.5175,7.2712,7.0045,10.3033,17.9337
2026-01-05 19:50:00+00:00,0,normal,25.4153,7.2545,7.0985,10.2745,17.9306
2026-01-05 20:00:00+00:00,0,normal,25.432,7.2467,7.0758,10.4723,17.9298
2026-01-05 20:10:00+00:00,0,normal,25.4252,7.2452,7.0556,10.5946,17.922
2026-01-05 20:20:00+00:00,0,normal,25.4662,7.2491,7.0302,10.4779,17.9472
2026-01-05 20:30:00+00:00,0,normal,25.5157,7.2732,7.0503,10.3592,17.9765
2026-01-05 20:40:00+00:00,0,normal,25.4902,7.3081,7.0768,10.4394,17.9651
2026-01-05 20:50:00+00:00,0,normal,25.5003,7.3138,7.1691,10.458,17.9747
2026-01-05 21:00:00+00:00,0,normal,25.5267,7.3391,7.1736,10.5494,17.9864
2026-01-05 21:10:00+00:00,0,normal,25.4351,7.342,7.2008,10.569,17.9711
2026-01-05 21:20:00+00:00,0,normal,25.397,7.3308,7.1873,10.7325,17.9624
2026-01-05 21:30:00+00:00,0,normal,25.4425,7.3036,7.2352,10.7934,17.9713
2026-01-05 21:40:00+00:00,0,normal,25.4271,7.3216,7.2136,10.681,17.9715
2026-01-05 21:50:00+00:00,0,normal,25.4056,7.3072,7.2016,10.7756,17.9638
2026-01-05 22:00:00+00:00,0,normal,25.4355,7.3231,7.2354,10.9461,17.9447
2026-01-05 22:10:00+00:00,0,normal,25.4912,7.3402,7.2826,11.0045,17.9599
2026-01-05 22:20:00+00:00,0,normal,25.4339,7.3521,7.2554,10.876,17.9605
2026-01-05 22:30:00+00:00,0,normal,25.4438,7.3474,7.2206,10.8248,17.9609
2026-01-05 22:40:00+00:00,0,normal,25.4177,7.3816,7.3199,10.932,17.9681
2026-01-05 22:50:00+00:00,0,normal,25.3816,7.3883,7.3704,10.8149,17.9952
2026-01-05 23:00:00+00:00,0,normal,25.3095,7.3827,7.3724,10.4801,17.9822
2026-01-05 23:10:00+00:00,0,normal,25.3833,7.3965,7.2947,10.5687,17.9763
2026-01-05 23:20:00+00:00,0,normal,25.3852,7.4026,7.3462,10.6836,17.9608
2026-01-05 23:30:00+00:00,0,normal,25.3724,7.3894,7.3362,10.5618,17.9724
2026-01-05 23:40:00+00:00,0,normal,25.4313,7.3977,7.2139,10.6998,17.9649
2026-01-05 23:50:00+00:00,0,normal,25.549,7.4235,7.1714,10.8613,17.9744
2026-01-06 00:00:00+00:00,0,normal,25.4652,7.4192,7.2729,11.0658,17.9816
2026-01-06 00:10:00+00:00,0,normal,25.4491,7.4306,7.2946,11.1663,17.9904
2026-01-06 00:20:00+00:00,0,normal,25.4799,7.441,7.2292,11.0794,17.989
2026-01-06 00:30:00+00:00,0,normal,25.5651,7.444,7.2284,10.9798,18.0059
2026-01-06 00:40:00+00:00,0,normal,25.5658,7.449,7.1526,11.1555,18.0141
2026-01-06 00:50:00+00:00,0,normal,25.7086,7.4915,7.0747,11.0754,17.9963
2026-01-06 01:00:00+00:00,0,normal,25.7563,7.5081,7.0513,11.1034,18.0009
2026-01-06 01:10:00+00:00,0,normal,25.7859,7.5139,7.0187,11.1973,17.9963
2026-01-06 01:20:00+00:00,0,normal,25.7878,7.5227,6.9534,11.3097,17.994
2026-01-06 01:30:00+00:00,0,normal,25.8197,7.5277,6.9896,11.2269,17.9815
2026-01-06 01:40:00+00:00,0,normal,25.8533,7.513,6.9569,11.5173,17.989
2026-01-06 01:50:00+00:00,0,normal,25.9306,7.5167,6.9021,11.3443,17.9967
2026-01-06 02:00:00+00:00,0,normal,26.0253,7.5543,6.8685,11.7186,17.9963
2026-01-06 02:10:00+00:00,0,normal,26.0605,7.5507,6.8873,11.565,17.9806
2026-01-06 02:20:00+00:00,0,normal,26.1332,7.5676,6.8345,11.7598,17.9842
2026-01-06 02:30:00+00:00,0,normal,26.1905,7.5944,6.8041,11.5809,17.9817
2026-01-06 02:40:00+00:00,0,normal,26.1879,7.6071,6.6988,11.6352,17.9766
2026-01-06 02:50:00+00:00,0,normal,26.147,7.5889,6.8218,11.4126,17.9747
2026-01-06 03:00:00+00:00,0,normal,26.2281,7.6045,6.7772,11.47,17.9857
2026-01-06 03:10:00+00:00,0,normal,26.2943,7.6044,6.6691,11.3666,17.9867
2026-01-06 03:20:00+00:00,0,normal,26.2806,7.6249,6.6656,11.2971,18.0002
2026-01-06 03:30:00+00:00,0,normal,26.3247,7.6241,6.7029,11.3629,17.9948
2026-01-06 03:40:00+00:00,0,normal,26.4622,7.6434,6.5675,11.2526,17.9954
2026-01-06 03:50:00+00:00,0,normal,26.5131,7.6857,6.5531,11.3468,17.9805
2026-01-06 04:00:00+00:00,0,normal,26.5887,7.7031,6.5403,11.2182,17.9915
2026-01-06 04:10:00+00:00,0,normal,26.6978,7.7071,6.4106,11.1067,17.9906
2026-01-06 04:20:00+00:00,0,normal,26.8051,7.7382,6.3478,11.2492,17.9764
2026-01-06 04:30:00+00:00,0,normal,26.8231,7.7597,6.2406,11.3418,17.9639
2026-01-06 04:40:00+00:00,0,normal,26.8435,7.7365,6.2258,11.1575,17.9828
2026-01-06 04:50:00+00:00,0,normal,26.8213,7.7419,6.2046,11.1424,17.9723
2026-01-06 05:00:00+00:00,0,normal,26.819,7.7475,6.2663,10.9975,17.9716
2026-01-06 05:10:00+00:00,0,normal,26.9585,7.768,6.1516,10.9864,17.9884
2026-01-06 05:20:00+00:00,0,normal,27.1066,7.7648,6.1054,11.0078,18.0058
2026-01-06 05:30:00+00:00,0,normal,27.1981,7.782,5.984,11.0236,18.0089
2026-01-06 05:40:00+00:00,0,normal,27.226,7.7983,6.0028,11.1963,18.0117
2026-01-06 05:50:00+00:00,0,normal,27.3427,7.8113,5.8943,11.6396,18.013
2026-01-06 06:00:00+00:00,0,normal,27.3403,7.8038,5.9265,11.3592,18.006
2026-01-06 06:10:00+00:00,0,normal,27.3392,7.8066,5.9093,11.2038,17.9858
2026-01-06 06:20:00+00:00,0,normal,27.3894,7.8119,5.8902,11.139,17.9741
2026-01-06 06:30:00+00:00,0,normal,27.4903,7.8178,5.808,11.1581,17.9728
2026-01-06 06:40:00+00:00,0,normal,27.5297,7.8279,5.801,10.9146,17.9775
2026-01-06 06:50:00+00:00,0,normal,27.5716,7.8237,5.714,11.0247,17.9955
2026-01-06 07:00:00+00:00,0,normal,27.6085,7.8345,5.7254,11.1012,17.9962
2026-01-06 07:10:00+00:00,0,normal,27.5383,7.8277,5.7435,11.1948,17.9835
2026-01-06 07:20:00+00:00,0,normal,27.5557,7.844,5.7391,11.0286,17.9815
2026-01-06 07:30:00+00:00,0,normal,27.5446,7.8338,5.7266,11.051,17.9684
2026-01-06 07:40:00+00:00,0,normal,27.5093,7.8437,5.7793,11.0087,17.9627
2026-01-06 07:50:00+00:00,0,normal,27.5894,7.8477,5.6953,10.9125,17.968
2026-01-06 08:00:00+00:00,0,normal,27.7458,7.8645,5.5957,10.9363,17.9879
2026-01-06 08:10:00+00:00,0,normal,27.8196,7.8365,5.5474,10.9698,17.9787
2026-01-06 08:20:00+00:00,0,normal,27.8747,7.8167,5.4966,10.9845,17.9895
2026-01-06 08:30:00+00:00,0,normal,27.9932,7.822,5.4604,11.094,17.9508
2026-01-06 08:40:00+00:00,0,normal,27.9547,7.8179,5.4843,10.9585,17.9529
2026-01-06 08:50:00+00:00,0,normal,27.9192,7.8142,5.4733,11.108,17.9308
2026-01-06 09:00:00+00:00,0,normal,27.8481,7.8095,5.4655,11.0816,17.9072
2026-01-06 09:10:00+00:00,0,normal,27.8681,7.8179,5.4326,10.9558,17.888
2026-01-06 09:20:00+00:00,0,normal,27.8343,7.8103,5.4288,10.7688,17.8939
2026-01-06 09:30:00+00:00,0,normal,27.7972,7.8189,5.462,11.129,17.8803
2026-01-06 09:40:00+00:00,0,normal,27.7961,7.8065,5.4987,11.2099,17.8781
2026-01-06 09:50:00+00:00,0,normal,27.8382,7.8206,5.5021,11.3848,17.891
2026-01-06 10:00:00+00:00,0,normal,27.8918,7.8275,5.502,11.4106,17.8894
2026-01-06 10:10:00+00:00,0,normal,27.9227,7.8124,5.477,11.5239,17.897
2026-01-06 10:20:00+00:00,0,normal,27.9685,7.8095,5.4444,11.4451,17.9179
2026-01-06 10:30:00+00:00,0,normal,27.9754,7.8047,5.4629,11.1351,17.9123
2026-01-06 10:40:00+00:00,0,normal,27.9736,7.8029,5.4462,10.9656,17.9093
2026-01-06 10:50:00+00:00,0,normal,27.8929,7.7934,5.4645,10.9536,17.9047
2026-01-06 11:00:00+00:00,0,normal,27.8108,7.7828,5.4952,11.1034,17.8978
2026-01-06 11:10:00+00:00,0,normal,27.7916,7.7698,5.5369,11.0742,17.857
2026-01-06 11:20:00+00:00,0,normal,27.7402,7.766,5.574,11.0626,17.8556
2026-01-06 11:30:00+00:00,0,normal,27.6757,7.7425,5.6616,11.1482,17.8608
2026-01-06 11:40:00+00:00,0,normal,27.6812,7.7434,5.6862,11.1006,17.8656
2026-01-06 11:50:00+00:00,0,normal,27.7119,7.7478,5.6221,10.8077,17.8667
2026-01-06 12:00:00+00:00,0,normal,27.6285,7.7333,5.5857,10.597,17.8731
2026-01-06 12:10:00+00:00,0,normal,27.6243,7.6866,5.6001,10.6076,17.8639
2026-01-06 12:20:00+00:00,0,normal,27.6765,7.685,5.4702,10.3333,17.8629
2026-01-06 12:30:00+00:00,0,normal,27.6654,7.6647,5.5232,10.2571,17.8415
2026-01-06 12:40:00+00:00,0,normal,27.6556,7.6433,5.5391,10.1393,17.8192
2026-01-06 12:50:00+00:00,0,normal,27.6867,7.6302,5.6206,10.0618,17.8362
2026-01-06 13:00:00+00:00,0,normal,27.6243,7.6549,5.6097,10.0536,17.8194
2026-01-06 13:10:00+00:00,0,normal,27.5112,7.6419,5.7517,10.2376,17.7839
2026-01-06 13:20:00+00:00,0,normal,27.4455,7.6247,5.8179,10.3789,17.7836
2026-01-06 13:30:00+00:00,0,normal,27.3807,7.6256,5.8707,10.5695,17.7928
2026-01-06 13:40:00+00:00,0,normal,27.3826,7.6177,5.8061,10.4771,17.772
2026-01-06 13:50:00+00:00,0,normal,27.408,7.6119,5.7838,10.3428,17.784
2026-01-06 14:00:00+00:00,0,normal,27.3963,7.6001,5.7439,10.1935,17.7917
2026-01-06 14:10:00+00:00,0,normal,27.2919,7.5982,5.7155,10.1868,17.7826
2026-01-06 14:20:00+00:00,0,normal,27.2183,7.5808,5.753,10.0672,17.769
2026-01-06 14:30:00+00:00,0,normal,27.1302,7.559,5.7758,10.091,17.7613
2026-01-06 14:40:00+00:00,0,normal,27.0327,7.549,5.8478,10.3358,17.7537
2026-01-06 14:50:00+00:00,0,normal,26.9652,7.5336,5.9374,10.2685,17.7588
2026-01-06 15:00:00+00:00,0,normal,26.9667,7.5315,5.931,10.0312,17.7476
2026-01-06 15:10:00+00:00,0,normal,26.9069,7.5204,5.9839,10.1112,17.7372
2026-01-06 15:20:00+00:00,0,normal,26.8228,7.503,6.1207,10.2347,17.7397
2026-01-06 15:30:00+00:00,0,normal,26.787,7.5048,6.1118,10.0161,17.726
2026-01-06 15:40:00+00:00,0,normal,26.7386,7.4736,6.1952,10.0938,17.705
2026-01-06 15:50:00+00:00,0,normal,26.6832,7.4513,6.2416,10.1139,17.6926
2026-01-06 16:00:00+00:00,0,normal,26.6559,7.426,6.2799,10.0315,17.7127
2026-01-06 16:10:00+00:00,0,normal,26.5821,7.4374,6.3241,10.033,17.7037
2026-01-06 16:20:00+00:00,0,normal,26.4981,7.4072,6.4733,9.8651,17.7099
2026-01-06 16:30:00+00:00,0,normal,26.509,7.4126,6.4361,9.9722,17.7194
2026-01-06 16:40:00+00:00,0,normal,26.4032,7.3925,6.4988,9.9261,17.7348
2026-01-06 16:50:00+00:00,0,normal,26.2622,7.3789,6.5469,9.8832,17.7189
2026-01-06 17:00:00+00:00,0,normal,26.1817,7.3491,6.5394,10.0024,17.7129
2026-01-06 17:10:00+00:00,0,normal,26.1461,7.3363,6.5804,10.2951,17.6964
2026-01-06 17:20:00+00:00,0,normal,26.0421,7.3261,6.6158,10.2068,17.674
2026-01-06 17:30:00+00:00,0,normal,26.0269,7.3252,6.6701,10.1781,17.6899
2026-01-06 17:40:00+00:00,0,normal,26.0949,7.3338,6.6452,10.2239,17.6881
2026-01-06 17:50:00+00:00,0,normal,26.0147,7.3193,6.6781,10.1002,17.6827
2026-01-06 18:00:00+00:00,0,normal,25.9778,7.3016,6.65,10.0328,17.6823
2026-01-06 18:10:00+00:00,0,normal,25.984,7.3079,6.6634,10.1608,17.7058
2026-01-06 18:20:00+00:00,0,normal,25.8998,7.3029,6.6979,10.5809,17.6852
2026-01-06 18:30:00+00:00,0,normal,25.7959,7.298,6.7458,10.7289,17.6755
2026-01-06 18:40:00+00:00,0,normal,25.8198,7.3108,6.7832,10.7084,17.6754
2026-01-06 18:50:00+00:00,0,normal,25.7295,7.3334,6.8869,10.8732,17.6841
2026-01-06 19:00:00+00:00,0,normal,25.6193,7.3325,6.934,10.699,17.6701
2026-01-06 19:10:00+00:00,0,normal,25.6706,7.3533,6.9601,10.2079,17.6752
2026-01-06 19:20:00+00:00,0,normal,25.7114,7.376,6.8904,10.0205,17.7013
2026-01-06 19:30:00+00:00,0,normal,25.6892,7.3538,6.8895,9.8367,17.6996
2026-01-06 19:40:00+00:00,0,normal,25.7545,7.3233,6.7606,9.6799,17.6938
2026-01-06 19:50:00+00:00,0,normal,25.7339,7.3138,6.8484,9.7448,17.6894
2026-01-06 20:00:00+00:00,0,normal,25.714,7.2942,6.868,9.8785,17.6805
2026-01-06 20:10:00+00:00,0,normal,25.6148,7.262,7.002,9.9427,17.6436
2026-01-06 20:20:00+00:00,0,normal,25.604,7.2854,7.052,10.068,17.6573
2026-01-06 20:30:00+00:00,0,normal,25.5231,7.3009,7.1985,10.118,17.648
2026-01-06 20:40:00+00:00,0,normal,25.6129,7.3019,7.1702,10.0658,17.6485
2026-01-06 20:50:00+00:00,0,normal,25.5592,7.2928,7.1625,10.3747,17.651
2026-01-06 21:00:00+00:00,0,normal,25.5182,7.293,7.1519,10.5102,17.6816
2026-01-06 21:10:00+00:00,0,normal,25.5316,7.2987,7.1152,10.8668,17.6646
2026-01-06 21:20:00+00:00,0,normal,25.491,7.299,7.1269,10.8541,17.6757
2026-01-06 21:30:00+00:00,0,normal,25.3469,7.2999,7.2234,11.2075,17.6864
2026-01-06 21:40:00+00:00,0,normal,25.3392,7.3145,7.244,11.1205,17.6805
2026-01-06 21:50:00+00:00,0,normal,25.3584,7.3207,7.2917,11.0676,17.668
2026-01-06 22:00:00+00:00,0,normal,25.3285,7.3273,7.4156,11.18,17.6624
2026-01-06 22:10:00+00:00,0,normal,25.3394,7.3299,7.403,11.0529,17.6605
2026-01-06 22:20:00+00:00,0,normal,25.3688,7.3301,7.2864,10.7802,17.6702
2026-01-06 22:30:00+00:00,0,normal,25.3535,7.3335,7.2941,10.6206,17.6848
2026-01-06 22:40:00+00:00,0,normal,25.2871,7.3425,7.3781,10.5004,17.6833
2026-01-06 22:50:00+00:00,0,normal,25.3079,7.3328,7.291,10.0317,17.6899
2026-01-06 23:00:00+00:00,0,normal,25.2813,7.3593,7.3165,10.3241,17.6941
2026-01-06 23:10:00+00:00,0,normal,25.2287,7.3919,7.3288,10.2619,17.6714
2026-01-06 23:20:00+00:00,0,normal,25.2251,7.3913,7.2878,10.4399,17.6638
2026-01-06 23:30:00+00:00,0,normal,25.314,7.4137,7.1903,10.7628,17.6656
2026-01-06 23:40:00+00:00,0,normal,25.2833,7.4069,7.1959,11.0633,17.6723
2026-01-06 23:50:00+00:00,0,normal,25.3691,7.4173,7.1393,11.0628,17.6745
2026-01-07 00:00:00+00:00,0,normal,25.3954,7.4024,7.1958,11.3638,18.2441
2026-01-07 00:10:00+00:00,0,normal,25.4077,7.4263,7.3113,11.5897,18.2381
2026-01-07 00:20:00+00:00,0,normal,25.4105,7.4135,7.3056,11.3741,18.252
2026-01-07 00:30:00+00:00,0,normal,25.4626,7.4461,7.2757,11.396,18.2677
2026-01-07 00:40:00+00:00,0,normal,25.4736,7.439,7.2317,11.3396,18.2903
2026-01-07 00:50:00+00:00,0,normal,25.5184,7.4564,7.2191,11.2083,18.2896
2026-01-07 01:00:00+00:00,0,normal,25.5937,7.4774,7.1351,10.8827,18.3137
2026-01-07 01:10:00+00:00,0,normal,25.6534,7.4976,7.1097,10.9789,18.3153
2026-01-07 01:20:00+00:00,0,normal,25.625,7.5253,7.1911,10.8955,18.3083
2026-01-07 01:30:00+00:00,0,normal,25.5842,7.5367,7.2015,11.0982,18.2789
2026-01-07 01:40:00+00:00,0,normal,25.6612,7.5655,7.1556,11.0019,18.2856
2026-01-07 01:50:00+00:00,0,normal,25.6699,7.5444,7.1525,10.9196,18.2757
2026-01-07 02:00:00+00:00,0,normal,25.708,7.5543,7.0958,10.9904,18.2841
2026-01-07 02:10:00+00:00,0,normal,25.8204,7.5456,6.9861,10.9107,18.2902
2026-01-07 02:20:00+00:00,0,normal,25.9456,7.5786,6.8531,10.7491,18.3116
2026-01-07 02:30:00+00:00,0,normal,26.0279,7.5803,6.7975,10.959,18.2993
2026-01-07 02:40:00+00:00,0,normal,26.0445,7.5862,6.6963,11.2197,18.3001
2026-01-07 02:50:00+00:00,0,normal,26.0557,7.5866,6.7409,11.1812,18.2674
2026-01-07 03:00:00+00:00,0,normal,26.0678,7.5919,6.7285,11.3094,18.2664
2026-01-07 03:10:00+00:00,0,normal,26.1213,7.598,6.8142,11.4243,18.2683
2026-01-07 03:20:00+00:00,0,normal,26.1839,7.6153,6.7745,11.2298,18.2865
2026-01-07 03:30:00+00:00,0,normal,26.2607,7.6437,6.7628,11.3251,18.2813
2026-01-07 03:40:00+00:00,0,normal,26.2657,7.659,6.7165,11.2652,18.2825
2026-01-07 03:50:00+00:00,0,normal,26.2968,7.6842,6.6618,11.3508,18.2727
2026-01-07 04:00:00+00:00,0,normal,26.3098,7.674,6.5702,11.089,18.2609
2026-01-07 04:10:00+00:00,0,normal,26.2984,7.6779,6.5259,11.2757,18.2518
2026-01-07 04:20:00+00:00,0,normal,26.3527,7.6939,6.4753,11.1834,18.2364
2026-01-07 04:30:00+00:00,0,normal,26.4976,7.7106,6.381,11.3024,18.2513
2026-01-07 04:40:00+00:00,0,normal,26.601,7.7196,6.2655,11.3386,18.2461
2026-01-07 04:50:00+00:00,0,normal,26.7217,7.7431,6.19,11.4139,18.2591
2026-01-07 05:00:00+00:00,0,normal,26.77,7.7519,6.059,11.3463,18.2334
2026-01-07 05:10:00+00:00,0,normal,26.8057,7.7441,6.0272,11.3847,18.2597
2026-01-07 05:20:00+00:00,0,normal,26.8731,7.7608,6.0181,11.334,18.258
2026-01-07 05:30:00+00:00,0,normal,26.8798,7.7719,5.9701,11.2992,18.2476
2026-01-07 05:40:00+00:00,0,normal,26.906,7.7798,5.9918,11.4167,18.2481
2026-01-07 05:50:00+00:00,0,normal,26.9831,7.7889,6.0385,11.3455,18.2796
2026-01-07 06:00:00+00:00,0,normal,27.057,7.8076,5.9622,11.4398,18.2799
2026-01-07 06:10:00+00:00,0,normal,27.1439,7.8179,5.8825,11.5225,18.2802
2026-01-07 06:20:00+00:00,0,normal,27.2227,7.8164,5.9516,11.3381,18.2904
2026-01-07 06:30:00+00:00,0,normal,27.3274,7.8112,5.8507,11.1944,18.2736
2026-01-07 06:40:00+00:00,0,normal,27.3588,7.817,5.8289,11.2194,18.2639
2026-01-07 06:50:00+00:00,0,normal,27.36,7.8053,5.8636,11.1146,18.2452
2026-01-07 07:00:00+00:00,0,normal,27.3456,7.8007,5.8445,10.7931,18.2339
2026-01-07 07:10:00+00:00,0,normal,27.368,7.7988,5.8199,10.7808,18.2415
2026-01-07 07:20:00+00:00,0,normal,27.3038,7.8026,5.8809,10.7934,18.2397
2026-01-07 07:30:00+00:00,0,normal,27.3615,7.8,5.8316,10.641,18.2399
2026-01-07 07:40:00+00:00,0,normal,27.4609,7.8131,5.8385,10.4604,18.2552
2026-01-07 07:50:00+00:00,0,normal,27.4676,7.815,5.8826,10.6994,18.2671
2026-01-07 08:00:00+00:00,0,normal,27.5716,7.8232,5.7376,10.7134,18.2488
2026-01-07 08:10:00+00:00,0,normal,27.668,7.8251,5.6572,10.7111,18.2432
2026-01-07 08:20:00+00:00,0,normal,27.731,7.8369,5.7051,10.6963,18.2345
2026-01-07 08:30:00+00:00,0,normal,27.7536,7.844,5.578,10.7635,18.2241
2026-01-07 08:40:00+00:00,0,normal,27.8465,7.8471,5.4958,10.5608,18.22
2026-01-07 08:50:00+00:00,0,normal,27.7624,7.8522,5.6192,10.7525,18.2256
2026-01-07 09:00:00+00:00,0,normal,27.7262,7.8651,5.6611,10.9665,18.217
2026-01-07 09:10:00+00:00,0,normal,27.658,7.8511,5.6315,11.043,18.2182
2026-01-07 09:20:00+00:00,0,normal,27.6556,7.8422,5.6806,10.9196,18.2097
2026-01-07 09:30:00+00:00,0,normal,27.5961,7.8161,5.7003,11.1554,18.1999
2026-01-07 09:40:00+00:00,0,normal,27.6655,7.8038,5.5977,11.0363,18.1894
2026-01-07 09:50:00+00:00,0,normal,27.7501,7.8,5.5466,11.0268,18.2079
2026-01-07 10:00:00+00:00,0,normal,27.7782,7.7937,5.4907,11.2904,18.1961
2026-01-07 10:10:00+00:00,0,normal,27.7895,7.7601,5.4426,11.1669,18.187
2026-01-07 10:20:00+00:00,0,normal,27.7999,7.775,5.481,11.1764,18.1817
2026-01-07 10:30:00+00:00,0,normal,27.8045,7.7752,5.4893,11.0629,18.1817
2026-01-07 10:40:00+00:00,0,normal,27.7305,7.752,5.562,10.8932,18.1461
2026-01-07 10:50:00+00:00,0,normal,27.7439,7.7512,5.5755,10.7197,18.1413
2026-01-07 11:00:00+00:00,0,normal,27.7597,7.7812,5.5777,11.0001,18.1237
2026-01-07 11:10:00+00:00,0,normal,27.8139,7.7622,5.447,10.9595,18.1171
2026-01-07 11:20:00+00:00,0,normal,27.8064,7.757,5.5309,10.8995,18.0986
2026-01-07 11:30:00+00:00,0,normal,27.8093,7.7403,5.476,10.7117,18.0855
2026-01-07 11:40:00+00:00,0,normal,27.7314,7.7186,5.4327,10.7345,18.0829
2026-01-07 11:50:00+00:00,0,normal,27.6637,7.6996,5.503,10.5359,18.0807
2026-01-07 12:00:00+00:00,0,normal,27.6135,7.687,5.5857,10.6093,18.0783
2026-01-07 12:10:00+00:00,0,normal,27.6067,7.6691,5.4948,10.566,18.0887
2026-01-07 12:20:00+00:00,0,normal,27.5642,7.6811,5.5487,10.6087,18.104
2026-01-07 12:30:00+00:00,0,normal,27.6065,7.6857,5.5252,10.4375,18.0875
2026-01-07 12:40:00+00:00,0,normal,27.5945,7.6837,5.4819,10.3448,18.0909
2026-01-07 12:50:00+00:00,0,normal,27.569,7.6652,5.4917,9.9525,18.0758
2026-01-07 13:00:00+00:00,0,normal,27.5116,7.6381,5.5819,10.1191,18.0774
2026-01-07 13:10:00+00:00,0,normal,27.4528,7.6154,5.6581,9.9548,18.0665
2026-01-07 13:20:00+00:00,0,normal,27.3928,7.5913,5.7673,10.2367,18.0647
2026-01-07 13:30:00+00:00,0,normal,27.2279,7.5624,5.8891,10.3804,18.0674
2026-01-07 13:40:00+00:00,0,normal,27.1552,7.5816,6.029,10.4217,18.0626
2026-01-07 13:50:00+00:00,0,normal,26.9687,7.5757,6.097,10.3538,18.033
2026-01-07 14:00:00+00:00,0,normal,26.8733,7.5647,6.0941,10.2593,18.0228
2026-01-07 14:10:00+00:00,0,normal,26.8301,7.5623,6.0926,9.9334,18.0296
2026-01-07 14:20:00+00:00,0,normal,26.9041,7.5615,6.1174,9.9101,18.0189
2026-01-07 14:30:00+00:00,0,normal,26.7987,7.5531,6.0664,9.8738,18.0224
2026-01-07 14:40:00+00:00,0,normal,26.8536,7.5372,6.0612,9.7489,18.0365
2026-01-07 14:50:00+00:00,0,normal,26.9133,7.5207,6.0385,10.1793,18.0576
2026-01-07 15:00:00+00:00,0,normal,26.827,7.4901,6.1329,10.2289,18.025
2026-01-07 15:10:00+00:00,0,normal,26.8373,7.4953,6.0644,10.2892,18.0188
2026-01-07 15:20:00+00:00,0,normal,26.8252,7.47,6.1136,10.3367,18.0122
2026-01-07 15:30:00+00:00,0,normal,26.811,7.4644,6.1811,10.2564,18.0053
2026-01-07 15:40:00+00:00,0,normal,26.765,7.4515,6.2813,10.0588,17.9924
2026-01-07 15:50:00+00:00,0,normal,26.7319,7.4628,6.302,9.7662,18.0147
2026-01-07 16:00:00+00:00,0,normal,26.5596,7.4356,6.3949,9.6005,18.0101
2026-01-07 16:10:00+00:00,0,normal,26.5001,7.4306,6.4029,9.5493,17.9911
2026-01-07 16:20:00+00:00,0,normal,26.4285,7.4241,6.48,9.4716,18.0104
2026-01-07 16:30:00+00:00,0,normal,26.2657,7.4213,6.5007,9.5715,17.9998
2026-01-07 16:40:00+00:00,0,normal,26.1964,7.4014,6.5885,9.8306,17.99
2026-01-07 16:50:00+00:00,0,normal,26.1507,7.3839,6.661,9.8872,18.0003
2026-01-07 17:00:00+00:00,0,normal,26.1333,7.363,6.7803,10.104,18.0091
2026-01-07 17:10:00+00:00,0,normal,26.0816,7.3445,6.725,10.1535,17.9954
2026-01-07 17:20:00+00:00,0,normal,26.067,7.3382,6.7071,9.9415,17.9901
2026-01-07 17:30:00+00:00,0,normal,26.0195,7.335,6.7675,10.0869,18.0033
2026-01-07 17:40:00+00:00,0,normal,26.0022,7.344,6.7968,10.4152,17.9938
2026-01-07 17:50:00+00:00,0,normal,25.9399,7.3438,6.784,10.4267,17.9891
2026-01-07 18:00:00+00:00,0,normal,25.8524,7.345,6.8958,10.6705,17.9951
2026-01-07 18:10:00+00:00,0,normal,25.776,7.3472,6.9972,10.7663,18.0014
2026-01-07 18:20:00+00:00,0,normal,25.7716,7.345,7.0042,10.5948,17.9778
2026-01-07 18:30:00+00:00,0,normal,25.702,7.3424,7.0292,10.3825,17.9595
2026-01-07 18:40:00+00:00,0,normal,25.5835,7.3411,7.1117,10.4729,17.9705
2026-01-07 18:50:00+00:00,0,normal,25.5915,7.3396,7.0893,10.4833,17.9621
2026-01-07 19:00:00+00:00,0,normal,25.6033,7.3282,7.0702,10.6689,17.9591
2026-01-07 19:10:00+00:00,0,normal,25.4676,7.3193,7.0888,10.6465,17.9666
2026-01-07 19:20:00+00:00,0,normal,25.4515,7.2949,7.0883,10.707,17.9925
2026-01-07 19:30:00+00:00,0,normal,25.4916,7.2734,7.0617,10.5005,17.991
2026-01-07 19:40:00+00:00,0,normal,25.4535,7.2611,7.0597,10.488,17.9721
2026-01-07 19:50:00+00:00,0,normal,25.4258,7.2558,7.1083,10.47,17.9627
2026-01-07 20:00:00+00:00,0,normal,25.3985,7.2455,7.1513,10.5326,17.9645
2026-01-07 20:10:00+00:00,0,normal,25.3724,7.243,7.193,10.3736,17.9549
2026-01-07 20:20:00+00:00,0,normal,25.3073,7.253,7.2318,10.5086,17.9593
2026-01-07 20:30:00+00:00,0,normal,25.2507,7.2632,7.2639,10.5001,17.9687
2026-01-07 20:40:00+00:00,0,normal,25.2358,7.2767,7.2569,10.4695,17.9807
2026-01-07 20:50:00+00:00,0,normal,25.3183,7.305,7.1613,10.6227,17.9792
2026-01-07 21:00:00+00:00,0,normal,25.3519,7.3271,7.1436,10.9013,17.9838
2026-01-07 21:10:00+00:00,0,normal,25.3933,7.3253,7.0934,10.9575,17.9814
2026-01-07 21:20:00+00:00,0,normal,25.3922,7.3361,7.1222,11.0543,17.9765
2026-01-07 21:30:00+00:00,0,normal,25.3613,7.3286,7.129,11.0079,17.9694
2026-01-07 21:40:00+00:00,0,normal,25.3258,7.3115,7.139,10.9212,17.9701
2026-01-07 21:50:00+00:00,0,normal,25.258,7.3015,7.2513,10.8513,17.9635
2026-01-07 22:00:00+00:00,0,normal,25.2103,7.3068,7.302,10.7624,17.9696
2026-01-07 22:10:00+00:00,0,normal,25.2411,7.3069,7.335,10.7774,17.975
2026-01-07 22:20:00+00:00,0,normal,25.2258,7.3196,7.3513,10.7667,17.9651
2026-01-07 22:30:00+00:00,0,normal,25.174,7.3303,7.4979,11.041,17.9529
2026-01-07 22:40:00+00:00,0,normal,25.159,7.3606,7.3979,11.0361,17.9511
2026-01-07 22:50:00+00:00,0,normal,25.1839,7.3793,7.401,11.1138,17.9471
2026-01-07 23:00:00+00:00,0,normal,25.1634,7.3911,7.33,11.0346,17.9401
2026-01-07 23:10:00+00:00,0,normal,25.1891,7.3901,7.4184,11.3579,17.9603
2026-01-07 23:20:00+00:00,0,normal,25.2532,7.3873,7.3261,11.0307,17.9655
2026-01-07 23:30:00+00:00,0,normal,25.2706,7.3748,7.3803,10.9547,17.9706
2026-01-07 23:40:00+00:00,0,normal,25.2932,7.372,7.3769,11.0567,17.9694
2026-01-07 23:50:00+00:00,0,normal,25.3271,7.3554,7.393,11.1579,17.9672
2026-01-08 00:00:00+00:00,0,normal,25.293,7.3561,7.339,10.9053,17.9665
2026-01-08 00:10:00+00:00,0,normal,25.3455,7.3914,7.3627,11.0037,17.9896
2026-01-08 00:20:00+00:00,0,normal,25.3678,7.41,7.343,11.0693,17.9879
2026-01-08 00:30:00+00:00,0,normal,25.3098,7.4192,7.3555,11.0063,17.9864
2026-01-08 00:40:00+00:00,0,normal,25.2892,7.4541,7.3769,11.1699,18.0005
2026-01-08 00:50:00+00:00,0,normal,25.3296,7.4571,7.3969,11.3183,17.9993
2026-01-08 01:00:00+00:00,0,normal,25.314,7.4539,7.3405,11.5089,17.9865
2026-01-08 01:10:00+00:00,0,normal,25.3585,7.4738,7.2321,11.5101,17.9892
2026-01-08 01:20:00+00:00,0,normal,25.4439,7.4899,7.1447,11.5719,17.9758
2026-01-08 01:30:00+00:00,0,normal,25.5434,7.485,7.0412,11.2454,17.9789
2026-01-08 01:40:00+00:00,0,normal,25.6335,7.5129,6.9014,11.2135,17.9697
2026-01-08 01:50:00+00:00,0,normal,25.6856,7.5341,6.8542,11.1277,17.9741
2026-01-08 02:00:00+00:00,0,normal,25.7542,7.5379,6.8713,11.3888,17.9821
2026-01-08 02:10:00+00:00,0,normal,25.8338,7.5397,6.8674,11.5154,18.0009
2026-01-08 02:20:00+00:00,0,normal,25.7821,7.5838,6.9206,11.6691,17.9899
2026-01-08 02:30:00+00:00,0,normal,25.8043,7.5867,6.9039,11.5694,18.0033
2026-01-08 02:40:00+00:00,0,normal,25.7631,7.5802,6.9701,11.4788,17.9988
2026-01-08 02:50:00+00:00,0,normal,25.7992,7.5794,6.9593,11.2542,17.9879
2026-01-08 03:00:00+00:00,0,normal,25.8272,7.5932,6.9767,11.2334,18.0034
2026-01-08 03:10:00+00:00,0,normal,25.9919,7.5849,6.9077,11.3137,18.0038
2026-01-08 03:20:00+00:00,0,normal,26.0995,7.6159,6.8573,11.4658,18.0058
2026-01-08 03:30:00+00:00,0,normal,26.2376,7.6451,6.7904,11.6461,18.0217
2026-01-08 03:40:00+00:00,0,normal,26.271,7.6609,6.753,11.5723,18.0306
2026-01-08 03:50:00+00:00,0,normal,26.3417,7.6727,6.6815,11.3533,18.0066
2026-01-08 04:00:00+00:00,0,normal,26.3384,7.6886,6.6649,11.3659,18.0096
2026-01-08 04:10:00+00:00,0,normal,26.349,7.6956,6.653,11.2233,17.9923
2026-01-08 04:20:00+00:00,0,normal,26.4306,7.6974,6.5625,10.9652,17.9791
2026-01-08 04:30:00+00:00,0,normal,26.4819,7.713,6.5114,10.9534,17.9763
2026-01-08 04:40:00+00:00,0,normal,26.5467,7.731,6.4141,11.1443,17.9789
2026-01-08 04:50:00+00:00,0,normal,26.6429,7.7387,6.2633,11.0418,17.9959
2026-01-08 05:00:00+00:00,0,normal,26.6611,7.7395,6.2219,11.1472,18.0072
2026-01-08 05:10:00+00:00,0,normal,26.7127,7.7553,6.1865,11.1953,17.9913
2026-01-08 05:20:00+00:00,0,normal,26.8093,7.7831,6.1661,11.349,18.0026
2026-01-08 05:30:00+00:00,0,normal,26.8347,7.792,6.1924,11.1952,17.9931
2026-01-08 05:40:00+00:00,0,normal,26.8328,7.7956,6.2383,11.2762,17.9837
2026-01-08 05:50:00+00:00,0,normal,26.8853,7.8065,6.1999,11.1887,17.9885
2026-01-08 06:00:00+00:00,0,normal,26.8789,7.7946,6.1762,11.3467,18.0003
2026-01-08 06:10:00+00:00,0,normal,26.9202,7.787,6.0769,11.2351,17.9934
2026-01-08 06:20:00+00:00,0,normal,26.928,7.7929,5.966,11.243,18.0027
2026-01-08 06:30:00+00:00,0,normal,27.0157,7.7963,5.8711,11.1503,17.9926
2026-01-08 06:40:00+00:00,0,normal,27.0451,7.806,5.9096,11.1912,17.9657
2026-01-08 06:50:00+00:00,0,normal,27.0989,7.8167,5.9365,11.151,17.9482
2026-01-08 07:00:00+00:00,0,normal,27.1236,7.8038,5.9673,11.1384,17.9619
2026-01-08 07:10:00+00:00,0,normal,27.2846,7.8122,5.9461,11.1171,17.9649
2026-01-08 07:20:00+00:00,0,normal,27.2563,7.8174,5.9514,11.1499,17.9764
2026-01-08 07:30:00+00:00,0,normal,27.3893,7.8248,5.8288,11.1845,18.0147
2026-01-08 07:40:00+00:00,0,normal,27.4354,7.8343,5.7559,11.1264,18.0237
2026-01-08 07:50:00+00:00,0,normal,27.4779,7.8436,5.7273,11.0636,17.9943
2026-01-08 08:00:00+00:00,0,normal,27.4237,7.8325,5.7651,11.0661,17.9693
2026-01-08 08:10:00+00:00,0,normal,27.517,7.8337,5.7949,11.0986,17.9517
2026-01-08 08:20:00+00:00,0,normal,27.484,7.8249,5.8672,10.8748,17.9224
2026-01-08 08:30:00+00:00,0,normal,27.5545,7.823,5.7926,10.7161,17.9182
2026-01-08 08:40:00+00:00,0,normal,27.5446,7.8236,5.8512,10.7187,17.9248
2026-01-08 08:50:00+00:00,0,normal,27.6002,7.8268,5.7303,10.6655,17.9419
2026-01-08 09:00:00+00:00,0,normal,27.578,7.8313,5.6688,10.3272,17.9485
2026-01-08 09:10:00+00:00,0,normal,27.596,7.819,5.5972,10.5138,17.9359
2026-01-08 09:20:00+00:00,0,normal,27.5174,7.8289,5.6569,10.6157,17.9351
2026-01-08 09:30:00+00:00,0,normal,27.5603,7.8306,5.5352,10.4063,17.9241
2026-01-08 09:40:00+00:00,0,normal,27.5793,7.8173,5.5694,10.2812,17.9298
2026-01-08 09:50:00+00:00,0,normal,27.6051,7.806,5.6477,10.4659,17.9177
2026-01-08 10:00:00+00:00,0,normal,27.6031,7.8133,5.6202,10.1838,17.9223
2026-01-08 10:10:00+00:00,0,normal,27.6022,7.7819,5.5664,10.2866,17.9269
2026-01-08 10:20:00+00:00,0,normal,27.5758,7.7539,5.6351,10.5418,17.9164
2026-01-08 10:30:00+00:00,0,normal,27.4623,7.7425,5.7276,10.715,17.8988
2026-01-08 10:40:00+00:00,0,normal,27.4257,7.737,5.7069,10.611,17.8965
2026-01-08 10:50:00+00:00,0,normal,27.4321,7.7074,5.7262,10.8276,17.8881
2026-01-08 11:00:00+00:00,0,normal,27.5085,7.6939,5.6788,10.6248,17.8668
2026-01-08 11:10:00+00:00,0,normal,27.6043,7.7092,5.5832,10.5599,17.8631
2026-01-08 11:20:00+00:00,0,normal,27.6247,7.7097,5.4987,10.5012,17.8492
2026-01-08 11:30:00+00:00,0,normal,27.6911,7.6937,5.442,10.5841,17.826
2026-01-08 11:40:00+00:00,0,normal,27.6714,7.6956,5.4675,10.6056,17.8313
2026-01-08 11:50:00+00:00,0,normal,27.5959,7.6831,5.5831,10.6718,17.8369
2026-01-08 12:00:00+00:00,0,normal,27.4856,7.6684,5.6312,10.6207,17.8251
2026-01-08 12:10:00+00:00,0,normal,27.4821,7.654,5.7089,10.6538,17.816
2026-01-08 12:20:00+00:00,0,normal,27.4055,7.6425,5.7118,10.7572,17.8285
2026-01-08 12:30:00+00:00,0,normal,27.351,7.6382,5.7517,10.6582,17.8324
2026-01-08 12:40:00+00:00,0,normal,27.2732,7.6359,5.7802,10.7708,17.8311
2026-01-08 12:50:00+00:00,0,normal,27.1673,7.6105,5.8124,10.7774,17.8432
2026-01-08 13:00:00+00:00,0,normal,27.1519,7.5896,5.8192,10.6529,17.8428
2026-01-08 13:10:00+00:00,0,normal,27.0996,7.5856,5.9144,10.5205,17.8368
2026-01-08 13:20:00+00:00,0,normal,27.0527,7.5713,5.9154,10.4803,17.8147
2026-01-08 13:30:00+00:00,0,normal,27.0616,7.5598,5.8717,10.2838,17.7938
2026-01-08 13:40:00+00:00,0,normal,27.1026,7.5493,5.8931,10.2164,17.7796
2026-01-08 13:50:00+00:00,0,normal,27.0408,7.5546,5.9316,10.1073,17.7695
2026-01-08 14:00:00+00:00,0,normal,26.981,7.5431,5.9076,10.1061,17.7541
2026-01-08 14:10:00+00:00,0,normal,26.9992,7.5347,5.8749,10.2401,17.7464
2026-01-08 14:20:00+00:00,0,normal,27.0071,7.545,5.9251,10.3527,17.7451
2026-01-08 14:30:00+00:00,0,normal,26.9466,7.5483,5.9848,10.4639,17.7383
2026-01-08 14:40:00+00:00,0,normal,26.9244,7.5369,6.0578,10.7014,17.7229
2026-01-08 14:50:00+00:00,0,normal,26.941,7.531,6.1101,10.6831,17.7167
2026-01-08 15:00:00+00:00,0,normal,26.885,7.5187,6.1418,10.4353,17.7304
2026-01-08 15:10:00+00:00,0,normal,26.797,7.4912,6.2437,10.301,17.729
2026-01-08 15:20:00+00:00,0,normal,26.7468,7.4854,6.2872,10.2464,17.7301
2026-01-08 15:30:00+00:00,0,normal,26.6761,7.4663,6.2002,10.0484,17.7484
2026-01-08 15:40:00+00:00,0,normal,26.537,7.4446,6.2236,10.1102,17.7518
2026-01-08 15:50:00+00:00,0,normal,26.4663,7.4434,6.2929,10.3198,17.7259
2026-01-08 16:00:00+00:00,0,normal,26.34,7.4316,6.3267,10.1666,17.7173
2026-01-08 16:10:00+00:00,0,normal,26.2343,7.4038,6.2797,10.1572,17.7263
2026-01-08 16:20:00+00:00,0,normal,26.2069,7.3879,6.3671,9.8953,17.7143
2026-01-08 16:30:00+00:00,0,normal,26.2212,7.361,6.433,9.8201,17.7275
2026-01-08 16:40:00+00:00,0,normal,26.1942,7.361,6.3852,9.709,17.7285
2026-01-08 16:50:00+00:00,0,normal,26.1782,7.3538,6.4044,10.099,17.7275
2026-01-08 17:00:00+00:00,0,normal,26.1107,7.3424,6.5541,10.2826,17.7077
2026-01-08 17:10:00+00:00,0,normal,26.001,7.3497,6.5961,10.7107,17.7082
2026-01-08 17:20:00+00:00,0,normal,25.9209,7.3522,6.5859,10.6223,17.6816
2026-01-08 17:30:00+00:00,0,normal,25.8174,7.3203,6.7114,10.5299,17.6828
2026-01-08 17:40:00+00:00,0,normal,25.8159,7.3043,6.6174,10.2231,17.6702
2026-01-08 17:50:00+00:00,0,normal,25.7932,7.2914,6.6043,10.2387,17.6706
2026-01-08 18:00:00+00:00,0,normal,25.7644,7.2639,6.6662,10.047,17.6722
2026-01-08 18:10:00+00:00,0,normal,25.6761,7.2501,6.7191,10.1222,17.6854
2026-01-08 18:20:00+00:00,0,normal,25.6415,7.2574,6.8079,10.148,17.6794
2026-01-08 18:30:00+00:00,0,normal,25.5542,7.2499,6.9508,10.1439,17.6977
2026-01-08 18:40:00+00:00,0,normal,25.4949,7.2621,7.0106,10.0271,17.697
2026-01-08 18:50:00+00:00,0,normal,25.4298,7.2845,7.0342,10.1595,17.6949
2026-01-08 19:00:00+00:00,0,normal,25.4165,7.2968,7.1164,9.9734,17.705
2026-01-08 19:10:00+00:00,0,normal,25.3498,7.2805,7.1702,9.9461,17.7128
2026-01-08 19:20:00+00:00,0,normal,25.3743,7.2911,7.1551,10.1302,17.7012
2026-01-08 19:30:00+00:00,0,normal,25.3604,7.2815,7.1898,10.1041,17.7105
2026-01-08 19:40:00+00:00,0,normal,25.3246,7.2821,7.2557,10.0621,17.7134
2026-01-08 19:50:00+00:00,0,normal,25.222,7.2943,7.304,10.3931,17.7113
2026-01-08 20:00:00+00:00,0,normal,25.1678,7.3083,7.3523,10.3978,17.6901
2026-01-08 20:10:00+00:00,0,normal,25.0649,7.284,7.4001,10.325,17.6915
2026-01-08 20:20:00+00:00,0,normal,25.016,7.2831,7.3948,10.4112,17.675
2026-01-08 20:30:00+00:00,0,normal,25.049,7.2762,7.3398,10.4056,17.6536
2026-01-08 20:40:00+00:00,0,normal,25.0951,7.2684,7.3375,10.3955,17.6393
2026-01-08 20:50:00+00:00,0,normal,25.1524,7.2457,7.2574,10.4507,17.6531
2026-01-08 21:00:00+00:00,0,normal,25.1451,7.2524,7.2699,10.4484,17.6383
2026-01-08 21:10:00+00:00,0,normal,25.1544,7.2724,7.3399,10.2185,17.6347
2026-01-08 21:20:00+00:00,0,normal,25.087,7.2681,7.4606,10.0871,17.6649
2026-01-08 21:30:00+00:00,0,normal,25.081,7.2548,7.4361,10.024,17.6724
2026-01-08 21:40:00+00:00,0,normal,25.0867,7.2656,7.4043,10.2233,17.6702
2026-01-08 21:50:00+00:00,0,normal,24.9935,7.2855,7.5342,10.3252,17.6825
2026-01-08 22:00:00+00:00,0,normal,24.915,7.268,7.5368,10.6729,17.6982
2026-01-08 22:10:00+00:00,0,normal,24.896,7.2802,7.5051,10.88,17.6692
2026-01-08 22:20:00+00:00,0,normal,24.8961,7.2911,7.5223,10.7231,17.6676
2026-01-08 22:30:00+00:00,0,normal,24.8611,7.2901,7.5593,10.7353,17.6588
2026-01-08 22:40:00+00:00,0,normal,24.9661,7.3116,7.4402,10.6531,17.6816
2026-01-08 22:50:00+00:00,0,normal,25.0311,7.333,7.4184,10.563,17.6812
2026-01-08 23:00:00+00:00,0,normal,25.0965,7.3385,7.3613,10.3782,17.6837
2026-01-08 23:10:00+00:00,0,normal,25.1446,7.3527,7.3499,10.6044,17.6764
2026-01-08 23:20:00+00:00,0,normal,25.1401,7.3893,7.3775,10.6667,17.6973
2026-01-08 23:30:00+00:00,0,normal,25.1738,7.3917,7.3402,10.8718,17.6662
2026-01-08 23:40:00+00:00,0,normal,25.2158,7.4089,7.3493,10.8525,17.6614
2026-01-08 23:50:00+00:00,0,normal,25.1794,7.4134,7.397,11.12,17.6839
2026-01-09 00:00:00+00:00,0,normal,25.1901,7.4279,7.3857,11.1169,18.2203
2026-01-09 00:10:00+00:00,0,normal,25.2123,7.4283,7.3892,11.0276,18.2257
2026-01-09 00:20:00+00:00,0,normal,25.2046,7.4267,7.3649,11.053,18.2441
2026-01-09 00:30:00+00:00,0,normal,25.2767,7.4284,7.2591,11.0177,18.2543
2026-01-09 00:40:00+00:00,0,normal,25.2395,7.4358,7.2028,10.9707,18.2494
2026-01-09 00:50:00+00:00,0,normal,25.1962,7.4462,7.21,10.8701,18.26
2026-01-09 01:00:00+00:00,0,normal,25.184,7.4395,7.2016,10.9918,18.2444
2026-01-09 01:10:00+00:00,0,normal,25.2073,7.4603,7.2455,10.9046,18.2441
2026-01-09 01:20:00+00:00,0,normal,25.1832,7.4723,7.3022,10.8644,18.2356
2026-01-09 01:30:00+00:00,0,normal,25.2568,7.489,7.2609,11.0421,18.2486
2026-01-09 01:40:00+00:00,0,normal,25.3137,7.5019,7.1963,11.2193,18.2569
2026-01-09 01:50:00+00:00,0,normal,25.3681,7.5229,7.1647,11.0744,18.2544
2026-01-09 02:00:00+00:00,0,normal,25.5138,7.5285,7.0917,11.2147,18.2543
2026-01-09 02:10:00+00:00,0,normal,25.6332,7.5461,6.9466,11.3221,18.2433
2026-01-09 02:20:00+00:00,0,normal,25.7193,7.5669,6.9824,11.0641,18.2379
2026-01-09 02:30:00+00:00,0,normal,25.7894,7.5712,7.0138,11.1848,18.2465
2026-01-09 02:40:00+00:00,0,normal,25.8277,7.5803,6.9849,11.1833,18.2682
2026-01-09 02:50:00+00:00,0,normal,25.7203,7.5884,6.9655,11.4256,18.2703
2026-01-09 03:00:00+00:00,0,normal,25.7017,7.5866,7.0088,11.4214,18.2783
2026-01-09 03:10:00+00:00,0,normal,25.7319,7.6053,6.9548,11.3786,18.2711
2026-01-09 03:20:00+00:00,0,normal,25.7938,7.6245,6.8551,11.4713,18.2654
2026-01-09 03:30:00+00:00,0,normal,25.83,7.6402,6.8546,11.5618,18.2543
2026-01-09 03:40:00+00:00,0,normal,25.9242,7.6464,6.8422,11.2609,18.2717
2026-01-09 03:50:00+00:00,0,normal,25.9869,7.6692,6.8617,11.354,18.2747
2026-01-09 04:00:00+00:00,0,normal,26.0895,7.6629,6.8146,11.4272,18.2783
2026-01-09 04:10:00+00:00,0,normal,26.1611,7.6652,6.7849,10.9959,18.2721
2026-01-09 04:20:00+00:00,0,normal,26.2248,7.6825,6.7275,11.216,18.2698
2026-01-09 04:30:00+00:00,0,normal,26.3365,7.707,6.7142,11.0139,18.2434
2026-01-09 04:40:00+00:00,0,normal,26.3557,7.6854,6.6522,11.149,18.2367
2026-01-09 04:50:00+00:00,0,normal,26.4183,7.699,6.5811,11.3524,18.2537
2026-01-09 05:00:00+00:00,0,normal,26.4555,7.714,6.5192,11.6049,18.2645
2026-01-09 05:10:00+00:00,0,normal,26.5057,7.7122,6.4159,11.3323,18.2669
2026-01-09 05:20:00+00:00,0,normal,26.5151,7.716,6.2697,11.7511,18.2712
2026-01-09 05:30:00+00:00,0,normal,26.6079,7.7319,6.189,11.4866,18.2902
2026-01-09 05:40:00+00:00,0,normal,26.6573,7.715,6.1416,11.3464,18.2643
2026-01-09 05:50:00+00:00,0,normal,26.7018,7.7116,6.1169,11.3911,18.2424
2026-01-09 06:00:00+00:00,0,normal,26.8547,7.7288,6.1009,11.3575,18.2479
2026-01-09 06:10:00+00:00,0,normal,26.9495,7.7066,6.1174,10.9803,18.2435
2026-01-09 06:20:00+00:00,0,normal,26.973,7.7196,6.1475,11.0374,18.2187
2026-01-09 06:30:00+00:00,0,normal,27.0227,7.7331,6.1047,11.1726,18.2141
2026-01-09 06:40:00+00:00,0,normal,27.1407,7.7479,6.0163,11.2908,18.2307
2026-01-09 06:50:00+00:00,0,normal,27.1981,7.7678,5.9032,11.5788,18.2229
2026-01-09 07:00:00+00:00,0,normal,27.158,7.7944,5.9351,11.477,18.2196
2026-01-09 07:10:00+00:00,0,normal,27.1727,7.8029,5.8916,11.5812,18.2325
2026-01-09 07:20:00+00:00,0,normal,27.2364,7.8316,5.8491,11.3797,18.2319
2026-01-09 07:30:00+00:00,0,normal,27.1641,7.8306,5.8671,11.0519,18.2102
2026-01-09 07:40:00+00:00,0,normal,27.0795,7.8067,5.9834,10.7444,18.1961
2026-01-09 07:50:00+00:00,0,normal,27.138,7.8194,5.8755,10.8554,18.2017
2026-01-09 08:00:00+00:00,0,normal,27.2162,7.8275,5.8239,10.6029,18.1868
2026-01-09 08:10:00+00:00,0,normal,27.1869,7.8197,5.8275,10.4346,18.1915
2026-01-09 08:20:00+00:00,0,normal,27.2274,7.8185,5.8455,10.6753,18.2124
2026-01-09 08:30:00+00:00,0,normal,27.2744,7.8175,5.7997,10.8119,18.2145
2026-01-09 08:40:00+00:00,0,normal,27.2878,7.8154,5.8461,10.8544,18.2342
2026-01-09 08:50:00+00:00,0,normal,27.2603,7.8038,5.8083,10.8432,18.2395
2026-01-09 09:00:00+00:00,0,normal,27.3633,7.814,5.8158,11.2121,18.2327
2026-01-09 09:10:00+00:00,0,normal,27.4122,7.8044,5.7822,11.0229,18.2062
2026-01-09 09:20:00+00:00,0,normal,27.481,7.8197,5.827,10.8375,18.2042
2026-01-09 09:30:00+00:00,0,normal,27.4993,7.8121,5.7424,10.6348,18.1734
2026-01-09 09:40:00+00:00,0,normal,27.5322,7.8031,5.6758,10.7767,18.173
2026-01-09 09:50:00+00:00,0,normal,27.4299,7.7862,5.7048,10.5802,18.1644
2026-01-09 10:00:00+00:00,0,normal,27.3269,7.779,5.7373,10.5919,18.1754
2026-01-09 10:10:00+00:00,0,normal,27.2462,7.7564,5.678,10.6498,18.174
2026-01-09 10:20:00+00:00,0,normal,27.197,7.7391,5.7166,10.8766,18.1799
2026-01-09 10:30:00+00:00,0,normal,27.1188,7.7361,5.8066,10.8174,18.1775
2026-01-09 10:40:00+00:00,0,normal,27.0951,7.7319,5.7982,10.7969,18.1807
2026-01-09 10:50:00+00:00,0,normal,27.2296,7.742,5.7185,10.8056,18.1784
2026-01-09 11:00:00+00:00,0,normal,27.2666,7.726,5.6828,10.8683,18.1829
2026-01-09 11:10:00+00:00,0,normal,27.3649,7.7179,5.629,10.9453,18.1737
2026-01-09 11:20:00+00:00,0,normal,27.4451,7.7176,5.6035,10.7753,18.1614
2026-01-09 11:30:00+00:00,0,normal,27.4984,7.7068,5.6117,10.9086,18.1567
2026-01-09 11:40:00+00:00,0,normal,27.3981,7.6826,5.6374,10.6508,18.1589
2026-01-09 11:50:00+00:00,0,normal,27.3962,7.6984,5.5918,10.6361,18.1444
2026-01-09 12:00:00+00:00,0,normal,27.3514,7.7043,5.6971,10.3797,18.1408
2026-01-09 12:10:00+00:00,0,normal,27.2892,7.6842,5.6746,10.5748,18.1268
2026-01-09 12:20:00+00:00,0,normal,27.2525,7.6638,5.6765,10.5964,18.1312
2026-01-09 12:30:00+00:00,0,normal,27.2746,7.6597,5.7126,10.7767,18.1154
2026-01-09 12:40:00+00:00,0,normal,27.2032,7.6295,5.7791,10.6463,18.1059
2026-01-09 12:50:00+00:00,0,normal,27.102,7.619,5.8407,10.6875,18.0934
2026-01-09 13:00:00+00:00,0,normal,27.0437,7.6211,5.946,10.531,18.0922
2026-01-09 13:10:00+00:00,0,normal,26.9885,7.6156,5.9607,10.479,18.0735
2026-01-09 13:20:00+00:00,0,normal,26.94,7.6118,5.9202,10.4312,18.0661
2026-01-09 13:30:00+00:00,0,normal,26.8897,7.6101,5.9879,10.1816,18.0623
2026-01-09 13:40:00+00:00,0,normal,26.8881,7.5896,5.9163,10.2751,18.0435
2026-01-09 13:50:00+00:00,0,normal,26.9067,7.5757,5.8804,10.4045,18.0564
2026-01-09 14:00:00+00:00,0,normal,26.88,7.5699,5.8939,10.2727,18.0538
2026-01-09 14:10:00+00:00,0,normal,26.8769,7.5585,6.0353,10.1858,18.0494
2026-01-09 14:20:00+00:00,0,normal,26.903,7.536,6.0032,10.2863,18.046
2026-01-09 14:30:00+00:00,0,normal,26.8165,7.5157,6.043,10.0925,18.0637
2026-01-09 14:40:00+00:00,0,normal,26.806,7.4997,6.1136,10.0136,18.0435
2026-01-09 14:50:00+00:00,0,normal,26.7132,7.4742,6.1914,9.7979,18.0338
2026-01-09 15:00:00+00:00,0,normal,26.6426,7.4441,6.1999,9.924,18.0247
2026-01-09 15:10:00+00:00,0,normal,26.5461,7.4436,6.3128,10.0534,18.0321
2026-01-09 15:20:00+00:00,0,normal,26.5136,7.4425,6.4415,10.2761,18.0215
2026-01-09 15:30:00+00:00,0,normal,26.3337,7.4156,6.4621,10.3272,18.0167
2026-01-09 15:40:00+00:00,0,normal,26.292,7.4095,6.4272,10.4472,18.0116
2026-01-09 15:50:00+00:00,0,normal,26.1433,7.4056,6.512,10.2124,18.0071
2026-01-09 16:00:00+00:00,0,normal,26.1205,7.3922,6.4806,10.113,18.0018
2026-01-09 16:10:00+00:00,0,normal,26.1346,7.3726,6.4277,10.1233,17.9882
2026-01-09 16:20:00+00:00,0,normal,26.1157,7.3642,6.4435,10.0796,17.991
2026-01-09 16:30:00+00:00,0,normal,26.0775,7.3622,6.5389,10.2269,17.998
2026-01-09 16:40:00+00:00,0,normal,26.0525,7.3421,6.551,10.3467,17.9997
2026-01-09 16:50:00+00:00,0,normal,25.9403,7.3264,6.6208,10.4945,17.9852
2026-01-09 17:00:00+00:00,0,normal,25.8592,7.3231,6.634,10.1805,17.9772
2026-01-09 17:10:00+00:00,0,normal,25.8326,7.3271,6.7356,10.2572,17.9744
2026-01-09 17:20:00+00:00,0,normal,25.8311,7.3192,6.7406,10.0715,17.9511
2026-01-09 17:30:00+00:00,0,normal,25.7872,7.3402,6.7985,9.9317,17.9482
2026-01-09 17:40:00+00:00,0,normal,25.7941,7.3235,6.7478,10.1364,17.9481
2026-01-09 17:50:00+00:00,0,normal,25.7188,7.3263,6.8433,10.3286,17.9662
2026-01-09 18:00:00+00:00,0,normal,25.6989,7.2999,6.8053,10.2485,17.9502
2026-01-09 18:10:00+00:00,0,normal,25.5714,7.3002,6.8713,10.1819,17.9542
2026-01-09 18:20:00+00:00,0,normal,25.5393,7.2627,6.8947,10.4804,17.9559
2026-01-09 18:30:00+00:00,0,normal,25.4528,7.2919,7.0276,10.3428,17.9523
2026-01-09 18:40:00+00:00,0,normal,25.3741,7.2742,7.0763,10.3206,17.9259
2026-01-09 18:50:00+00:00,0,normal,25.3257,7.3041,7.1354,10.4221,17.9327
2026-01-09 19:00:00+00:00,0,normal,25.3231,7.2997,7.0988,10.7727,17.9564
2026-01-09 19:10:00+00:00,0,normal,25.3058,7.3121,7.0605,10.779,17.9555
2026-01-09 19:20:00+00:00,0,normal,25.3264,7.2873,7.0876,10.4609,17.9456
2026-01-09 19:30:00+00:00,0,normal,25.3716,7.2853,7.0623,10.3745,17.9674
2026-01-09 19:40:00+00:00,0,normal,25.299,7.2772,7.1437,10.4812,17.9758
2026-01-09 19:50:00+00:00,0,normal,25.2557,7.2621,7.2514,10.3811,17.9436
2026-01-09 20:00:00+00:00,0,normal,25.1804,7.2558,7.3543,10.3531,17.9358
2026-01-09 20:10:00+00:00,0,normal,25.0964,7.2611,7.3782,10.5206,17.9581
2026-01-09 20:20:00+00:00,0,normal,24.9953,7.2573,7.4371,10.5984,17.9402
2026-01-09 20:30:00+00:00,0,normal,25.0418,7.2518,7.3841,10.5658,17.929
2026-01-09 20:40:00+00:00,0,normal,25.0183,7.258,7.3981,10.7437,17.9428
2026-01-09 20:50:00+00:00,0,normal,25.0119,7.2623,7.3135,10.8444,17.9421
2026-01-09 21:00:00+00:00,0,normal,25.0353,7.2576,7.34,11.0194,17.9433
2026-01-09 21:10:00+00:00,0,normal,24.9623,7.2797,7.3791,11.1816,17.9686
2026-01-09 21:20:00+00:00,0,normal,24.8173,7.2777,7.4548,11.0661,17.9691
2026-01-09 21:30:00+00:00,0,normal,24.821,7.2783,7.4366,10.7925,17.9627
2026-01-09 21:40:00+00:00,0,normal,24.8215,7.2874,7.5089,10.5724,17.9788
2026-01-09 21:50:00+00:00,0,normal,24.7804,7.2991,7.4512,10.6803,17.9744
2026-01-09 22:00:00+00:00,0,normal,24.806,7.2829,7.4649,10.6317,17.9643
2026-01-09 22:10:00+00:00,0,normal,24.8753,7.298,7.4588,10.7159,17.9741
2026-01-09 22:20:00+00:00,0,normal,24.9188,7.312,7.3792,10.8955,17.9903
2026-01-09 22:30:00+00:00,0,normal,24.9486,7.3056,7.3279,11.1043,17.9722
2026-01-09 22:40:00+00:00,0,normal,24.9505,7.3246,7.3998,11.0214,17.9613
2026-01-09 22:50:00+00:00,0,normal,24.9895,7.3562,7.4012,11.1254,17.9629
2026-01-09 23:00:00+00:00,0,normal,24.9856,7.3524,7.3943,11.0119,17.941
2026-01-09 23:10:00+00:00,0,normal,24.8486,7.3408,7.5011,11.142,17.9336
2026-01-09 23:20:00+00:00,0,normal,24.8423,7.3666,7.5681,11.055,17.9358
2026-01-09 23:30:00+00:00,0,normal,24.883,7.3478,7.481,11.066,17.9443
2026-01-09 23:40:00+00:00,0,normal,24.8607,7.3542,7.4624,10.8813,17.9356
2026-01-09 23:50:00+00:00,0,normal,24.8719,7.3663,7.4035,10.9692,17.9585
2026-01-10 00:00:00+00:00,0,normal,24.9299,7.4027,7.3904,10.7878,17.9651
2026-01-10 00:10:00+00:00,0,normal,24.9109,7.4012,7.3395,10.8925,17.9729
2026-01-10 00:20:00+00:00,0,normal,24.9096,7.422,7.3985,10.9673,17.9772
2026-01-10 00:30:00+00:00,0,normal,24.9205,7.4309,7.4068,11.1254,17.9942
2026-01-10 00:40:00+00:00,0,normal,24.9976,7.4454,7.3894,11.3785,17.9898
2026-01-10 00:50:00+00:00,0,normal,25.0995,7.4477,7.3765,11.5571,17.9896
2026-01-10 01:00:00+00:00,0,normal,25.1601,7.4775,7.3443,11.547,17.9859
2026-01-10 01:10:00+00:00,0,normal,25.1056,7.4803,7.3367,11.4736,17.9769
2026-01-10 01:20:00+00:00,0,normal,25.1831,7.471,7.2597,11.5231,17.9872
2026-01-10 01:30:00+00:00,0,normal,25.2454,7.4735,7.2647,11.4003,17.9888
2026-01-10 01:40:00+00:00,0,normal,25.1598,7.4816,7.2809,11.1916,17.9897
2026-01-10 01:50:00+00:00,0,normal,25.1994,7.4868,7.3255,11.3006,17.9963
2026-01-10 02:00:00+00:00,0,normal,25.2906,7.5155,7.2774,11.1901,18.007
2026-01-10 02:10:00+00:00,0,normal,25.4012,7.5394,7.1412,11.22,17.989
2026-01-10 02:20:00+00:00,0,normal,25.3794,7.548,7.1028,11.2746,17.9878
2026-01-10 02:30:00+00:00,0,normal,25.542,7.539,7.0462,11.4535,17.9972
2026-01-10 02:40:00+00:00,0,normal,25.624,7.5747,6.9448,11.1369,17.9853
2026-01-10 02:50:00+00:00,0,normal,25.7826,7.5869,6.7958,11.082,17.9844
2026-01-10 03:00:00+00:00,0,normal,25.7971,7.6003,6.8857,11.0917,17.9825
2026-01-10 03:10:00+00:00,0,normal,25.8866,7.629,6.8624,10.7071,17.969
2026-01-10 03:20:00+00:00,0,normal,25.8708,7.6451,6.7832,10.7464,17.9602
2026-01-10 03:30:00+00:00,0,normal,25.9461,7.6244,6.7377,11.1148,17.9635
2026-01-10 03:40:00+00:00,0,normal,25.9058,7.6415,6.7768,11.4389,17.9499
2026-01-10 03:50:00+00:00,0,normal,25.9464,7.6563,6.7466,11.3526,17.9807
2026-01-10 04:00:00+00:00,0,normal,25.9859,7.6567,6.6994,11.6718,18.0036
2026-01-10 04:10:00+00:00,0,normal,26.037,7.6686,6.6476,11.6277,18.0092
2026-01-10 04:20:00+00:00,0,normal,26.0563,7.6793,6.6318,11.3564,18.0187
2026-01-10 04:30:00+00:00,0,normal,26.1723,7.6736,6.5675,11.3114,18.0195
2026-01-10 04:40:00+00:00,0,normal,26.2567,7.697,6.5441,11.4879,17.994
2026-01-10 04:50:00+00:00,0,normal,26.2537,7.7084,6.5575,11.5113,17.9851
2026-01-10 05:00:00+00:00,0,normal,26.3585,7.72,6.5279,11.4279,17.9618
2026-01-10 05:10:00+00:00,0,normal,26.4295,7.7334,6.4833,11.6651,17.9773
2026-01-10 05:20:00+00:00,0,normal,26.3789,7.7415,6.5476,11.7187,17.986
2026-01-10 05:30:00+00:00,0,normal,26.3809,7.7167,6.4796,11.6859,17.9786
2026-01-10 05:40:00+00:00,0,normal,26.5201,7.7336,6.3965,11.7139,17.9814
2026-01-10 05:50:00+00:00,0,normal,26.5838,7.7627,6.4038,11.584,17.9846
2026-01-10 06:00:00+00:00,0,normal,26.6205,7.7703,6.3541,11.5354,17.9582
2026-01-10 06:10:00+00:00,0,normal,26.8025,7.7734,6.2762,11.4517,17.9709
2026-01-10 06:20:00+00:00,0,normal,26.9043,7.7884,6.2641,11.4248,17.9715
2026-01-10 06:30:00+00:00,0,normal,26.9415,7.7744,6.2167,11.3548,17.968
2026-01-10 06:40:00+00:00,0,normal,27.0731,7.7713,6.0809,11.6861,17.9789
2026-01-10 06:50:00+00:00,0,normal,27.0928,7.7757,6.0816,11.4258,17.9832
2026-01-10 07:00:00+00:00,0,normal,27.0379,7.7736,6.0331,11.4,17.9617
2026-01-10 07:10:00+00:00,0,normal,27.0756,7.7988,5.9341,11.3215,17.984
2026-01-10 07:20:00+00:00,0,normal,27.1053,7.8231,5.9169,11.3464,17.9744
2026-01-10 07:30:00+00:00,0,normal,27.0245,7.8044,5.9233,11.327,17.9623
2026-01-10 07:40:00+00:00,0,normal,27.029,7.7857,5.891,11.4113,17.9649
2026-01-10 07:50:00+00:00,0,normal,27.173,7.7916,5.8107,11.4962,17.9548
2026-01-10 08:00:00+00:00,0,normal,27.1995,7.7886,5.7691,11.513,17.9399
2026-01-10 08:10:00+00:00,0,normal,27.1855,7.7874,5.769,11.3723,17.9411
2026-01-10 08:20:00+00:00,0,normal,27.2636,7.8203,5.7484,11.0814,17.9464
2026-01-10 08:30:00+00:00,0,normal,27.3209,7.837,5.7648,11.179,17.9407
2026-01-10 08:40:00+00:00,0,normal,27.2505,7.8378,5.7906,11.0224,17.9451
2026-01-10 08:50:00+00:00,0,normal,27.2787,7.8108,5.7997,10.9477,17.94
2026-01-10 09:00:00+00:00,0,normal,27.276,7.8024,5.7428,10.8765,17.9433
2026-01-10 09:10:00+00:00,0,normal,27.2709,7.782,5.7461,11.0203,17.9424
2026-01-10 09:20:00+00:00,0,normal,27.3567,7.7799,5.6595,10.9307,17.9215
2026-01-10 09:30:00+00:00,0,normal,27.3931,7.7936,5.6679,11.0094,17.9168
2026-01-10 09:40:00+00:00,0,normal,27.3676,7.7975,5.689,11.1363,17.9028
2026-01-10 09:50:00+00:00,0,normal,27.4018,7.8027,5.764,11.0919,17.9078
2026-01-10 10:00:00+00:00,0,normal,27.3779,7.7834,5.7837,11.0075,17.8856
2026-01-10 10:10:00+00:00,0,normal,27.3011,7.7999,5.782,11.1351,17.8885
2026-01-10 10:20:00+00:00,0,normal,27.2695,7.7741,5.7352,11.0076,17.8963
2026-01-10 10:30:00+00:00,0,normal,27.3124,7.7772,5.7277,10.6468,17.8838
2026-01-10 10:40:00+00:00,0,normal,27.2624,7.7636,5.649,10.8075,17.857
2026-01-10 10:50:00+00:00,0,normal,27.2999,7.7682,5.6347,10.7107,17.8796
2026-01-10 11:00:00+00:00,0,normal,27.2847,7.7431,5.7011,10.6023,17.8834
2026-01-10 11:10:00+00:00,0,normal,27.2989,7.7473,5.7582,10.4395,17.8761
2026-01-10 11:20:00+00:00,0,normal,27.2101,7.7222,5.7546,10.6527,17.8857
2026-01-10 11:30:00+00:00,0,normal,27.3028,7.7045,5.7752,10.4887,17.8873
2026-01-10 11:40:00+00:00,0,normal,27.2968,7.7007,5.771,10.6322,17.8677
2026-01-10 11:50:00+00:00,0,normal,27.323,7.6851,5.7132,10.5648,17.867
2026-01-10 12:00:00+00:00,0,normal,27.2308,7.6764,5.7242,10.5999,17.8462
2026-01-10 12:10:00+00:00,0,normal,27.2749,7.6824,5.7504,10.537,17.8499
2026-01-10 12:20:00+00:00,0,normal,27.2134,7.6759,5.7321,10.4449,17.8387
2026-01-10 12:30:00+00:00,0,normal,27.0804,7.6652,5.7975,10.524,17.8417
2026-01-10 12:40:00+00:00,0,normal,27.0126,7.6351,5.8999,10.549,17.8329
2026-01-10 12:50:00+00:00,0,normal,27.0461,7.6093,5.9266,10.5212,17.8303
2026-01-10 13:00:00+00:00,0,normal,27.0002,7.5938,5.9419,10.4142,17.8137
2026-01-10 13:10:00+00:00,0,normal,26.9542,7.5926,5.9994,10.5173,17.8144
2026-01-10 13:20:00+00:00,0,normal,26.983,7.5808,5.9671,10.4128,17.7841
2026-01-10 13:30:00+00:00,0,normal,26.9958,7.6034,5.907,10.2785,17.7736
2026-01-10 13:40:00+00:00,0,normal,26.9842,7.6066,5.8412,10.2856,17.7622
2026-01-10 13:50:00+00:00,0,normal,26.8168,7.5816,5.933,10.3103,17.7574
2026-01-10 14:00:00+00:00,0,normal,26.7535,7.5576,5.9864,10.4651,17.75
2026-01-10 14:10:00+00:00,0,normal,26.6903,7.5469,6.0408,10.4534,17.7689
2026-01-10 14:20:00+00:00,0,normal,26.5262,7.5121,6.1154,10.7156,17.7586
2026-01-10 14:30:00+00:00,0,normal,26.4363,7.5042,6.2193,10.7494,17.7534
2026-01-10 14:40:00+00:00,0,normal,26.5343,7.4943,6.2208,10.9033,17.7345
2026-01-10 14:50:00+00:00,0,normal,26.4556,7.4853,6.276,10.8647,17.7494
2026-01-10 15:00:00+00:00,0,normal,26.4217,7.4776,6.3053,10.8242,17.7644
2026-01-10 15:10:00+00:00,0,normal,26.3992,7.4689,6.422,10.7285,17.7843
2026-01-10 15:20:00+00:00,0,normal,26.3183,7.4376,6.5565,10.6545,17.7779
2026-01-10 15:30:00+00:00,0,normal,26.2728,7.4361,6.5326,10.6938,17.7711
2026-01-10 15:40:00+00:00,0,normal,26.2381,7.4306,6.5255,10.5242,17.7394
2026-01-10 15:50:00+00:00,0,normal,26.1881,7.409,6.5856,10.507,17.7152
2026-01-10 16:00:00+00:00,0,normal,26.0989,7.39,6.5459,10.4949,17.7125
2026-01-10 16:10:00+00:00,0,normal,26.1352,7.3994,6.4843,10.4094,17.7309
2026-01-10 16:20:00+00:00,0,normal,26.0488,7.3921,6.5571,10.2037,17.7415
2026-01-10 16:30:00+00:00,0,normal,26.0069,7.3848,6.6108,10.2551,17.7395
2026-01-10 16:40:00+00:00,0,normal,25.9564,7.3869,6.6081,10.1841,17.7268
2026-01-10 16:50:00+00:00,0,normal,25.9186,7.4079,6.6442,10.1095,17.7056
2026-01-10 17:00:00+00:00,0,normal,25.8402,7.3976,6.6044,10.4297,17.7025
2026-01-10 17:10:00+00:00,0,normal,25.7533,7.3774,6.7035,10.3505,17.6936
2026-01-10 17:20:00+00:00,0,normal,25.6997,7.3645,6.7612,10.1957,17.7029
2026-01-10 17:30:00+00:00,0,normal,25.6091,7.3431,6.8576,10.1519,17.7055
2026-01-10 17:40:00+00:00,0,normal,25.5876,7.3136,6.9186,10.2472,17.7033
2026-01-10 17:50:00+00:00,0,normal,25.5195,7.2832,6.9543,10.1857,17.6897
2026-01-10 18:00:00+00:00,0,normal,25.4909,7.2818,6.9105,10.3544,17.6933
2026-01-10 18:10:00+00:00,0,normal,25.4733,7.278,6.8946,10.6062,17.687
2026-01-10 18:20:00+00:00,0,normal,25.4435,7.2778,6.8664,10.7117,17.6758
2026-01-10 18:30:00+00:00,0,normal,25.4369,7.2689,6.8181,10.5866,17.6813
2026-01-10 18:40:00+00:00,0,normal,25.3522,7.2613,6.9133,10.4046,17.6976
2026-01-10 18:50:00+00:00,0,normal,25.38,7.2823,6.9396,10.2145,17.6969
2026-01-10 19:00:00+00:00,0,normal,25.2584,7.2728,7.0185,10.1054,17.6962
2026-01-10 19:10:00+00:00,0,normal,25.2641,7.2651,7.0925,10.1809,17.7092
2026-01-10 19:20:00+00:00,0,normal,25.2564,7.2781,7.2288,10.2816,17.7021
2026-01-10 19:30:00+00:00,0,normal,25.2042,7.3086,7.3183,10.4065,17.6975
2026-01-10 19:40:00+00:00,0,normal,25.1693,7.2936,7.339,10.4482,17.6965
2026-01-10 19:50:00+00:00,0,normal,25.2286,7.2691,7.3793,10.7766,17.7018
2026-01-10 20:00:00+00:00,0,normal,25.1871,7.2993,7.3297,10.6192,17.7103
2026-01-10 20:10:00+00:00,0,normal,25.1099,7.276,7.2433,10.6272,17.72
2026-01-10 20:20:00+00:00,0,normal,25.1057,7.256,7.205,10.7563,17.7083
2026-01-10 20:30:00+00:00,0,normal,24.9931,7.2368,7.2981,10.8988,17.7172
2026-01-10 20:40:00+00:00,0,normal,24.9485,7.2556,7.2755,10.5484,17.7026
2026-01-10 20:50:00+00:00,0,normal,24.9435,7.2371,7.301,10.7507,17.6856
2026-01-10 21:00:00+00:00,0,normal,24.9307,7.2379,7.3583,10.613,17.6822
2026-01-10 21:10:00+00:00,0,normal,24.8897,7.2407,7.3733,10.7174,17.698
2026-01-10 21:20:00+00:00,0,normal,24.9131,7.2666,7.3038,10.7672,17.6822
2026-01-10 21:30:00+00:00,0,normal,24.9208,7.2706,7.3509,10.8518,17.6924
2026-01-10 21:40:00+00:00,0,normal,24.8849,7.2586,7.4048,10.6308,17.6951
2026-01-10 21:50:00+00:00,0,normal,24.8985,7.282,7.4837,10.6753,17.6878
2026-01-10 22:00:00+00:00,0,normal,24.9172,7.2863,7.4909,10.5019,17.6642
2026-01-10 22:10:00+00:00,0,normal,24.8521,7.2733,7.5803,10.7031,17.6766
2026-01-10 22:20:00+00:00,0,normal,24.7881,7.2733,7.5708,10.7806,17.6666
2026-01-10 22:30:00+00:00,0,normal,24.7084,7.293,7.6429,10.9985,17.6781
2026-01-10 22:40:00+00:00,0,normal,24.6953,7.3059,7.6025,11.1914,17.6924
2026-01-10 22:50:00+00:00,0,normal,24.7096,7.3072,7.6574,11.4809,17.699
2026-01-10 23:00:00+00:00,0,normal,24.737,7.3131,7.6476,11.2475,17.6845
2026-01-10 23:10:00+00:00,0,normal,24.6741,7.3295,7.6345,11.4173,17.6972
2026-01-10 23:20:00+00:00,0,normal,24.7026,7.3255,7.6162,11.3582,17.6838
2026-01-10 23:30:00+00:00,0,normal,24.7512,7.3324,7.5813,11.2609,17.6713
2026-01-10 23:40:00+00:00,0,normal,24.7494,7.3635,7.524,11.0143,17.6794
2026-01-10 23:50:00+00:00,0,normal,24.7994,7.3824,7.503,11.0753,17.684
2026-01-11 00:00:00+00:00,0,normal,24.8792,7.383,7.5277,10.9862,18.2508
2026-01-11 00:10:00+00:00,0,normal,25.0015,7.4102,7.4288,10.7952,18.2513
2026-01-11 00:20:00+00:00,0,normal,24.9835,7.4152,7.4248,10.9091,18.2632
2026-01-11 00:30:00+00:00,0,normal,25.0476,7.413,7.3709,10.8717,18.2559
2026-01-11 00:40:00+00:00,0,normal,25.1499,7.4322,7.2384,10.8204,18.2664
2026-01-11 00:50:00+00:00,0,normal,25.2881,7.4657,7.1314,10.6345,18.257
2026-01-11 01:00:00+00:00,0,normal,25.2606,7.4706,7.1782,10.8677,18.2655
2026-01-11 01:10:00+00:00,0,normal,25.2816,7.4822,7.1541,10.8116,18.2562
2026-01-11 01:20:00+00:00,0,normal,25.2982,7.5126,7.2287,10.8468,18.2612
2026-01-11 01:30:00+00:00,0,normal,25.2733,7.5274,7.283,10.7617,18.2583
2026-01-11 01:40:00+00:00,0,normal,25.257,7.5375,7.2829,10.9296,18.2495
2026-01-11 01:50:00+00:00,0,normal,25.2972,7.5499,7.2204,10.8965,18.2525
2026-01-11 02:00:00+00:00,0,normal,25.4163,7.5569,7.2055,10.7864,18.2724
2026-01-11 02:10:00+00:00,0,normal,25.47,7.5607,7.094,10.785,18.2811
2026-01-11 02:20:00+00:00,0,normal,25.5819,7.5662,7.0342,10.8913,18.2911
2026-01-11 02:30:00+00:00,0,normal,25.6374,7.5656,6.9863,10.8952,18.3079
2026-01-11 02:40:00+00:00,0,normal,25.7654,7.5779,6.907,10.9297,18.3016
2026-01-11 02:50:00+00:00,0,normal,25.7759,7.5879,6.8598,10.9584,18.2696
2026-01-11 03:00:00+00:00,0,normal,25.866,7.6007,6.833,10.9282,18.267
2026-01-11 03:10:00+00:00,0,normal,25.8092,7.6116,6.8842,10.8297,18.2699
2026-01-11 03:20:00+00:00,0,normal,25.8278,7.628,6.8797,10.9555,18.2786
2026-01-11 03:30:00+00:00,0,normal,25.8333,7.6385,6.8995,11.1642,18.2741
2026-01-11 03:40:00+00:00,0,normal,25.9097,7.6531,6.8551,11.4829,18.3004
2026-01-11 03:50:00+00:00,0,normal,25.9305,7.6335,6.8802,11.5179,18.3028
2026-01-11 04:00:00+00:00,0,normal,25.9645,7.6241,6.8072,11.8516,18.2915
2026-01-11 04:10:00+00:00,0,normal,26.0006,7.6251,6.767,11.7713,18.2637
2026-01-11 04:20:00+00:00,0,normal,25.987,7.6241,6.7649,11.5371,18.2669
2026-01-11 04:30:00+00:00,0,normal,25.9421,7.6375,6.7554,11.3098,18.2617
2026-01-11 04:40:00+00:00,0,normal,25.9987,7.6735,6.6857,11.3527,18.2697
2026-01-11 04:50:00+00:00,0,normal,26.1394,7.6985,6.6907,11.2172,18.2479
2026-01-11 05:00:00+00:00,0,normal,26.2413,7.729,6.6073,11.2072,18.261
2026-01-11 05:10:00+00:00,0,normal,26.2642,7.7369,6.607,11.2912,18.26
2026-01-11 05:20:00+00:00,0,normal,26.3734,7.7439,6.5364,11.3149,18.2493
2026-01-11 05:30:00+00:00,0,normal,26.4152,7.7433,6.5292,11.4743,18.2407
2026-01-11 05:40:00+00:00,0,normal,26.5011,7.7632,6.4221,11.4414,18.2809
2026-01-11 05:50:00+00:00,0,normal,26.4991,7.7557,6.4589,11.3726,18.2682
2026-01-11 06:00:00+00:00,0,normal,26.6154,7.7737,6.3371,11.3378,18.2706
2026-01-11 06:10:00+00:00,0,normal,26.7316,7.7694,6.277,11.3518,18.2588
2026-01-11 06:20:00+00:00,0,normal,26.8004,7.7683,6.1652,11.0403,18.2569
2026-01-11 06:30:00+00:00,0,normal,26.7908,7.7706,6.1339,10.9288,18.2311
2026-01-11 06:40:00+00:00,0,normal,26.8915,7.7584,6.0487,11.202,18.2493
2026-01-11 06:50:00+00:00,0,normal,26.9602,7.7747,6.0145,11.029,18.2508
2026-01-11 07:00:00+00:00,0,normal,26.968,7.796,5.9606,11.0552,18.2597
2026-01-11 07:10:00+00:00,0,normal,26.9623,7.7982,5.9741,11.2258,18.2504
2026-01-11 07:20:00+00:00,0,normal,27.0116,7.784,5.979,11.4299,18.2568
2026-01-11 07:30:00+00:00,0,normal,26.9943,7.8191,6.0109,11.1828,18.2457
2026-01-11 07:40:00+00:00,0,normal,27.0287,7.8213,5.9778,11.5533,18.2286
2026-01-11 07:50:00+00:00,0,normal,27.0397,7.8158,6.0884,11.5302,18.2264
2026-01-11 08:00:00+00:00,0,normal,27.0773,7.8246,6.0409,11.6205,18.2252
2026-01-11 08:10:00+00:00,0,normal,27.0735,7.8247,5.9888,11.6028,18.2201
2026-01-11 08:20:00+00:00,0,normal,27.1271,7.8097,5.8774,11.7108,18.2218
2026-01-11 08:30:00+00:00,0,normal,27.1012,7.7874,5.866,11.4838,18.2155
2026-01-11 08:40:00+00:00,0,normal,27.1044,7.7854,5.8306,11.479,18.2214
2026-01-11 08:50:00+00:00,0,normal,27.107,7.7975,5.8276,11.2676,18.2205
2026-01-11 09:00:00+00:00,0,normal,27.1374,7.8006,5.7594,11.1479,18.2098
2026-01-11 09:10:00+00:00,0,normal,27.134,7.786,5.8276,10.9788,18.2008
2026-01-11 09:20:00+00:00,0,normal,27.2116,7.7795,5.8103,10.7241,18.2057
2026-01-11 09:30:00+00:00,0,normal,27.1929,7.7758,5.7819,10.641,18.1761
2026-01-11 09:40:00+00:00,0,normal,27.221,7.7492,5.7653,10.7557,18.1372
2026-01-11 09:50:00+00:00,0,normal,27.1933,7.7456,5.7895,10.5657,18.126
2026-01-11 10:00:00+00:00,0,normal,27.2864,7.7395,5.7083,10.4096,18.1089
2026-01-11 10:10:00+00:00,0,normal,27.2743,7.7514,5.7152,10.7412,18.1089
2026-01-11 10:20:00+00:00,0,normal,27.3085,7.7362,5.6672,10.8807,18.1256
2026-01-11 10:30:00+00:00,0,normal,27.3438,7.7386,5.6702,10.6907,18.1491
2026-01-11 10:40:00+00:00,0,normal,27.2849,7.7235,5.7102,10.8345,18.1421
2026-01-11 10:50:00+00:00,0,normal,27.2278,7.7435,5.7545,10.9108,18.1384
2026-01-11 11:00:00+00:00,0,normal,27.2777,7.7339,5.7129,10.8897,18.1296
2026-01-11 11:10:00+00:00,0,normal,27.2776,7.7533,5.6925,10.6601,18.1346
2026-01-11 11:20:00+00:00,0,normal,27.2473,7.7484,5.699,10.6638,18.1366
2026-01-11 11:30:00+00:00,0,normal,27.3258,7.7601,5.6688,10.7696,18.129
2026-01-11 11:40:00+00:00,0,normal,27.3403,7.7351,5.6701,10.6457,18.1242
2026-01-11 11:50:00+00:00,0,normal,27.175,7.7198,5.7766,10.4396,18.1271
2026-01-11 12:00:00+00:00,0,normal,27.086,7.7,5.8592,10.4916,18.1062
2026-01-11 12:10:00+00:00,0,normal,27.0653,7.6932,5.8156,10.6801,18.0812
2026-01-11 12:20:00+00:00,0,normal,26.992,7.6724,5.8351,10.3811,18.0981
2026-01-11 12:30:00+00:00,0,normal,26.9771,7.6614,5.8068,10.3936,18.0988
2026-01-11 12:40:00+00:00,0,normal,27.0058,7.649,5.7457,10.4945,18.0858
2026-01-11 12:50:00+00:00,0,normal,26.963,7.6367,5.7381,10.5436,18.073
2026-01-11 13:00:00+00:00,0,normal,26.8742,7.6268,5.8675,10.3815,18.0914
2026-01-11 13:10:00+00:00,0,normal,26.7636,7.6016,5.9789,10.483,18.0625
2026-01-11 13:20:00+00:00,0,normal,26.669,7.5835,6.0371,10.5592,18.04
2026-01-11 13:30:00+00:00,0,normal,26.6329,7.5654,6.1065,10.3127,18.0296
2026-01-11 13:40:00+00:00,0,normal,26.6451,7.5537,6.1377,10.2271,18.0345
2026-01-11 13:50:00+00:00,0,normal,26.6859,7.5257,6.0977,10.353,18.0081
2026-01-11 14:00:00+00:00,0,normal,26.783,7.5337,6.0773,10.2077,18.0145
2026-01-11 14:10:00+00:00,0,normal,26.739,7.5336,6.1003,10.0952,18.0205
2026-01-11 14:20:00+00:00,0,normal,26.6214,7.5215,6.148,10.2062,18.0254
2026-01-11 14:30:00+00:00,0,normal,26.6102,7.5182,6.1202,10.1482,18.0155
2026-01-11 14:40:00+00:00,0,normal,26.5417,7.5007,6.1324,10.1785,18.0207
2026-01-11 14:50:00+00:00,0,normal,26.4591,7.4951,6.1021,10.2129,18.0147
2026-01-11 15:00:00+00:00,0,normal,26.4492,7.4836,6.1087,10.1674,18.0231
2026-01-11 15:10:00+00:00,0,normal,26.4319,7.4601,6.1304,10.2896,18.0217
2026-01-11 15:20:00+00:00,0,normal,26.4293,7.4516,6.1687,10.25,18.0256
2026-01-11 15:30:00+00:00,0,normal,26.3214,7.4597,6.2551,10.1299,18.0169
2026-01-11 15:40:00+00:00,0,normal,26.2835,7.4308,6.3202,10.2075,18.0147
2026-01-11 15:50:00+00:00,0,normal,26.1333,7.4037,6.4914,10.3804,18.0053
2026-01-11 16:00:00+00:00,0,normal,26.0875,7.3981,6.4876,10.122,17.9904
2026-01-11 16:10:00+00:00,0,normal,26.0153,7.3944,6.5049,10.2432,17.9728
2026-01-11 16:20:00+00:00,0,normal,25.986,7.3686,6.5144,10.1815,17.979
2026-01-11 16:30:00+00:00,0,normal,25.9349,7.3516,6.5598,10.1772,17.9685
2026-01-11 16:40:00+00:00,0,normal,25.95,7.3567,6.5273,9.9942,17.9592
2026-01-11 16:50:00+00:00,0,normal,25.9259,7.3485,6.6093,10.1946,17.9695
2026-01-11 17:00:00+00:00,0,normal,25.8669,7.3089,6.7213,10.2293,17.9762
2026-01-11 17:10:00+00:00,0,normal,25.8148,7.3179,6.7837,10.1531,17.9615
2026-01-11 17:20:00+00:00,0,normal,25.668,7.3207,6.8556,10.1321,17.9749
2026-01-11 17:30:00+00:00,0,normal,25.5789,7.3053,6.9472,10.3632,17.9689
2026-01-11 17:40:00+00:00,0,normal,25.5516,7.3142,6.8656,10.5366,17.9662
2026-01-11 17:50:00+00:00,0,normal,25.4668,7.3105,6.8911,10.5704,17.9673
2026-01-11 18:00:00+00:00,0,normal,25.3698,7.2922,6.9674,10.6651,17.9717
2026-01-11 18:10:00+00:00,0,normal,25.36,7.2771,7.0589,10.7066,17.9588
2026-01-11 18:20:00+00:00,0,normal,25.3212,7.2703,6.9856,10.6291,17.9549
2026-01-11 18:30:00+00:00,0,normal,25.2427,7.2579,7.1113,10.3089,17.9691
2026-01-11 18:40:00+00:00,0,normal,25.1348,7.2476,7.1293,10.2031,17.9425
2026-01-11 18:50:00+00:00,0,normal,25.1259,7.2552,7.0756,10.3165,17.9285
2026-01-11 19:00:00+00:00,0,normal,25.0845,7.2654,7.0413,10.3638,17.9441
2026-01-11 19:10:00+00:00,0,normal,25.0936,7.2616,7.1299,10.3149,17.9588
2026-01-11 19:20:00+00:00,0,normal,25.098,7.2558,7.1925,10.3994,17.938
2026-01-11 19:30:00+00:00,0,normal,25.1061,7.2611,7.2274,10.4312,17.94
2026-01-11 19:40:00+00:00,0,normal,25.0802,7.2699,7.3301,10.1913,17.9602
2026-01-11 19:50:00+00:00,0,normal,25.079,7.2542,7.3423,10.1066,17.9411
2026-01-11 20:00:00+00:00,0,normal,24.9913,7.2578,7.3848,10.3642,17.932
2026-01-11 20:10:00+00:00,0,normal,24.8923,7.2658,7.4393,10.35,17.9323
2026-01-11 20:20:00+00:00,0,normal,24.8372,7.2653,7.4856,10.2866,17.9548
2026-01-11 20:30:00+00:00,0,normal,24.8041,7.2423,7.5237,10.4762,17.9443
2026-01-11 20:40:00+00:00,0,normal,24.7349,7.2611,7.5321,10.5497,17.965
2026-01-11 20:50:00+00:00,0,normal,24.7501,7.2704,7.537,10.4133,17.9735
2026-01-11 21:00:00+00:00,0,normal,24.7998,7.2831,7.5184,10.6451,17.9617
2026-01-11 21:10:00+00:00,0,normal,24.761,7.2913,7.5798,10.5863,17.9535
2026-01-11 21:20:00+00:00,0,normal,24.7715,7.3081,7.5095,10.6606,17.9532
2026-01-11 21:30:00+00:00,0,normal,24.7945,7.3177,7.5376,10.6688,17.9419
2026-01-11 21:40:00+00:00,0,normal,24.7924,7.3304,7.5331,10.6513,17.9412
2026-01-11 21:50:00+00:00,0,normal,24.7594,7.3474,7.5345,10.7917,17.9341
2026-01-11 22:00:00+00:00,0,normal,24.7603,7.3587,7.5127,10.8316,17.9217
2026-01-11 22:10:00+00:00,0,normal,24.7125,7.3482,7.6223,10.8376,17.9222
2026-01-11 22:20:00+00:00,0,normal,24.7224,7.3483,7.5863,11.0497,17.9361
2026-01-11 22:30:00+00:00,0,normal,24.7504,7.3507,7.5588,11.0299,17.9339
2026-01-11 22:40:00+00:00,0,normal,24.6768,7.3503,7.5265,10.7688,17.9661
2026-01-11 22:50:00+00:00,0,normal,24.7496,7.3414,7.5107,10.9062,17.9839
2026-01-11 23:00:00+00:00,0,normal,24.8482,7.3648,7.4381,10.7888,17.9853
2026-01-11 23:10:00+00:00,0,normal,24.8544,7.3591,7.5841,10.6952,17.9595
2026-01-11 23:20:00+00:00,0,normal,24.8521,7.3651,7.6251,10.8915,17.9514
2026-01-11 23:30:00+00:00,0,normal,24.9238,7.3577,7.6556,10.9476,17.9332
2026-01-11 23:40:00+00:00,0,normal,24.9266,7.3792,7.6408,11.1125,17.9143
2026-01-11 23:50:00+00:00,0,normal,24.8472,7.3661,7.6471,11.3642,17.9159
2026-01-12 00:00:00+00:00,0,normal,24.7922,7.3854,7.5663,11.4256,17.9249
2026-01-12 00:10:00+00:00,0,normal,24.8324,7.3936,7.5202,11.406,17.9341
2026-01-12 00:20:00+00:00,0,normal,24.8503,7.4068,7.4341,11.4009,17.9409
2026-01-12 00:30:00+00:00,0,normal,24.8684,7.4302,7.4191,11.0299,17.9672
2026-01-12 00:40:00+00:00,0,normal,24.9089,7.4507,7.4082,10.9593,17.9617
2026-01-12 00:50:00+00:00,0,normal,24.9766,7.4595,7.423,11.0179,17.9606
2026-01-12 01:00:00+00:00,0,normal,24.9722,7.4678,7.4052,11.0045,17.9703
2026-01-12 01:10:00+00:00,0,normal,25.019,7.4801,7.4148,11.1869,17.9698
2026-01-12 01:20:00+00:00,0,normal,25.0883,7.4955,7.3773,11.4313,17.9759
2026-01-12 01:30:00+00:00,0,normal,25.1955,7.5145,7.3188,11.4394,17.9906
2026-01-12 01:40:00+00:00,0,normal,25.3003,7.5212,7.2014,11.5284,18.0038
2026-01-12 01:50:00+00:00,0,normal,25.3591,7.5496,7.1282,11.5887,18.0014
2026-01-12 02:00:00+00:00,0,normal,25.4875,7.561,7.0787,11.6493,17.9999
2026-01-12 02:10:00+00:00,0,normal,25.4821,7.5358,7.0437,11.87,17.9873
2026-01-12 02:20:00+00:00,0,normal,25.5117,7.5395,7.01,11.6898,17.9835
2026-01-12 02:30:00+00:00,0,normal,25.5899,7.5466,6.9904,11.6171,17.982
2026-01-12 02:40:00+00:00,0,normal,25.6768,7.5272,6.958,11.4836,17.9832
2026-01-12 02:50:00+00:00,0,normal,25.6198,7.5329,6.9701,11.2223,17.9853
2026-01-12 03:00:00+00:00,0,normal,25.6988,7.5597,6.9572,11.0497,18.0023
2026-01-12 03:10:00+00:00,0,normal,25.8022,7.5909,6.8952,11.3833,18.0246
2026-01-12 03:20:00+00:00,0,normal,25.8328,7.618,6.9281,11.2496,18.0178
2026-01-12 03:30:00+00:00,0,normal,25.848,7.6487,6.9373,11.1299,18.0236
2026-01-12 03:40:00+00:00,0,normal,25.9455,7.657,6.8461,11.096,18.0273
2026-01-12 03:50:00+00:00,0,normal,25.9974,7.6762,6.7642,11.1822,18.0203
2026-01-12 04:00:00+00:00,0,normal,26.0136,7.6867,6.7212,10.9069,18.0033
2026-01-12 04:10:00+00:00,0,normal,26.0411,7.6935,6.5844,10.742,18.0219
2026-01-12 04:20:00+00:00,0,normal,26.0874,7.7016,6.5578,10.7798,18.014
2026-01-12 04:30:00+00:00,0,normal,26.1528,7.7085,6.5175,10.955,18.0105
2026-01-12 04:40:00+00:00,0,normal,26.1968,7.7189,6.4988,10.9851,18.0027
2026-01-12 04:50:00+00:00,0,normal,26.2599,7.732,6.5217,11.0154,17.9923
2026-01-12 05:00:00+00:00,0,normal,26.4278,7.7458,6.4394,11.3064,17.9753
2026-01-12 05:10:00+00:00,0,normal,26.4188,7.7419,6.433,11.5554,17.982
2026-01-12 05:20:00+00:00,0,normal,26.4805,7.7603,6.3714,11.4437,17.9937
2026-01-12 05:30:00+00:00,0,normal,26.5297,7.7545,6.3327,11.3364,17.9903
2026-01-12 05:40:00+00:00,0,normal,26.5827,7.7426,6.2287,11.3102,17.9897
2026-01-12 05:50:00+00:00,0,normal,26.5299,7.7472,6.2645,11.288,18.0017
2026-01-12 06:00:00+00:00,0,normal,26.6708,7.766,6.1306,11.109,17.9928
2026-01-12 06:10:00+00:00,0,normal,26.7499,7.784,6.1999,11.0498,17.9633
2026-01-12 06:20:00+00:00,0,normal,26.8314,7.7984,6.1076,11.0561,17.9928
2026-01-12 06:30:00+00:00,0,normal,26.8974,7.7999,6.128,11.2305,18.0005
2026-01-12 06:40:00+00:00,0,normal,26.856,7.7898,6.1518,11.2128,18.0048
2026-01-12 06:50:00+00:00,0,normal,26.929,7.7878,6.1477,11.3755,17.9999
2026-01-12 07:00:00+00:00,0,normal,26.9419,7.7793,6.0641,11.5939,18.0056
2026-01-12 07:10:00+00:00,0,normal,27.0139,7.7968,6.1298,11.5758,17.9785
2026-01-12 07:20:00+00:00,0,normal,26.9677,7.8206,6.1812,11.3703,17.9622
2026-01-12 07:30:00+00:00,0,normal,27.0589,7.8375,6.0923,11.2001,17.9426
2026-01-12 07:40:00+00:00,0,normal,27.0418,7.8426,6.0834,10.8958,17.9279
2026-01-12 07:50:00+00:00,0,normal,27.0607,7.8324,6.0438,10.9059,17.932
2026-01-12 08:00:00+00:00,0,normal,27.0632,7.8174,5.9348,10.8447,17.9289
2026-01-12 08:10:00+00:00,0,normal,27.1753,7.7969,5.8084,10.7022,17.941
2026-01-12 08:20:00+00:00,0,normal,27.1687,7.8019,5.8159,10.9123,17.9252
2026-01-12 08:30:00+00:00,0,normal,27.2235,7.7869,5.7245,11.0755,17.9252
2026-01-12 08:40:00+00:00,0,normal,27.2473,7.8012,5.7367,11.029,17.9052
2026-01-12 08:50:00+00:00,0,normal,27.2504,7.7885,5.7731,11.014,17.9043
2026-01-12 09:00:00+00:00,0,normal,27.1768,7.7884,5.7648,11.0914,17.8991
2026-01-12 09:10:00+00:00,0,normal,27.2746,7.7808,5.6829,10.9815,17.8973
2026-01-12 09:20:00+00:00,0,normal,27.1665,7.7949,5.7907,11.0059,17.9112
2026-01-12 09:30:00+00:00,0,normal,27.2011,7.7881,5.8053,10.845,17.9285
2026-01-12 09:40:00+00:00,0,normal,27.164,7.796,5.8203,10.9945,17.9173
2026-01-12 09:50:00+00:00,0,normal,27.2257,7.788,5.8309,11.1618,17.9064
2026-01-12 10:00:00+00:00,0,normal,27.2078,7.7777,5.8292,11.151,17.9063
2026-01-12 10:10:00+00:00,0,normal,27.339,7.7781,5.738,10.9467,17.8816
2026-01-12 10:20:00+00:00,0,normal,27.3089,7.7738,5.7165,10.8159,17.8829
2026-01-12 10:30:00+00:00,0,normal,27.335,7.7569,5.6455,10.7794,17.8812
2026-01-12 10:40:00+00:00,0,normal,27.3099,7.7522,5.6366,10.4109,17.8709
2026-01-12 10:50:00+00:00,0,normal,27.3526,7.7541,5.6579,10.3151,17.8831
2026-01-12 11:00:00+00:00,0,normal,27.3201,7.7262,5.6841,10.4299,17.8841
2026-01-12 11:10:00+00:00,0,normal,27.3007,7.7061,5.6836,10.4905,17.86
2026-01-12 11:20:00+00:00,0,normal,27.3028,7.7084,5.7285,10.3318,17.87
2026-01-12 11:30:00+00:00,0,normal,27.2481,7.6961,5.7283,10.5962,17.8642
2026-01-12 11:40:00+00:00,0,normal,27.1974,7.6629,5.6998,10.5194,17.8397
2026-01-12 11:50:00+00:00,0,normal,27.0937,7.6712,5.7483,10.5785,17.8351
2026-01-12 12:00:00+00:00,0,normal,27.1114,7.6619,5.7747,10.6751,17.8409
2026-01-12 12:10:00+00:00,0,normal,27.0993,7.6452,5.8149,10.6384,17.8109
2026-01-12 12:20:00+00:00,0,normal,27.2142,7.6402,5.7752,10.481,17.7955
2026-01-12 12:30:00+00:00,0,normal,27.1312,7.6373,5.8443,10.5159,17.7978
2026-01-12 12:40:00+00:00,0,normal,27.1595,7.6093,5.8256,10.6321,17.7831
2026-01-12 12:50:00+00:00,0,normal,27.1639,7.6164,5.7739,10.4663,17.7716
2026-01-12 13:00:00+00:00,0,normal,27.1671,7.6099,5.7556,10.6367,17.7658
2026-01-12 13:10:00+00:00,0,normal,27.0193,7.6074,5.8758,10.5176,17.7707
2026-01-12 13:20:00+00:00,0,normal,27.0284,7.5955,5.9635,10.4166,17.7628
2026-01-12 13:30:00+00:00,0,normal,26.992,7.6112,5.9762,10.1093,17.7613
2026-01-12 13:40:00+00:00,0,normal,26.8957,7.5732,6.0643,10.2824,17.7519
2026-01-12 13:50:00+00:00,0,normal,26.7844,7.5428,6.133,10.1063,17.7628
2026-01-12 14:00:00+00:00,0,normal,26.7617,7.539,6.109,10.4305,17.7587
2026-01-12 14:10:00+00:00,0,normal,26.6503,7.5337,6.0654,10.4766,17.7539
2026-01-12 14:20:00+00:00,0,normal,26.608,7.5061,6.131,10.5192,17.7544
2026-01-12 14:30:00+00:00,0,normal,26.5659,7.5156,6.2086,10.3685,17.7421
2026-01-12 14:40:00+00:00,0,normal,26.5337,7.5242,6.2264,10.5761,17.7187
2026-01-12 14:50:00+00:00,0,normal,26.4286,7.4968,6.2721,10.3005,17.7227
2026-01-12 15:00:00+00:00,0,normal,26.4708,7.4769,6.293,10.2739,17.7199
2026-01-12 15:10:00+00:00,0,normal,26.4274,7.4702,6.2804,10.166,17.7088
2026-01-12 15:20:00+00:00,0,normal,26.3327,7.4589,6.2698,10.26,17.7196
2026-01-12 15:30:00+00:00,0,normal,26.2779,7.4555,6.3216,9.9074,17.728
2026-01-12 15:40:00+00:00,0,normal,26.2288,7.4579,6.3609,10.2279,17.7296
2026-01-12 15:50:00+00:00,0,normal,26.1027,7.4553,6.3337,10.2905,17.7325
2026-01-12 16:00:00+00:00,0,normal,26.0163,7.4248,6.4328,10.4424,17.7467
2026-01-12 16:10:00+00:00,0,normal,26.0327,7.4281,6.4229,10.4302,17.7443
2026-01-12 16:20:00+00:00,0,normal,25.9658,7.3954,6.4222,10.5545,17.726
2026-01-12 16:30:00+00:00,0,normal,25.989,7.3768,6.424,10.3695,17.7147
2026-01-12 16:40:00+00:00,0,normal,25.9528,7.363,6.5723,10.3731,17.6941
2026-01-12 16:50:00+00:00,0,normal,25.9277,7.3625,6.5768,10.3889,17.6878
2026-01-12 17:00:00+00:00,0,normal,25.8254,7.3423,6.6845,10.2527,17.6963
2026-01-12 17:10:00+00:00,0,normal,25.8273,7.348,6.7529,10.1519,17.706
2026-01-12 17:20:00+00:00,0,normal,25.733,7.3395,6.8267,10.236,17.7166
2026-01-12 17:30:00+00:00,0,normal,25.6446,7.325,6.8527,10.2347,17.7354
2026-01-12 17:40:00+00:00,0,normal,25.5355,7.3172,6.9348,9.966,17.7282
2026-01-12 17:50:00+00:00,0,normal,25.4719,7.2959,6.9443,10.0143,17.7185
2026-01-12 18:00:00+00:00,0,normal,25.3469,7.2817,6.9297,10.3027,17.7251
2026-01-12 18:10:00+00:00,0,normal,25.3335,7.2718,7.0202,10.2068,17.7002
2026-01-12 18:20:00+00:00,0,normal,25.327,7.2923,7.0768,10.1614,17.6909
2026-01-12 18:30:00+00:00,0,normal,25.4172,7.2933,7.0304,10.2314,17.6916
2026-01-12 18:40:00+00:00,0,normal,25.3301,7.2743,7.0276,10.2358,17.6726
2026-01-12 18:50:00+00:00,0,normal,25.3402,7.2873,7.0868,9.9549,17.6801
2026-01-12 19:00:00+00:00,0,normal,25.2441,7.286,7.0642,10.0359,17.7014
2026-01-12 19:10:00+00:00,0,normal,25.2039,7.2651,7.0707,10.1167,17.7081
2026-01-12 19:20:00+00:00,0,normal,25.0861,7.2569,7.0832,10.2588,17.706
2026-01-12 19:30:00+00:00,0,normal,25.0292,7.2644,7.1678,10.2558,17.7097
2026-01-12 19:40:00+00:00,0,normal,24.9965,7.2678,7.1873,10.5707,17.6806
2026-01-12 19:50:00+00:00,0,normal,25.0735,7.2687,7.176,10.4655,17.6695
2026-01-12 20:00:00+00:00,0,normal,25.0449,7.2537,7.1946,10.4032,17.6657
2026-01-12 20:10:00+00:00,0,normal,25.021,7.2608,7.2871,10.4372,17.6668
2026-01-12 20:20:00+00:00,0,normal,25.1156,7.2867,7.3175,10.5309,17.6907
2026-01-12 20:30:00+00:00,0,normal,25.0772,7.271,7.3415,10.4378,17.6995
2026-01-12 20:40:00+00:00,0,normal,24.966,7.2595,7.3788,10.6399,17.6974
2026-01-12 20:50:00+00:00,0,normal,24.8808,7.2649,7.3789,10.8337,17.6916
2026-01-12 21:00:00+00:00,0,normal,24.8771,7.257,7.3707,11.1506,17.6768
2026-01-12 21:10:00+00:00,0,normal,24.8211,7.2608,7.3105,10.9989,17.6756
2026-01-12 21:20:00+00:00,0,normal,24.7777,7.2608,7.3847,10.9947,17.6768
2026-01-12 21:30:00+00:00,0,normal,24.7927,7.2591,7.4103,10.8587,17.6832
2026-01-12 21:40:00+00:00,0,normal,24.8454,7.279,7.4772,11.0094,17.6913
2026-01-12 21:50:00+00:00,0,normal,24.7975,7.2914,7.5677,10.7854,17.6959
2026-01-12 22:00:00+00:00,0,normal,24.82,7.2804,7.5791,10.7723,17.686
2026-01-12 22:10:00+00:00,0,normal,24.8073,7.2772,7.5471,10.8187,17.6893
2026-01-12 22:20:00+00:00,0,normal,24.8417,7.2907,7.5803,10.9292,17.697
2026-01-12 22:30:00+00:00,0,normal,24.8162,7.3024,7.5708,10.8154,17.6911
2026-01-12 22:40:00+00:00,0,normal,24.8174,7.3103,7.5421,10.7403,17.6735
2026-01-12 22:50:00+00:00,0,normal,24.8733,7.3286,7.5786,11.0233,17.664
2026-01-12 23:00:00+00:00,0,normal,24.9729,7.3524,7.5734,10.9692,17.652
2026-01-12 23:10:00+00:00,0,normal,24.9518,7.3716,7.5538,10.8892,17.662
2026-01-12 23:20:00+00:00,0,normal,24.9837,7.3671,7.5772,10.8664,17.6762
2026-01-12 23:30:00+00:00,0,normal,25.0063,7.3723,7.5469,10.9854,17.6841
2026-01-12 23:40:00+00:00,0,normal,24.9596,7.3845,7.5501,11.087,17.685
2026-01-12 23:50:00+00:00,0,normal,24.9426,7.4028,7.5212,11.1415,17.6876
2026-01-13 00:00:00+00:00,0,normal,24.9602,7.3985,7.5296,11.3031,18.2238
2026-01-13 00:10:00+00:00,0,normal,25.0194,7.4127,7.4315,11.1534,18.204
2026-01-13 00:20:00+00:00,0,normal,25.0593,7.4332,7.3572,11.3102,18.2225
2026-01-13 00:30:00+00:00,0,normal,25.0353,7.4476,7.3676,11.1289,18.2208
2026-01-13 00:40:00+00:00,0,normal,25.0479,7.4609,7.3293,11.2443,18.2387
2026-01-13 00:50:00+00:00,0,normal,25.1185,7.4776,7.2222,11.2253,18.2231
2026-01-13 01:00:00+00:00,0,normal,25.1066,7.4999,7.2839,11.3908,18.2558
2026-01-13 01:10:00+00:00,0,normal,25.1456,7.5043,7.3435,11.338,18.2731
2026-01-13 01:20:00+00:00,0,normal,25.2077,7.5095,7.2751,11.2044,18.3092
2026-01-13 01:30:00+00:00,0,normal,25.2717,7.5133,7.1725,11.0574,18.3122
2026-01-13 01:40:00+00:00,0,normal,25.2677,7.5185,7.2183,11.1252,18.3426
2026-01-13 01:50:00+00:00,0,normal,25.4145,7.5289,7.1221,11.3354,18.3293
2026-01-13 02:00:00+00:00,0,normal,25.4854,7.5505,7.0652,11.262,18.3079
2026-01-13 02:10:00+00:00,0,normal,25.5147,7.5519,7.0674,11.2413,18.2833
2026-01-13 02:20:00+00:00,0,normal,25.5832,7.5554,7.1167,11.2806,18.2826
2026-01-13 02:30:00+00:00,0,normal,25.6187,7.5638,7.0589,11.2021,18.2799
2026-01-13 02:40:00+00:00,0,normal,25.5952,7.573,7.0015,11.122,18.2726
2026-01-13 02:50:00+00:00,0,normal,25.6396,7.5772,6.9301,11.1382,18.2874
2026-01-13 03:00:00+00:00,0,normal,25.7213,7.5821,6.8753,11.2732,18.2883
2026-01-13 03:10:00+00:00,0,normal,25.7823,7.5933,6.8512,11.4203,18.2813
2026-01-13 03:20:00+00:00,0,normal,25.8358,7.6201,6.8518,11.4947,18.2581
2026-01-13 03:30:00+00:00,0,normal,25.8885,7.62,6.8046,11.2999,18.2624
2026-01-13 03:40:00+00:00,0,normal,25.9081,7.6274,6.7512,11.377,18.2531
2026-01-13 03:50:00+00:00,0,normal,25.9603,7.6306,6.6908,11.4594,18.2446
2026-01-13 04:00:00+00:00,0,normal,26.0229,7.6566,6.6045,11.3217,18.2429
2026-01-13 04:10:00+00:00,0,normal,26.1286,7.6681,6.5223,11.201,18.2584
2026-01-13 04:20:00+00:00,0,normal,26.2678,7.6775,6.4469,11.2428,18.2601
2026-01-13 04:30:00+00:00,0,normal,26.4282,7.6703,6.4494,11.2613,18.2624
2026-01-13 04:40:00+00:00,0,normal,26.4665,7.704,6.4029,11.1219,18.2829
2026-01-13 04:50:00+00:00,0,normal,26.4842,7.7041,6.4636,11.272,18.3009
2026-01-13 05:00:00+00:00,0,normal,26.4736,7.7114,6.4645,11.3445,18.2948
2026-01-13 05:10:00+00:00,0,normal,26.4379,7.733,6.4743,11.3295,18.2965
2026-01-13 05:20:00+00:00,0,normal,26.3868,7.7657,6.5122,11.2249,18.2909
2026-01-13 05:30:00+00:00,0,normal,26.4384,7.7658,6.5085,11.3132,18.2682
2026-01-13 05:40:00+00:00,0,normal,26.4498,7.7638,6.4429,11.0031,18.2447
2026-01-13 05:50:00+00:00,0,normal,26.5378,7.7668,6.3689,10.8767,18.2379
2026-01-13 06:00:00+00:00,0,normal,26.5719,7.7685,6.3874,10.7001,18.2233
2026-01-13 06:10:00+00:00,0,normal,26.6737,7.7819,6.2759,10.5371,18.2452
2026-01-13 06:20:00+00:00,0,normal,26.7264,7.785,6.2013,10.4457,18.25
2026-01-13 06:30:00+00:00,0,normal,26.9118,7.8126,6.0899,10.7461,18.2529
2026-01-13 06:40:00+00:00,0,normal,26.9458,7.8238,6.0663,10.6871,18.2596
2026-01-13 06:50:00+00:00,0,normal,27.0358,7.8299,6.0151,10.8757,18.249
2026-01-13 07:00:00+00:00,0,normal,27.001,7.8387,6.0203,11.1311,18.2298
2026-01-13 07:10:00+00:00,0,normal,27.136,7.8624,5.9782,11.3862,18.2375
2026-01-13 07:20:00+00:00,0,normal,27.114,7.8638,5.9649,11.2015,18.2512
2026-01-13 07:30:00+00:00,0,normal,27.1781,7.8568,5.9003,11.2924,18.2585
2026-01-13 07:40:00+00:00,0,normal,27.1623,7.8721,5.8389,11.2977,18.2703
2026-01-13 07:50:00+00:00,0,normal,27.25,7.8536,5.7868,11.3876,18.2635
2026-01-13 08:00:00+00:00,0,normal,27.1797,7.8322,5.7831,11.3193,18.2526
2026-01-13 08:10:00+00:00,0,normal,27.2216,7.7983,5.7648,11.4045,18.2392
2026-01-13 08:20:00+00:00,0,normal,27.2675,7.8089,5.7604,11.6645,18.2231
2026-01-13 08:30:00+00:00,0,normal,27.3448,7.7811,5.7534,11.6536,18.215
2026-01-13 08:40:00+00:00,0,normal,27.2727,7.7793,5.7583,11.5253,18.2045
2026-01-13 08:50:00+00:00,0,normal,27.2987,7.7692,5.7284,11.5099,18.2078
2026-01-13 09:00:00+00:00,0,normal,27.2896,7.8009,5.7392,11.4645,18.2025
2026-01-13 09:10:00+00:00,0,normal,27.3207,7.8007,5.6997,11.086,18.1917
2026-01-13 09:20:00+00:00,0,normal,27.3715,7.8293,5.6665,10.9078,18.2014
2026-01-13 09:30:00+00:00,0,normal,27.4138,7.814,5.6778,10.7016,18.207
2026-01-13 09:40:00+00:00,0,normal,27.4697,7.8363,5.6915,10.7223,18.1835
2026-01-13 09:50:00+00:00,0,normal,27.4888,7.7996,5.6506,10.7392,18.1845
2026-01-13 10:00:00+00:00,0,normal,27.3903,7.7859,5.6965,10.9679,18.1803
2026-01-13 10:10:00+00:00,0,normal,27.3526,7.7519,5.7638,11.0669,18.1583
2026-01-13 10:20:00+00:00,0,normal,27.4199,7.7542,5.6826,11.1584,18.1497
2026-01-13 10:30:00+00:00,0,normal,27.396,7.7278,5.676,11.0971,18.1652
2026-01-13 10:40:00+00:00,0,normal,27.2881,7.7235,5.763,10.9697,18.151
2026-01-13 10:50:00+00:00,0,normal,27.3292,7.7052,5.7543,10.764,18.1574
2026-01-13 11:00:00+00:00,0,normal,27.3083,7.6984,5.7,10.5785,18.1416
2026-01-13 11:10:00+00:00,0,normal,27.2815,7.6944,5.6982,10.4793,18.1281
2026-01-13 11:20:00+00:00,0,normal,27.2581,7.7004,5.7079,10.3854,18.1153
2026-01-13 11:30:00+00:00,0,normal,27.2926,7.7049,5.6929,10.4994,18.1039
2026-01-13 11:40:00+00:00,0,normal,27.2845,7.7179,5.7338,10.6482,18.0911
2026-01-13 11:50:00+00:00,0,normal,27.2915,7.7004,5.698,10.8058,18.1066
2026-01-13 12:00:00+00:00,0,normal,27.2631,7.6853,5.7944,11.0283,18.1039
2026-01-13 12:10:00+00:00,0,normal,27.2437,7.6713,5.7981,11.0398,18.0916
2026-01-13 12:20:00+00:00,0,normal,27.236,7.6623,5.8145,11.0084,18.0937
2026-01-13 12:30:00+00:00,0,normal,27.1392,7.63,5.7981,10.8421,18.071
2026-01-13 12:40:00+00:00,0,normal,27.1095,7.6409,5.8126,10.6816,18.068
2026-01-13 12:50:00+00:00,0,normal,27.0875,7.6295,5.7304,10.3894,18.0711
2026-01-13 13:00:00+00:00,0,normal,27.069,7.6057,5.7443,10.5129,18.0733
2026-01-13 13:10:00+00:00,0,normal,27.0638,7.5972,5.7411,10.3533,18.0622
2026-01-13 13:20:00+00:00,0,normal,27.0244,7.5935,5.7917,10.2967,18.0823
2026-01-13 13:30:00+00:00,0,normal,26.8964,7.5644,5.9025,10.4062,18.0666
2026-01-13 13:40:00+00:00,0,normal,26.8649,7.553,6.0036,10.3955,18.0714
2026-01-13 13:50:00+00:00,0,normal,26.8204,7.5385,6.0442,10.3509,18.0501
2026-01-13 14:00:00+00:00,0,normal,26.7478,7.5174,6.0797,10.5744,18.0505
2026-01-13 14:10:00+00:00,0,normal,26.756,7.5182,6.1848,10.6143,18.0398
2026-01-13 14:20:00+00:00,0,normal,26.8043,7.5181,6.1812,10.6631,18.0393
2026-01-13 14:30:00+00:00,0,normal,26.7802,7.5212,6.1455,10.8027,18.0361
2026-01-13 14:40:00+00:00,0,normal,26.749,7.5246,6.1868,10.6741,18.0346
2026-01-13 14:50:00+00:00,0,normal,26.6837,7.5103,6.2435,10.3619,18.017
2026-01-13 15:00:00+00:00,0,normal,26.5739,7.4711,6.2165,10.3089,18.009
2026-01-13 15:10:00+00:00,0,normal,26.5264,7.4494,6.2564,10.2886,17.9848
2026-01-13 15:20:00+00:00,0,normal,26.4848,7.424,6.3583,10.2197,17.9887
2026-01-13 15:30:00+00:00,0,normal,26.4381,7.4018,6.4212,10.0064,18.0053
2026-01-13 15:40:00+00:00,0,normal,26.3629,7.4042,6.4422,10.0518,18.0186
2026-01-13 15:50:00+00:00,0,normal,26.4098,7.4221,6.4043,10.0136,18.0249
2026-01-13 16:00:00+00:00,0,normal,26.3596,7.44,6.4502,10.0643,18.0497
2026-01-13 16:10:00+00:00,0,normal,26.3181,7.4296,6.4154,9.9441,18.0198
2026-01-13 16:20:00+00:00,0,normal,26.2097,7.438,6.4646,10.0915,18.0047
2026-01-13 16:30:00+00:00,0,normal,26.1797,7.435,6.5103,10.087,17.9998
2026-01-13 16:40:00+00:00,0,normal,26.129,7.415,6.6543,10.2582,17.9851
2026-01-13 16:50:00+00:00,0,normal,26.047,7.3889,6.7402,10.2719,17.9622
2026-01-13 17:00:00+00:00,0,normal,25.898,7.3934,6.8098,10.4081,17.9601
2026-01-13 17:10:00+00:00,0,normal,25.8923,7.3725,6.7823,10.5867,17.9641
2026-01-13 17:20:00+00:00,0,normal,25.8697,7.3504,6.7327,10.7844,17.9666
2026-01-13 17:30:00+00:00,0,normal,25.7951,7.3381,6.628,10.5064,17.9573
2026-01-13 17:40:00+00:00,0,normal,25.7508,7.3057,6.6196,10.4741,17.9616
2026-01-13 17:50:00+00:00,0,normal,25.7325,7.2899,6.639,10.3892,17.9637
2026-01-13 18:00:00+00:00,0,normal,25.7226,7.2796,6.7272,10.1403,17.9458
2026-01-13 18:10:00+00:00,0,normal,25.6222,7.2626,6.886,9.9812,17.9398
2026-01-13 18:20:00+00:00,0,normal,25.552,7.2654,6.9923,10.2736,17.9486
2026-01-13 18:30:00+00:00,0,normal,25.4997,7.2682,7.0161,10.3823,17.9403
2026-01-13 18:40:00+00:00,0,normal,25.4974,7.2724,7.1167,10.2895,17.9351
2026-01-13 18:50:00+00:00,0,normal,25.3483,7.2737,7.2011,10.5112,17.9512
2026-01-13 19:00:00+00:00,0,normal,25.2932,7.2755,7.1728,10.7788,17.9549
2026-01-13 19:10:00+00:00,0,normal,25.2022,7.2655,7.2023,10.9167,17.958
2026-01-13 19:20:00+00:00,0,normal,25.1658,7.2653,7.2325,10.3944,17.9828
2026-01-13 19:30:00+00:00,0,normal,25.0585,7.2592,7.2604,10.8004,17.9965
2026-01-13 19:40:00+00:00,0,normal,25.065,7.257,7.198,10.8571,17.9962
2026-01-13 19:50:00+00:00,0,normal,25.1043,7.2654,7.2357,10.4067,17.9807
2026-01-13 20:00:00+00:00,0,normal,25.1248,7.2725,7.3337,10.1413,17.9876
2026-01-13 20:10:00+00:00,0,normal,25.1041,7.2778,7.3184,10.6803,17.9634
2026-01-13 20:20:00+00:00,0,normal,25.1079,7.2594,7.2988,10.5015,17.9601
2026-01-13 20:30:00+00:00,0,normal,25.1223,7.2692,7.2738,10.3544,17.9333
2026-01-13 20:40:00+00:00,0,normal,25.0941,7.2743,7.2547,10.6377,17.9355
2026-01-13 20:50:00+00:00,0,normal,25.073,7.2669,7.2012,10.8045,17.9131
2026-01-13 21:00:00+00:00,0,normal,25.0416,7.2782,7.2455,10.6253,17.9179
2026-01-13 21:10:00+00:00,0,normal,25.0752,7.3087,7.2685,10.5948,17.898
2026-01-13 21:20:00+00:00,0,normal,25.0526,7.3134,7.3351,10.7801,17.9209
2026-01-13 21:30:00+00:00,0,normal,24.9751,7.3028,7.4135,10.7193,17.9304
2026-01-13 21:40:00+00:00,0,normal,25.0157,7.3012,7.4002,10.5337,17.938
2026-01-13 21:50:00+00:00,0,normal,24.9773,7.289,7.4396,10.5513,17.9387
2026-01-13 22:00:00+00:00,0,normal,24.9875,7.281,7.4116,10.4914,17.9556
2026-01-13 22:10:00+00:00,0,normal,25.0095,7.2909,7.3927,10.3502,17.9561
2026-01-13 22:20:00+00:00,0,normal,25.0718,7.2989,7.3712,10.2613,17.9652
2026-01-13 22:30:00+00:00,0,normal,25.0579,7.3128,7.3286,10.4604,17.9662
2026-01-13 22:40:00+00:00,0,normal,25.0959,7.3279,7.3294,10.6497,17.9753
2026-01-13 22:50:00+00:00,0,normal,25.0782,7.3322,7.3223,10.6818,17.977
2026-01-13 23:00:00+00:00,0,normal,25.0391,7.3244,7.3383,10.7001,17.9646
2026-01-13 23:10:00+00:00,0,normal,25.0506,7.3277,7.2697,10.8927,17.9547
2026-01-13 23:20:00+00:00,0,normal,25.0921,7.3528,7.3002,10.7894,17.9616
2026-01-13 23:30:00+00:00,0,normal,25.0974,7.3655,7.2963,10.8248,17.9539
2026-01-13 23:40:00+00:00,0,normal,25.0711,7.3997,7.3491,10.8385,17.9691
2026-01-13 23:50:00+00:00,0,normal,25.0639,7.3975,7.3229,10.8741,17.9965
2026-01-14 00:00:00+00:00,0,normal,25.0418,7.4309,7.393,10.8321,17.9905
2026-01-14 00:10:00+00:00,0,normal,24.9714,7.4391,7.4697,11.064,17.9985
2026-01-14 00:20:00+00:00,0,normal,25.0467,7.4495,7.4061,10.9506,18.0112
2026-01-14 00:30:00+00:00,0,normal,25.1649,7.4388,7.3322,11.2873,17.9981
2026-01-14 00:40:00+00:00,0,normal,25.292,7.4567,7.2399,11.4031,17.9782
2026-01-14 00:50:00+00:00,0,normal,25.3065,7.4443,7.1853,11.6329,17.978
2026-01-14 01:00:00+00:00,0,normal,25.435,7.4477,7.0917,11.5041,17.9786
2026-01-14 01:10:00+00:00,0,normal,25.4983,7.4643,7.1017,11.4428,17.9779
2026-01-14 01:20:00+00:00,0,normal,25.4568,7.4609,7.0938,11.2362,17.9754
2026-01-14 01:30:00+00:00,0,normal,25.4508,7.4991,7.2398,11.138,17.9984
2026-01-14 01:40:00+00:00,0,normal,25.4802,7.5161,7.256,10.8054,18.0217
2026-01-14 01:50:00+00:00,0,normal,25.5084,7.5277,7.1843,10.9664,18.0315
2026-01-14 02:00:00+00:00,0,normal,25.465,7.5292,7.2049,11.0866,18.0415
2026-01-14 02:10:00+00:00,0,normal,25.536,7.5543,7.141,11.0253,18.045
2026-01-14 02:20:00+00:00,0,normal,25.5247,7.5393,7.0604,11.1525,18.0221
2026-01-14 02:30:00+00:00,0,normal,25.6662,7.558,6.9443,11.3876,18.0067
2026-01-14 02:40:00+00:00,0,normal,25.7442,7.5704,6.8941,11.4404,17.9931
2026-01-14 02:50:00+00:00,0,normal,25.806,7.5955,6.8432,11.4927,17.9748
2026-01-14 03:00:00+00:00,0,normal,25.8104,7.6091,6.8606,11.5597,17.9721
2026-01-14 03:10:00+00:00,0,normal,25.8422,7.6291,6.8779,11.6009,17.9743
2026-01-14 03:20:00+00:00,0,normal,25.8669,7.6389,6.8506,11.597,17.984
2026-01-14 03:30:00+00:00,0,normal,25.8635,7.6494,6.8323,11.4663,18.0
2026-01-14 03:40:00+00:00,0,normal,25.8907,7.6496,6.76,11.5568,18.0272
2026-01-14 03:50:00+00:00,0,normal,26.0031,7.6702,6.7952,11.4476,18.0329
2026-01-14 04:00:00+00:00,0,normal,26.1199,7.6804,6.6988,11.2775,18.0417
2026-01-14 04:10:00+00:00,0,normal,26.1463,7.6879,6.7227,11.2354,18.0347
2026-01-14 04:20:00+00:00,0,normal,26.2028,7.6942,6.751,11.1841,18.0319
2026-01-14 04:30:00+00:00,0,normal,26.3527,7.7099,6.6673,11.1744,18.0221
2026-01-14 04:40:00+00:00,0,normal,26.4134,7.7109,6.6195,11.1442,18.017
2026-01-14 04:50:00+00:00,0,normal,26.4799,7.7172,6.5621,11.2318,18.0286
2026-01-14 05:00:00+00:00,0,normal,26.5955,7.7254,6.4881,11.2122,18.0295
2026-01-14 05:10:00+00:00,0,normal,26.6278,7.7413,6.4711,11.4231,18.0095
2026-01-14 05:20:00+00:00,0,normal,26.6439,7.7559,6.4236,11.386,17.9948
2026-01-14 05:30:00+00:00,0,normal,26.6803,7.7786,6.2766,11.5597,18.0109
2026-01-14 05:40:00+00:00,0,normal,26.7201,7.7803,6.2211,11.6603,18.005
2026-01-14 05:50:00+00:00,0,normal,26.7647,7.7979,6.206,11.5657,17.9973
2026-01-14 06:00:00+00:00,0,normal,26.8285,7.781,6.0891,11.5906,18.0106
2026-01-14 06:10:00+00:00,0,normal,26.8948,7.7878,6.0828,11.3888,18.0164
2026-01-14 06:20:00+00:00,0,normal,26.9573,7.7649,6.0613,11.488,17.9961
2026-01-14 06:30:00+00:00,0,normal,26.9158,7.7622,6.0239,11.4284,17.9806
2026-01-14 06:40:00+00:00,0,normal,26.9883,7.7651,5.9288,11.588,17.9727
2026-01-14 06:50:00+00:00,0,normal,26.9506,7.7768,5.9915,11.4833,17.9469
2026-01-14 07:00:00+00:00,0,normal,26.9524,7.7641,5.9321,11.6693,17.9319
2026-01-14 07:10:00+00:00,0,normal,27.0102,7.7769,5.9444,11.5259,17.9302
2026-01-14 07:20:00+00:00,0,normal,27.1429,7.7996,5.9362,11.4012,17.9452
2026-01-14 07:30:00+00:00,0,normal,27.0847,7.7856,5.9781,11.3673,17.9594
2026-01-14 07:40:00+00:00,0,normal,27.1906,7.7959,5.9004,11.2033,17.9727
2026-01-14 07:50:00+00:00,0,normal,27.2834,7.8034,5.8587,11.113,17.9583
2026-01-14 08:00:00+00:00,0,normal,27.2091,7.8104,5.8159,11.1932,17.9589
2026-01-14 08:10:00+00:00,0,normal,27.2909,7.8142,5.7643,11.2704,17.9291
2026-01-14 08:20:00+00:00,0,normal,27.3694,7.8082,5.6861,11.2559,17.9257
2026-01-14 08:30:00+00:00,0,normal,27.3915,7.817,5.6721,11.1736,17.928
2026-01-14 08:40:00+00:00,0,normal,27.357,7.8105,5.685,11.1482,17.9413
2026-01-14 08:50:00+00:00,0,normal,27.4108,7.805,5.6868,10.8268,17.9417
2026-01-14 09:00:00+00:00,0,normal,27.4204,7.786,5.6796,10.6647,17.9614
2026-01-14 09:10:00+00:00,0,normal,27.4656,7.8043,5.62,10.6879,17.95
2026-01-14 09:20:00+00:00,0,normal,27.4611,7.8134,5.6112,10.8338,17.9361
2026-01-14 09:30:00+00:00,0,normal,27.4797,7.8164,5.5763,10.7721,17.919
2026-01-14 09:40:00+00:00,0,normal,27.4951,7.806,5.4894,10.957,17.9038
2026-01-14 09:50:00+00:00,0,normal,27.518,7.8082,5.4378,11.0616,17.8809
2026-01-14 10:00:00+00:00,0,normal,27.4481,7.7826,5.6069,11.0459,17.8659
2026-01-14 10:10:00+00:00,0,normal,27.5705,7.7728,5.5693,10.9023,17.8557
2026-01-14 10:20:00+00:00,0,normal,27.5842,7.7689,5.6528,10.7725,17.8449
2026-01-14 10:30:00+00:00,0,normal,27.5715,7.7564,5.735,10.7691,17.8518
2026-01-14 10:40:00+00:00,0,normal,27.4961,7.7387,5.7931,10.92,17.8576
2026-01-14 10:50:00+00:00,0,normal,27.5091,7.7455,5.7248,10.7199,17.8719
2026-01-14 11:00:00+00:00,0,normal,27.3964,7.7278,5.7306,10.7047,17.8805
2026-01-14 11:10:00+00:00,0,normal,27.3896,7.7066,5.7041,10.7471,17.8973
2026-01-14 11:20:00+00:00,0,normal,27.3735,7.7173,5.7302,10.9471,17.8903
2026-01-14 11:30:00+00:00,0,normal,27.3034,7.7139,5.7794,10.6034,17.8843
2026-01-14 11:40:00+00:00,0,normal,27.3003,7.6969,5.7937,10.6651,17.8803
2026-01-14 11:50:00+00:00,0,normal,27.2609,7.6737,5.8405,10.6171,17.8631
2026-01-14 12:00:00+00:00,0,normal,27.2078,7.6884,5.9071,10.5003,17.853
2026-01-14 12:10:00+00:00,0,normal,27.1945,7.6563,5.8726,10.0701,17.8379
2026-01-14 12:20:00+00:00,0,normal,27.2149,7.6425,5.9129,10.2181,17.8493
2026-01-14 12:30:00+00:00,0,normal,27.2717,7.6531,5.8703,10.294,17.8265
2026-01-14 12:40:00+00:00,0,normal,27.3079,7.6518,5.841,10.2535,17.8373
2026-01-14 12:50:00+00:00,0,normal,27.3111,7.6197,5.7538,10.5281,17.8199
2026-01-14 13:00:00+00:00,0,normal,27.2454,7.6281,5.7715,10.4067,17.818
2026-01-14 13:10:00+00:00,0,normal,27.2169,7.6328,5.6934,10.1888,17.793
2026-01-14 13:20:00+00:00,0,normal,27.1147,7.6125,5.7271,10.0038,17.7843
2026-01-14 13:30:00+00:00,0,normal,27.0362,7.5916,5.7431,10.0489,17.7615
2026-01-14 13:40:00+00:00,0,normal,27.0189,7.5841,5.8391,9.8297,17.7732
2026-01-14 13:50:00+00:00,0,normal,26.9969,7.5673,5.888,10.0414,17.7643
2026-01-14 14:00:00+00:00,0,normal,26.9661,7.5353,5.945,10.2202,17.7522
2026-01-14 14:10:00+00:00,0,normal,26.892,7.531,5.955,10.4592,17.7646
2026-01-14 14:20:00+00:00,0,normal,26.8883,7.5422,5.9837,10.5373,17.7656
2026-01-14 14:30:00+00:00,0,normal,26.7849,7.5297,5.9301,10.5829,17.7593
2026-01-14 14:40:00+00:00,0,normal,26.7698,7.5204,5.9969,10.587,17.7675
2026-01-14 14:50:00+00:00,0,normal,26.7221,7.5314,5.9834,10.6466,17.7856
2026-01-14 15:00:00+00:00,0,normal,26.6663,7.5253,6.0158,10.6863,17.7525
2026-01-14 15:10:00+00:00,0,normal,26.6267,7.5132,6.1166,10.662,17.7474
2026-01-14 15:20:00+00:00,0,normal,26.6066,7.49,6.2224,10.5967,17.7251
2026-01-14 15:30:00+00:00,0,normal,26.5609,7.4733,6.2089,10.6298,17.7357
2026-01-14 15:40:00+00:00,0,normal,26.5011,7.4559,6.3063,10.5693,17.7192
2026-01-14 15:50:00+00:00,0,normal,26.5031,7.4259,6.3927,10.2988,17.7447
2026-01-14 16:00:00+00:00,0,normal,26.4239,7.4162,6.4012,10.3228,17.7363
2026-01-14 16:10:00+00:00,0,normal,26.3508,7.4353,6.3873,10.4057,17.7446
2026-01-14 16:20:00+00:00,0,normal,26.3043,7.4212,6.4428,10.5063,17.7265
2026-01-14 16:30:00+00:00,0,normal,26.3275,7.4094,6.4493,10.337,17.7265
2026-01-14 16:40:00+00:00,0,normal,26.1974,7.3939,6.5308,10.2096,17.7296
2026-01-14 16:50:00+00:00,0,normal,26.1807,7.3689,6.5101,10.0753,17.7247
2026-01-14 17:00:00+00:00,0,normal,26.0711,7.3407,6.6014,10.054,17.7231
2026-01-14 17:10:00+00:00,0,normal,26.0232,7.3485,6.6273,9.734,17.7151
2026-01-14 17:20:00+00:00,0,normal,25.9674,7.3338,6.6241,9.7817,17.7138
2026-01-14 17:30:00+00:00,0,normal,25.9825,7.3127,6.5191,10.1226,17.7001
2026-01-14 17:40:00+00:00,0,normal,25.911,7.2917,6.613,10.2336,17.6934
2026-01-14 17:50:00+00:00,0,normal,25.9099,7.2801,6.6801,10.2563,17.6847
2026-01-14 18:00:00+00:00,0,normal,25.8552,7.259,6.7032,10.3493,17.6812
2026-01-14 18:10:00+00:00,0,normal,25.7425,7.2595,6.8172,10.5657,17.6595
2026-01-14 18:20:00+00:00,0,normal,25.6508,7.2656,6.9617,10.3915,17.6461
2026-01-14 18:30:00+00:00,0,normal,25.5897,7.2633,6.9979,10.357,17.6568
2026-01-14 18:40:00+00:00,0,normal,25.5738,7.2611,6.9946,10.4012,17.6569
2026-01-14 18:50:00+00:00,0,normal,25.5033,7.2515,7.0879,10.5516,17.6546
2026-01-14 19:00:00+00:00,0,normal,25.4431,7.2402,7.0804,10.5943,17.6667
2026-01-14 19:10:00+00:00,0,normal,25.3838,7.2405,7.1325,10.7204,17.6666
2026-01-14 19:20:00+00:00,0,normal,25.3713,7.2563,7.1127,10.7649,17.6586
2026-01-14 19:30:00+00:00,0,normal,25.3485,7.2543,7.1056,10.7289,17.6764
2026-01-14 19:40:00+00:00,0,normal,25.351,7.2614,7.1114,10.7766,17.6773
2026-01-14 19:50:00+00:00,0,normal,25.3832,7.2637,7.1002,10.609,17.68
2026-01-14 20:00:00+00:00,0,normal,25.4058,7.2784,7.0684,10.5868,17.6873
2026-01-14 20:10:00+00:00,0,normal,25.3782,7.2708,7.2051,10.5327,17.686
2026-01-14 20:20:00+00:00,0,normal,25.3439,7.2893,7.2892,10.5086,17.6694
2026-01-14 20:30:00+00:00,0,normal,25.3088,7.2826,7.2532,10.382,17.6445
2026-01-14 20:40:00+00:00,0,normal,25.2336,7.2859,7.3175,10.3975,17.6368
2026-01-14 20:50:00+00:00,0,normal,25.291,7.2793,7.302,10.3621,17.6311
2026-01-14 21:00:00+00:00,0,normal,25.2437,7.2707,7.2983,10.6238,17.6448
2026-01-14 21:10:00+00:00,0,normal,25.1941,7.262,7.2638,10.811,17.645
2026-01-14 21:20:00+00:00,0,normal,25.2007,7.2925,7.2574,10.9205,17.6744
2026-01-14 21:30:00+00:00,0,normal,25.2188,7.2907,7.2964,10.9274,17.6786
2026-01-14 21:40:00+00:00,0,normal,25.0809,7.2928,7.3173,11.0559,17.6864
2026-01-14 21:50:00+00:00,0,normal,25.1322,7.2998,7.2278,11.0922,17.6822
2026-01-14 22:00:00+00:00,0,normal,25.1498,7.2938,7.2536,11.0946,17.695
2026-01-14 22:10:00+00:00,0,normal,25.0936,7.2743,7.3164,10.9442,17.6999
2026-01-14 22:20:00+00:00,0,normal,25.1291,7.2859,7.2369,11.1097,17.6946
2026-01-14 22:30:00+00:00,0,normal,25.2063,7.2939,7.2692,11.1804,17.7104
2026-01-14 22:40:00+00:00,0,normal,25.1269,7.3066,7.3547,11.2324,17.7043
2026-01-14 22:50:00+00:00,0,normal,25.2032,7.3159,7.3026,11.1411,17.6977
2026-01-14 23:00:00+00:00,0,normal,25.2781,7.3285,7.3232,11.369,17.6836
2026-01-14 23:10:00+00:00,0,normal,25.2486,7.3433,7.3915,11.3468,17.7075
2026-01-14 23:20:00+00:00,0,normal,25.2991,7.3452,7.3243,11.1712,17.6836
2026-01-14 23:30:00+00:00,0,normal,25.3686,7.3557,7.3253,10.8578,17.6993
2026-01-14 23:40:00+00:00,0,normal,25.324,7.3793,7.3485,10.9513,17.6827
2026-01-14 23:50:00+00:00,0,normal,25.2991,7.3852,7.3101,10.7881,17.6963
2026-01-15 00:00:00+00:00,0,normal,25.3451,7.3948,7.2595,10.615,18.2326
2026-01-15 00:10:00+00:00,0,normal,25.3319,7.4016,7.314,10.8095,18.2404
2026-01-15 00:20:00+00:00,0,normal,25.3557,7.4231,7.2315,10.9786,18.2293
2026-01-15 00:30:00+00:00,0,normal,25.3592,7.4331,7.2282,11.0918,18.2501
2026-01-15 00:40:00+00:00,0,normal,25.4206,7.453,7.1836,11.3315,18.2411
2026-01-15 00:50:00+00:00,0,normal,25.432,7.47,7.1717,11.496,18.231
2026-01-15 01:00:00+00:00,0,normal,25.4035,7.4888,7.1925,11.5658,18.2287
2026-01-15 01:10:00+00:00,0,normal,25.3884,7.484,7.1673,11.4815,18.2436
2026-01-15 01:20:00+00:00,0,normal,25.4773,7.5071,7.1308,11.3236,18.242
2026-01-15 01:30:00+00:00,0,normal,25.4208,7.53,7.1565,11.281,18.2394
2026-01-15 01:40:00+00:00,0,normal,25.474,7.5258,7.1351,11.344,18.2545
2026-01-15 01:50:00+00:00,0,normal,25.5495,7.5411,7.0877,11.2087,18.2672
2026-01-15 02:00:00+00:00,0,normal,25.6958,7.573,7.0026,11.1048,18.267
2026-01-15 02:10:00+00:00,0,normal,25.7051,7.5699,7.0073,11.1242,18.2748
2026-01-15 02:20:00+00:00,0,normal,25.8712,7.5764,6.8774,11.1389,18.2937
2026-01-15 02:30:00+00:00,0,normal,25.8993,7.6004,6.8409,11.1122,18.2947
2026-01-15 02:40:00+00:00,0,normal,25.9714,7.6092,6.7219,11.0793,18.289
2026-01-15 02:50:00+00:00,0,normal,26.0026,7.6142,6.7331,11.3065,18.2917
2026-01-15 03:00:00+00:00,0,normal,26.0562,7.6265,6.6593,11.1659,18.2829
2026-01-15 03:10:00+00:00,0,normal,26.1217,7.6223,6.7087,11.2214,18.2689
2026-01-15 03:20:00+00:00,0,normal,26.1541,7.6167,6.7046,11.4112,18.2545
2026-01-15 03:30:00+00:00,0,normal,26.2151,7.6274,6.7204,11.3981,18.2732
2026-01-15 03:40:00+00:00,0,normal,26.2767,7.6433,6.6536,11.352,18.2843
2026-01-15 03:50:00+00:00,0,normal,26.3724,7.6648,6.6379,11.5041,18.2891
2026-01-15 04:00:00+00:00,0,normal,26.461,7.6947,6.5831,11.4342,18.2995
2026-01-15 04:10:00+00:00,0,normal,26.5249,7.7183,6.5595,11.1239,18.3199
2026-01-15 04:20:00+00:00,0,normal,26.5202,7.7349,6.4911,11.4087,18.3049
2026-01-15 04:30:00+00:00,0,normal,26.5068,7.7353,6.5033,11.4427,18.2966
2026-01-15 04:40:00+00:00,0,normal,26.5621,7.7398,6.443,11.393,18.2861
2026-01-15 04:50:00+00:00,0,normal,26.5661,7.7439,6.3555,11.3279,18.2768
2026-01-15 05:00:00+00:00,0,normal,26.652,7.7377,6.3544,11.4426,18.2508
2026-01-15 05:10:00+00:00,0,normal,26.7154,7.7357,6.337,10.979,18.2389
2026-01-15 05:20:00+00:00,0,normal,26.8323,7.7352,6.2818,11.0452,18.2121
2026-01-15 05:30:00+00:00,0,normal,26.8174,7.7458,6.2512,11.0543,18.2056
2026-01-15 05:40:00+00:00,0,normal,26.8933,7.7649,6.2274,11.1742,18.2013
2026-01-15 05:50:00+00:00,0,normal,27.0436,7.7698,6.1068,11.2052,18.2216
2026-01-15 06:00:00+00:00,0,normal,27.1475,7.8002,6.0636,11.5388,18.2229
2026-01-15 06:10:00+00:00,0,normal,27.19,7.8159,6.0241,11.4652,18.2307
2026-01-15 06:20:00+00:00,0,normal,27.2643,7.8219,5.9606,11.5907,18.2384
2026-01-15 06:30:00+00:00,0,normal,27.2041,7.8113,6.0055,11.6463,18.2419
2026-01-15 06:40:00+00:00,0,normal,27.1249,7.8422,5.9794,11.5474,18.2307
2026-01-15 06:50:00+00:00,0,normal,27.1163,7.8315,5.9602,11.6625,18.2251
2026-01-15 07:00:00+00:00,0,normal,27.0856,7.8184,5.8932,11.631,18.2356
2026-01-15 07:10:00+00:00,0,normal,27.2062,7.8155,5.8551,11.5292,18.2315
2026-01-15 07:20:00+00:00,0,normal,27.3204,7.822,5.7385,11.3069,18.2157
2026-01-15 07:30:00+00:00,0,normal,27.3931,7.811,5.6389,11.3021,18.2247
2026-01-15 07:40:00+00:00,0,normal,27.457,7.8181,5.6353,11.0907,18.2153
2026-01-15 07:50:00+00:00,0,normal,27.5366,7.8332,5.645,11.0427,18.2145
2026-01-15 08:00:00+00:00,0,normal,27.5411,7.828,5.6966,11.2266,18.2095
2026-01-15 08:10:00+00:00,0,normal,27.5599,7.8132,5.7354,11.2554,18.218
2026-01-15 08:20:00+00:00,0,normal,27.5931,7.8114,5.7454,11.3317,18.1985
2026-01-15 08:30:00+00:00,0,normal,27.6228,7.8066,5.7342,11.1419,18.2098
2026-01-15 08:40:00+00:00,0,normal,27.6402,7.7879,5.7857,11.3494,18.1899
2026-01-15 08:50:00+00:00,0,normal,27.5761,7.78,5.728,10.9946,18.1861
2026-01-15 09:00:00+00:00,0,normal,27.5252,7.7658,5.6651,11.2428,18.1666
2026-01-15 09:10:00+00:00,0,normal,27.5135,7.7594,5.617,11.13,18.1663
2026-01-15 09:20:00+00:00,0,normal,27.5371,7.7653,5.5675,10.9845,18.1659
2026-01-15 09:30:00+00:00,0,normal,27.5153,7.7666,5.4884,10.8695,18.172
2026-01-15 09:40:00+00:00,0,normal,27.5746,7.778,5.4863,10.9861,18.1697
2026-01-15 09:50:00+00:00,0,normal,27.6552,7.8204,5.4589,10.6841,18.1729
2026-01-15 10:00:00+00:00,0,normal,27.5921,7.8303,5.5273,10.7457,18.1713
2026-01-15 10:10:00+00:00,0,normal,27.5599,7.8131,5.508,11.0406,18.162
2026-01-15 10:20:00+00:00,0,normal,27.6213,7.8283,5.4659,10.9135,18.1509
2026-01-15 10:30:00+00:00,0,normal,27.6344,7.8037,5.426,11.0053,18.1484
2026-01-15 10:40:00+00:00,0,normal,27.5866,7.7547,5.4405,11.0592,18.1464
2026-01-15 10:50:00+00:00,0,normal,27.6632,7.7385,5.4284,11.0365,18.1401
2026-01-15 11:00:00+00:00,0,normal,27.7239,7.7365,5.4209,10.8825,18.1131
2026-01-15 11:10:00+00:00,0,normal,27.7258,7.731,5.4272,10.898,18.1042
2026-01-15 11:20:00+00:00,0,normal,27.6947,7.7287,5.4952,10.6933,18.1098
2026-01-15 11:30:00+00:00,0,normal,27.7034,7.7369,5.5108,10.5192,18.1203
2026-01-15 11:40:00+00:00,0,normal,27.6568,7.7273,5.5826,10.4029,18.1281
2026-01-15 11:50:00+00:00,0,normal,27.6164,7.712,5.6079,10.4082,18.1452
2026-01-15 12:00:00+00:00,0,normal,27.5728,7.6905,5.6675,10.4047,18.1328
2026-01-15 12:10:00+00:00,0,normal,27.5742,7.6791,5.6196,10.281,18.1154
2026-01-15 12:20:00+00:00,0,normal,27.569,7.6706,5.6511,10.5047,18.0906
2026-01-15 12:30:00+00:00,0,normal,27.5923,7.6629,5.5983,10.4392,18.062
2026-01-15 12:40:00+00:00,0,normal,27.5481,7.6486,5.6439,10.1793,18.0473
2026-01-15 12:50:00+00:00,0,normal,27.5366,7.6452,5.7045,9.9261,18.0461
2026-01-15 13:00:00+00:00,0,normal,27.5108,7.6514,5.7155,10.0344,18.0332
2026-01-15 13:10:00+00:00,0,normal,27.4408,7.6419,5.755,9.9459,18.0432
2026-01-15 13:20:00+00:00,0,normal,27.3082,7.6146,5.8414,9.9836,18.0561
2026-01-15 13:30:00+00:00,0,normal,27.3208,7.6105,5.8312,10.1062,18.059
2026-01-15 13:40:00+00:00,0,normal,27.2606,7.5837,5.8026,10.1387,18.0639
2026-01-15 13:50:00+00:00,0,normal,27.1249,7.5589,5.8845,10.0275,18.0742
2026-01-15 14:00:00+00:00,0,normal,27.0841,7.5331,5.8748,9.9942,18.0542
2026-01-15 14:10:00+00:00,0,normal,27.1317,7.5469,5.8252,9.9869,18.06
2026-01-15 14:20:00+00:00,0,normal,27.0196,7.538,5.8461,10.1763,18.0487
2026-01-15 14:30:00+00:00,0,normal,26.9442,7.5434,5.9025,10.0571,18.0256
2026-01-15 14:40:00+00:00,0,normal,27.0077,7.546,5.874,10.1203,18.0196
2026-01-15 14:50:00+00:00,0,normal,26.9461,7.5395,5.947,10.3068,18.0268
2026-01-15 15:00:00+00:00,0,normal,26.8392,7.5099,6.0298,10.38,18.0034
2026-01-15 15:10:00+00:00,0,normal,26.8057,7.508,6.0902,10.2736,18.0172
2026-01-15 15:20:00+00:00,0,normal,26.7864,7.4866,6.1068,10.3545,18.0297
2026-01-15 15:30:00+00:00,0,normal,26.7015,7.4522,6.1857,10.5309,18.0167
2026-01-15 15:40:00+00:00,0,normal,26.7192,7.4563,6.1693,10.4732,18.0023
2026-01-15 15:50:00+00:00,0,normal,26.702,7.4526,6.2142,10.2742,18.0025
2026-01-15 16:00:00+00:00,0,normal,26.6586,7.4405,6.2287,10.1897,17.9883
2026-01-15 16:10:00+00:00,0,normal,26.5818,7.4328,6.2991,10.3289,17.994
2026-01-15 16:20:00+00:00,0,normal,26.5127,7.4341,6.3013,10.249,18.0055
2026-01-15 16:30:00+00:00,0,normal,26.4303,7.4277,6.3845,10.1356,17.9934
2026-01-15 16:40:00+00:00,0,normal,26.3777,7.4032,6.3806,10.4678,17.9874
2026-01-15 16:50:00+00:00,0,normal,26.335,7.3759,6.3999,10.481,17.9724
2026-01-15 17:00:00+00:00,0,normal,26.3117,7.3585,6.377,10.4599,17.9718
2026-01-15 17:10:00+00:00,0,normal,26.259,7.3305,6.4189,10.5044,17.9527
2026-01-15 17:20:00+00:00,0,normal,26.1745,7.3151,6.4344,10.5366,17.9661
2026-01-15 17:30:00+00:00,0,normal,26.1185,7.316,6.5408,10.2708,17.9589
2026-01-15 17:40:00+00:00,0,normal,26.0397,7.3208,6.6004,10.3199,17.95
2026-01-15 17:50:00+00:00,0,normal,25.9775,7.3249,6.6094,10.2751,17.9234
2026-01-15 18:00:00+00:00,0,normal,26.0073,7.3477,6.6609,10.3942,17.9279
2026-01-15 18:10:00+00:00,0,normal,25.9705,7.3303,6.6719,10.2203,17.9294
2026-01-15 18:20:00+00:00,0,normal,25.9375,7.3237,6.6794,10.2688,17.9388
2026-01-15 18:30:00+00:00,0,normal,25.9323,7.3133,6.7029,10.4347,17.9431
2026-01-15 18:40:00+00:00,0,normal,25.8857,7.3134,6.8,10.3801,17.9558
2026-01-15 18:50:00+00:00,0,normal,25.8486,7.3037,6.8572,10.2364,17.9654
2026-01-15 19:00:00+00:00,0,normal,25.8135,7.2982,6.942,10.1513,17.9638
2026-01-15 19:10:00+00:00,0,normal,25.7712,7.2911,6.9084,10.2251,17.9548
2026-01-15 19:20:00+00:00,0,normal,25.667,7.2862,6.9473,10.1632,17.9665
2026-01-15 19:30:00+00:00,0,normal,25.6155,7.2701,6.9349,10.3194,17.9644
2026-01-15 19:40:00+00:00,0,normal,25.5068,7.2646,7.0418,10.2144,17.9679
2026-01-15 19:50:00+00:00,0,normal,25.5192,7.2699,7.0001,10.468,17.9782
2026-01-15 20:00:00+00:00,0,normal,25.4893,7.2762,7.1022,10.4628,17.987
2026-01-15 20:10:00+00:00,0,normal,25.5357,7.2807,7.1096,10.6207,17.987
2026-01-15 20:20:00+00:00,0,normal,25.5193,7.2917,7.1499,10.6941,17.9854
2026-01-15 20:30:00+00:00,0,normal,25.4748,7.31,7.0974,10.652,17.9736
2026-01-15 20:40:00+00:00,0,normal,25.5203,7.3239,7.1028,10.5575,17.9604
2026-01-15 20:50:00+00:00,0,normal,25.5038,7.3444,7.1072,10.5166,17.9504
2026-01-15 21:00:00+00:00,0,normal,25.4155,7.3334,7.199,10.4164,17.9681
2026-01-15 21:10:00+00:00,0,normal,25.3792,7.316,7.2389,10.3508,17.9619
2026-01-15 21:20:00+00:00,0,normal,25.3448,7.3006,7.215,10.5145,17.9736
2026-01-15 21:30:00+00:00,0,normal,25.2711,7.3024,7.2275,10.9397,17.9528
2026-01-15 21:40:00+00:00,0,normal,25.236,7.2975,7.1507,10.9749,17.9558
2026-01-15 21:50:00+00:00,0,normal,25.261,7.3223,7.1096,11.1319,17.9361
2026-01-15 22:00:00+00:00,0,normal,25.2807,7.3205,7.1237,11.1583,17.9463
2026-01-15 22:10:00+00:00,0,normal,25.3402,7.3408,7.1098,10.9617,17.9325
2026-01-15 22:20:00+00:00,0,normal,25.2777,7.3393,7.1398,10.6968,17.966
2026-01-15 22:30:00+00:00,0,normal,25.2562,7.3246,7.2249,10.9002,17.9676
2026-01-15 22:40:00+00:00,0,normal,25.2661,7.3276,7.211,10.8407,17.9627
2026-01-15 22:50:00+00:00,0,normal,25.2988,7.3607,7.191,10.9087,17.9534
2026-01-15 23:00:00+00:00,0,normal,25.2956,7.3602,7.2181,11.1744,17.9538
2026-01-15 23:10:00+00:00,0,normal,25.3104,7.3746,7.2598,11.1221,17.9494
2026-01-15 23:20:00+00:00,0,normal,25.3893,7.4042,7.2055,11.1205,17.9612
2026-01-15 23:30:00+00:00,0,normal,25.3725,7.3918,7.2167,11.0256,17.9612
2026-01-15 23:40:00+00:00,0,normal,25.3524,7.3964,7.1708,10.9492,17.9642
2026-01-15 23:50:00+00:00,0,normal,25.3289,7.3858,7.1893,11.0135,17.9605
2026-01-16 00:00:00+00:00,0,normal,25.4295,7.3964,7.1348,11.0562,17.953
2026-01-16 00:10:00+00:00,0,normal,25.4547,7.4153,7.1319,11.1193,17.9551
2026-01-16 00:20:00+00:00,0,normal,25.5321,7.4303,7.1688,11.2388,17.969
2026-01-16 00:30:00+00:00,0,normal,25.6267,7.4395,7.1859,11.2433,17.9827
2026-01-16 00:40:00+00:00,0,normal,25.7947,7.4638,7.0996,11.0913,18.0006
2026-01-16 00:50:00+00:00,0,normal,25.7211,7.4596,7.1405,11.0796,17.9994
2026-01-16 01:00:00+00:00,0,normal,25.7082,7.4596,7.213,11.2136,17.9807
2026-01-16 01:10:00+00:00,0,normal,25.7026,7.476,7.1552,11.1531,17.9753
2026-01-16 01:20:00+00:00,0,normal,25.6671,7.4957,7.0874,11.3383,17.9791
2026-01-16 01:30:00+00:00,0,normal,25.5687,7.5179,7.1431,11.3361,17.9791
2026-01-16 01:40:00+00:00,0,normal,25.6626,7.5462,7.0469,11.2947,17.9864
2026-01-16 01:50:00+00:00,0,normal,25.6901,7.5434,6.8957,11.0306,18.0077
2026-01-16 02:00:00+00:00,0,normal,25.7703,7.5734,6.8951,11.2567,18.0155
2026-01-16 02:10:00+00:00,0,normal,25.8502,7.5942,6.9666,11.0434,18.0062
2026-01-16 02:20:00+00:00,0,normal,25.9548,7.6133,6.8648,11.1288,17.9876
2026-01-16 02:30:00+00:00,0,normal,26.0335,7.6152,6.8167,11.3574,17.9992
2026-01-16 02:40:00+00:00,0,normal,26.1497,7.6336,6.8183,11.5625,17.9906
2026-01-16 02:50:00+00:00,0,normal,26.1758,7.6226,6.7116,11.4317,17.986
2026-01-16 03:00:00+00:00,0,normal,26.3027,7.6149,6.589,11.6553,17.9887
2026-01-16 03:10:00+00:00,0,normal,26.347,7.612,6.562,11.6322,18.0168
2026-01-16 03:20:00+00:00,0,normal,26.3155,7.6281,6.5794,11.3927,18.0147
2026-01-16 03:30:00+00:00,0,normal,26.312,7.6549,6.5175,11.0957,18.0126
2026-01-16 03:40:00+00:00,0,normal,26.3176,7.6679,6.5561,10.9547,18.021
2026-01-16 03:50:00+00:00,0,normal,26.297,7.6845,6.5946,10.9073,18.033
2026-01-16 04:00:00+00:00,0,normal,26.3395,7.6934,6.5805,10.8729,18.0225
2026-01-16 04:10:00+00:00,0,normal,26.4451,7.6928,6.5293,11.046,18.0145
2026-01-16 04:20:00+00:00,0,normal,26.6091,7.7031,6.5045,11.1363,17.9985
2026-01-16 04:30:00+00:00,0,normal,26.7469,7.7247,6.4001,11.1685,18.005
2026-01-16 04:40:00+00:00,0,normal,26.8276,7.737,6.3651,11.2379,17.9841
2026-01-16 04:50:00+00:00,0,normal,26.8534,7.7488,6.2996,11.2625,17.9633
2026-01-16 05:00:00+00:00,0,normal,26.8888,7.7679,6.2972,11.3877,17.9451
2026-01-16 05:10:00+00:00,0,normal,26.8718,7.7716,6.2664,11.5076,17.9551
2026-01-16 05:20:00+00:00,0,normal,26.9116,7.7682,6.1973,11.4534,17.947
2026-01-16 05:30:00+00:00,0,normal,26.8714,7.778,6.2176,11.4801,17.9653
2026-01-16 05:40:00+00:00,0,normal,26.9504,7.7857,6.285,11.4546,17.9837
2026-01-16 05:50:00+00:00,0,normal,27.0379,7.785,6.1959,11.4288,18.0139
2026-01-16 06:00:00+00:00,0,normal,27.0789,7.7876,6.1804,11.363,18.0161
2026-01-16 06:10:00+00:00,0,normal,27.0923,7.8025,6.1806,11.2862,18.0077
2026-01-16 06:20:00+00:00,0,normal,27.1875,7.812,6.0408,10.9986,17.9783
2026-01-16 06:30:00+00:00,0,normal,27.2342,7.8054,5.8928,11.0622,17.9678
2026-01-16 06:40:00+00:00,0,normal,27.2822,7.826,5.8226,11.0009,17.9313
2026-01-16 06:50:00+00:00,0,normal,27.3554,7.8297,5.8202,10.9301,17.9203
2026-01-16 07:00:00+00:00,0,normal,27.4659,7.8291,5.77,11.0661,17.9253
2026-01-16 07:10:00+00:00,0,normal,27.5154,7.8181,5.7459,11.1961,17.924
2026-01-16 07:20:00+00:00,0,normal,27.5443,7.8207,5.7303,11.0035,17.9119
2026-01-16 07:30:00+00:00,0,normal,27.594,7.7958,5.7422,10.9804,17.9113
2026-01-16 07:40:00+00:00,0,normal,27.6297,7.8034,5.6068,11.1275,17.927
2026-01-16 07:50:00+00:00,0,normal,27.6087,7.8241,5.5815,11.2162,17.9326
2026-01-16 08:00:00+00:00,0,normal,27.6793,7.817,5.4979,11.145,17.9436
2026-01-16 08:10:00+00:00,0,normal,27.7607,7.8201,5.5172,11.2463,17.9626
2026-01-16 08:20:00+00:00,0,normal,27.819,7.8437,5.4213,11.0154,17.9641
2026-01-16 08:30:00+00:00,0,normal,27.8865,7.8383,5.391,10.7216,17.9642
2026-01-16 08:40:00+00:00,0,normal,27.8942,7.8258,5.3375,10.8618,17.9389
2026-01-16 08:50:00+00:00,0,normal,27.8874,7.836,5.3419,10.8771,17.9414
2026-01-16 09:00:00+00:00,0,normal,27.8714,7.8352,5.2851,11.0511,17.9284
2026-01-16 09:10:00+00:00,0,normal,27.838,7.8209,5.3771,11.2404,17.9171
2026-01-16 09:20:00+00:00,0,normal,27.765,7.792,5.4343,11.3574,17.8936
2026-01-16 09:30:00+00:00,0,normal,27.7547,7.7692,5.485,10.9821,17.8969
2026-01-16 09:40:00+00:00,0,normal,27.7672,7.7743,5.5115,11.0241,17.8695
2026-01-16 09:50:00+00:00,0,normal,27.7464,7.784,5.5163,10.7816,17.8676
2026-01-16 10:00:00+00:00,0,normal,27.758,7.7936,5.5522,10.7304,17.8673
2026-01-16 10:10:00+00:00,0,normal,27.7554,7.8129,5.5377,10.5767,17.8751
2026-01-16 10:20:00+00:00,0,normal,27.7694,7.7973,5.5542,10.6072,17.8563
2026-01-16 10:30:00+00:00,0,normal,27.7723,7.7766,5.567,10.4781,17.8718
2026-01-16 10:40:00+00:00,0,normal,27.8009,7.7724,5.5461,10.7272,17.8714
2026-01-16 10:50:00+00:00,0,normal,27.8117,7.7677,5.4678,10.3696,17.8774
2026-01-16 11:00:00+00:00,0,normal,27.9097,7.7735,5.4248,10.7166,17.8665
2026-01-16 11:10:00+00:00,0,normal,27.9476,7.7858,5.4028,10.6527,17.8868
2026-01-16 11:20:00+00:00,0,normal,27.9428,7.7716,5.3823,10.6644,17.8705
2026-01-16 11:30:00+00:00,0,normal,27.8823,7.7481,5.4265,10.5335,17.853
2026-01-16 11:40:00+00:00,0,normal,27.7967,7.721,5.4254,10.8151,17.8548
2026-01-16 11:50:00+00:00,0,normal,27.7544,7.7121,5.523,10.6297,17.854
2026-01-16 12:00:00+00:00,0,normal,27.6883,7.7042,5.5664,10.7642,17.833
2026-01-16 12:10:00+00:00,0,normal,27.6083,7.7032,5.5528,10.981,17.8237
2026-01-16 12:20:00+00:00,0,normal,27.6187,7.6957,5.5434,10.9958,17.8319
2026-01-16 12:30:00+00:00,0,normal,27.6327,7.6907,5.5286,10.9271,17.8096
2026-01-16 12:40:00+00:00,0,normal,27.5123,7.6669,5.5543,10.7545,17.821
2026-01-16 12:50:00+00:00,0,normal,27.5016,7.6484,5.5459,10.6052,17.8071
2026-01-16 13:00:00+00:00,0,normal,27.5487,7.6316,5.5819,10.5057,17.8028
2026-01-16 13:10:00+00:00,0,normal,27.4846,7.6305,5.6052,10.6013,17.7918
2026-01-16 13:20:00+00:00,0,normal,27.3995,7.5983,5.6923,10.7084,17.8027
2026-01-16 13:30:00+00:00,0,normal,27.4261,7.5992,5.6892,10.4057,17.7682
2026-01-16 13:40:00+00:00,0,normal,27.4134,7.5783,5.7385,10.2075,17.7891
2026-01-16 13:50:00+00:00,0,normal,27.3039,7.5675,5.8252,10.0507,17.797
2026-01-16 14:00:00+00:00,0,normal,27.2318,7.5507,5.8456,9.8263,17.7867
2026-01-16 14:10:00+00:00,0,normal,27.2096,7.5549,5.8703,9.706,17.7804
2026-01-16 14:20:00+00:00,0,normal,27.1269,7.5147,5.902,10.1807,17.7952
2026-01-16 14:30:00+00:00,0,normal,27.1033,7.5253,5.8669,10.5499,17.7897
2026-01-16 14:40:00+00:00,0,normal,27.0394,7.5187,5.8278,10.5607,17.7839
2026-01-16 14:50:00+00:00,0,normal,27.0435,7.4991,5.8464,10.4032,17.7701
2026-01-16 15:00:00+00:00,0,normal,27.044,7.4845,5.9126,10.2585,17.7509
2026-01-16 15:10:00+00:00,0,normal,26.9088,7.4805,5.9413,10.122,17.7229
2026-01-16 15:20:00+00:00,0,normal,26.852,7.4599,6.0055,10.0304,17.6984
2026-01-16 15:30:00+00:00,0,normal,26.7942,7.4699,6.0936,9.8731,17.693
2026-01-16 15:40:00+00:00,0,normal,26.7562,7.4595,6.161,10.1102,17.7024
2026-01-16 15:50:00+00:00,0,normal,26.6874,7.4503,6.1483,10.0505,17.72
2026-01-16 16:00:00+00:00,0,normal,26.7586,7.4416,6.193,9.749,17.7103
2026-01-16 16:10:00+00:00,0,normal,26.6875,7.4517,6.2396,9.6069,17.7124
2026-01-16 16:20:00+00:00,0,normal,26.5907,7.4029,6.2836,9.8928,17.7128
2026-01-16 16:30:00+00:00,0,normal,26.4969,7.3967,6.3479,9.9897,17.6823
2026-01-16 16:40:00+00:00,0,normal,26.4395,7.3883,6.3583,10.0101,17.6731
2026-01-16 16:50:00+00:00,0,normal,26.3402,7.369,6.4087,10.1401,17.7133
2026-01-16 17:00:00+00:00,0,normal,26.2848,7.3368,6.4261,10.3252,17.7174
2026-01-16 17:10:00+00:00,0,normal,26.3465,7.3518,6.4126,10.1319,17.7133
2026-01-16 17:20:00+00:00,0,normal,26.3449,7.3353,6.4429,10.1219,17.7335
2026-01-16 17:30:00+00:00,0,normal,26.2812,7.3316,6.5149,10.3874,17.7291
2026-01-16 17:40:00+00:00,0,normal,26.1715,7.3498,6.5536,10.6644,17.7161
2026-01-16 17:50:00+00:00,0,normal,26.0886,7.3502,6.6655,10.5004,17.7039
2026-01-16 18:00:00+00:00,0,normal,26.0268,7.3273,6.6973,10.6088,17.7098
2026-01-16 18:10:00+00:00,0,normal,25.9184,7.3185,6.7611,10.6922,17.7146
2026-01-16 18:20:00+00:00,0,normal,25.9027,7.3096,6.8259,10.6388,17.7255
2026-01-16 18:30:00+00:00,0,normal,25.957,7.2909,6.8635,10.5468,17.7199
2026-01-16 18:40:00+00:00,0,normal,25.9345,7.2872,6.9199,10.6038,17.7234
2026-01-16 18:50:00+00:00,0,normal,25.7671,7.2928,7.021,10.3942,17.7125
2026-01-16 19:00:00+00:00,0,normal,25.7198,7.3121,7.0123,10.0677,17.7045
2026-01-16 19:10:00+00:00,0,normal,25.726,7.3138,7.0181,9.9709,17.6977
2026-01-16 19:20:00+00:00,0,normal,25.6363,7.3014,7.0647,9.8126,17.6818
2026-01-16 19:30:00+00:00,0,normal,25.5247,7.3046,7.0333,9.7091,17.6805
2026-01-16 19:40:00+00:00,0,normal,25.6457,7.3194,7.0256,9.635,17.6771
2026-01-16 19:50:00+00:00,0,normal,25.6602,7.3072,7.1453,9.6895,17.6675
2026-01-16 20:00:00+00:00,0,normal,25.6022,7.303,7.1603,9.8821,17.6604
2026-01-16 20:10:00+00:00,0,normal,25.6038,7.3205,7.1696,10.0489,17.6519
2026-01-16 20:20:00+00:00,0,normal,25.6658,7.3131,7.227,10.2056,17.6469
2026-01-16 20:30:00+00:00,0,normal,25.6106,7.2827,7.3266,10.581,17.6548
2026-01-16 20:40:00+00:00,0,normal,25.6135,7.2884,7.2551,10.875,17.6687
2026-01-16 20:50:00+00:00,0,normal,25.6362,7.3028,7.2901,11.0733,17.6684
2026-01-16 21:00:00+00:00,0,normal,25.644,7.314,7.2398,11.1469,17.6749
2026-01-16 21:10:00+00:00,0,normal,25.5555,7.3087,7.2384,11.1734,17.689
2026-01-16 21:20:00+00:00,0,normal,25.5458,7.3329,7.1555,11.0671,17.6757
2026-01-16 21:30:00+00:00,0,normal,25.5514,7.3349,7.0911,10.9699,17.6814
2026-01-16 21:40:00+00:00,0,normal,25.5046,7.3303,7.0271,10.7264,17.6926
2026-01-16 21:50:00+00:00,0,normal,25.4486,7.3208,7.097,10.7177,17.6876
2026-01-16 22:00:00+00:00,0,normal,25.5441,7.3381,7.0713,10.7631,17.6756
2026-01-16 22:10:00+00:00,0,normal,25.5604,7.3447,7.0488,10.7289,17.6802
2026-01-16 22:20:00+00:00,0,normal,25.6133,7.3581,7.138,10.4313,17.6775
2026-01-16 22:30:00+00:00,0,normal,25.5468,7.3716,7.1871,10.3988,17.6586
2026-01-16 22:40:00+00:00,0,normal,25.55,7.3708,7.1821,10.5997,17.6632
2026-01-16 22:50:00+00:00,0,normal,25.5056,7.3738,7.1764,10.788,17.6678
2026-01-16 23:00:00+00:00,0,normal,25.4654,7.3736,7.2324,11.0185,17.6687
2026-01-16 23:10:00+00:00,0,normal,25.3539,7.3639,7.2628,11.2439,17.6664
2026-01-16 23:20:00+00:00,0,normal,25.2969,7.3435,7.3483,11.2534,17.6844
2026-01-16 23:30:00+00:00,0,normal,25.3173,7.3597,7.3522,11.2944,17.6819
2026-01-16 23:40:00+00:00,0,normal,25.3616,7.3762,7.3619,11.0423,17.6829
2026-01-16 23:50:00+00:00,0,normal,25.3837,7.3883,7.3051,10.965,17.6842
2026-01-17 00:00:00+00:00,0,normal,25.5097,7.4083,7.2517,11.2265,18.2373
2026-01-17 00:10:00+00:00,0,normal,25.6361,7.4419,7.1317,11.3479,18.2256
2026-01-17 00:20:00+00:00,0,normal,25.7268,7.468,7.0596,11.1571,18.2311
2026-01-17 00:30:00+00:00,0,normal,25.7535,7.4704,7.0126,11.4235,18.2372
2026-01-17 00:40:00+00:00,0,normal,25.8335,7.4746,7.0222,11.4462,18.269
2026-01-17 00:50:00+00:00,0,normal,25.8083,7.482,6.9759,11.3003,18.2694
2026-01-17 01:00:00+00:00,0,normal,25.8933,7.5089,6.9589,11.471,18.2697
2026-01-17 01:10:00+00:00,0,normal,25.8869,7.4949,7.0098,11.2404,18.2752
2026-01-17 01:20:00+00:00,0,normal,25.935,7.5165,6.9496,11.1685,18.2814
2026-01-17 01:30:00+00:00,0,normal,25.9598,7.5483,6.9185,11.0918,18.2499
2026-01-17 01:40:00+00:00,0,normal,25.9823,7.5386,6.8792,11.062,18.2638
2026-01-17 01:50:00+00:00,0,normal,25.9919,7.5354,6.892,10.9216,18.2569
2026-01-17 02:00:00+00:00,0,normal,26.116,7.567,6.7499,11.1402,18.2663
2026-01-17 02:10:00+00:00,0,normal,26.1354,7.5692,6.7733,11.1379,18.2649
2026-01-17 02:20:00+00:00,0,normal,26.1856,7.5649,6.6971,11.2757,18.2807
2026-01-17 02:30:00+00:00,0,normal,26.2906,7.5955,6.7145,11.3311,18.2761
2026-01-17 02:40:00+00:00,0,normal,26.3674,7.6019,6.6482,11.3401,18.2941
2026-01-17 02:50:00+00:00,0,normal,26.3387,7.6014,6.6771,11.4097,18.3034
2026-01-17 03:00:00+00:00,0,normal,26.3147,7.6072,6.701,11.3811,18.2891
2026-01-17 03:10:00+00:00,0,normal,26.371,7.6216,6.6646,11.3537,18.277
2026-01-17 03:20:00+00:00,0,normal,26.2993,7.6426,6.6235,11.2329,18.2675
2026-01-17 03:30:00+00:00,0,normal,26.3652,7.6464,6.5829,11.3645,18.2788
2026-01-17 03:40:00+00:00,0,normal,26.4254,7.6446,6.4808,11.3706,18.2727
2026-01-17 03:50:00+00:00,0,normal,26.6019,7.6768,6.3063,11.3391,18.2878
2026-01-17 04:00:00+00:00,0,normal,26.6058,7.6861,6.3041,11.375,18.2919
2026-01-17 04:10:00+00:00,0,normal,26.685,7.6834,6.2366,11.4661,18.3026
2026-01-17 04:20:00+00:00,0,normal,26.6966,7.7012,6.2004,11.4621,18.275
2026-01-17 04:30:00+00:00,0,normal,26.7443,7.7282,6.2369,11.5685,18.2666
2026-01-17 04:40:00+00:00,0,normal,26.7455,7.7193,6.2986,11.62,18.2578
2026-01-17 04:50:00+00:00,0,normal,26.8356,7.7365,6.3266,11.6756,18.2544
2026-01-17 05:00:00+00:00,0,normal,27.0453,7.7479,6.2511,11.709,18.2432
2026-01-17 05:10:00+00:00,0,normal,27.1197,7.7556,6.218,11.4391,18.261
2026-01-17 05:20:00+00:00,0,normal,27.2117,7.7438,6.1433,11.4314,18.2656
2026-01-17 05:30:00+00:00,0,normal,27.3122,7.7691,6.0686,11.204,18.2769
2026-01-17 05:40:00+00:00,0,normal,27.414,7.7728,5.9619,10.7047,18.2609
2026-01-17 05:50:00+00:00,0,normal,27.3583,7.789,6.0031,10.7455,18.2755
2026-01-17 06:00:00+00:00,0,normal,27.304,7.7972,6.038,10.9102,18.2629
2026-01-17 06:10:00+00:00,0,normal,27.308,7.8258,6.0392,10.8418,18.2706
2026-01-17 06:20:00+00:00,0,normal,27.3543,7.8207,6.0418,11.1909,18.254
2026-01-17 06:30:00+00:00,0,normal,27.3123,7.8264,6.0352,11.5613,18.2738
2026-01-17 06:40:00+00:00,0,normal,27.3577,7.8163,5.9515,11.4283,18.2483
2026-01-17 06:50:00+00:00,0,normal,27.4502,7.8081,5.8517,11.4518,18.2406
2026-01-17 07:00:00+00:00,0,normal,27.5529,7.8089,5.7712,11.3156,18.2312
2026-01-17 07:10:00+00:00,0,normal,27.591,7.8058,5.6578,11.1196,18.2081
2026-01-17 07:20:00+00:00,0,normal,27.688,7.8207,5.5801,11.1325,18.1908
2026-01-17 07:30:00+00:00,0,normal,27.7536,7.8363,5.5208,11.1923,18.2042
2026-01-17 07:40:00+00:00,0,normal,27.8122,7.8432,5.5073,11.049,18.2081
2026-01-17 07:50:00+00:00,0,normal,27.7985,7.8404,5.5168,11.054,18.1915
2026-01-17 08:00:00+00:00,0,normal,27.7601,7.8448,5.5015,10.9367,18.2256
2026-01-17 08:10:00+00:00,0,normal,27.6872,7.8264,5.5232,10.8016,18.2497
2026-01-17 08:20:00+00:00,0,normal,27.6974,7.8241,5.6032,10.9439,18.239
2026-01-17 08:30:00+00:00,0,normal,27.7355,7.8309,5.5852,10.9296,18.2502
2026-01-17 08:40:00+00:00,0,normal,27.7949,7.8212,5.5519,10.9822,18.2677
2026-01-17 08:50:00+00:00,0,normal,27.9149,7.8036,5.5234,10.9188,18.2496
2026-01-17 09:00:00+00:00,0,normal,28.0687,7.8051,5.4747,11.2645,18.2238
2026-01-17 09:10:00+00:00,0,normal,28.0436,7.8027,5.4198,10.9464,18.2202
2026-01-17 09:20:00+00:00,0,normal,28.0332,7.7941,5.3719,10.823,18.1911
2026-01-17 09:30:00+00:00,0,normal,28.0186,7.8124,5.3419,10.7718,18.1779
2026-01-17 09:40:00+00:00,0,normal,28.0625,7.8287,5.3221,10.8139,18.1704
2026-01-17 09:50:00+00:00,0,normal,28.0662,7.8391,5.2583,10.5482,18.1707
2026-01-17 10:00:00+00:00,0,normal,28.147,7.8429,5.1746,10.4527,18.1654
2026-01-17 10:10:00+00:00,0,normal,28.148,7.8497,5.1893,10.683,18.1659
2026-01-17 10:20:00+00:00,0,normal,28.0987,7.819,5.1973,10.7692,18.1554
2026-01-17 10:30:00+00:00,0,normal,28.0334,7.8097,5.23,10.8304,18.141
2026-01-17 10:40:00+00:00,0,normal,27.9355,7.7967,5.2692,10.5843,18.131
2026-01-17 10:50:00+00:00,0,normal,27.8793,7.7788,5.3616,10.6376,18.1154
2026-01-17 11:00:00+00:00,0,normal,27.8795,7.7669,5.4337,10.496,18.1099
2026-01-17 11:10:00+00:00,0,normal,27.9567,7.7614,5.458,10.2362,18.0846
2026-01-17 11:20:00+00:00,0,normal,27.9012,7.7678,5.5298,10.1111,18.0876
2026-01-17 11:30:00+00:00,0,normal,27.8364,7.7383,5.6322,10.3861,18.0909
2026-01-17 11:40:00+00:00,0,normal,27.8444,7.7099,5.6132,10.4703,18.0972
2026-01-17 11:50:00+00:00,0,normal,27.8023,7.6911,5.5711,10.4552,18.1094
2026-01-17 12:00:00+00:00,0,normal,27.7233,7.6688,5.5484,10.6251,18.1158
2026-01-17 12:10:00+00:00,0,normal,27.7076,7.6321,5.5452,10.7015,18.1099
2026-01-17 12:20:00+00:00,0,normal,27.7582,7.6557,5.5264,10.5593,18.1084
2026-01-17 12:30:00+00:00,0,normal,27.7391,7.6601,5.5168,10.5727,18.1007
2026-01-17 12:40:00+00:00,0,normal,27.6777,7.638,5.5646,10.6291,18.0872
2026-01-17 12:50:00+00:00,0,normal,27.6242,7.6482,5.6024,10.6075,18.1095
2026-01-17 13:00:00+00:00,0,normal,27.6169,7.6401,5.5702,10.7684,18.1062
2026-01-17 13:10:00+00:00,0,normal,27.5677,7.6128,5.6047,10.7607,18.0883
2026-01-17 13:20:00+00:00,0,normal,27.4427,7.5924,5.6987,10.5461,18.075
2026-01-17 13:30:00+00:00,0,normal,27.4818,7.6001,5.6648,10.5613,18.0655
2026-01-17 13:40:00+00:00,0,normal,27.499,7.5808,5.6769,10.4649,18.0506
2026-01-17 13:50:00+00:00,0,normal,27.4295,7.5992,5.744,10.206,18.053
2026-01-17 14:00:00+00:00,0,normal,27.3364,7.5817,5.7132,10.2687,18.0653
2026-01-17 14:10:00+00:00,0,normal,27.3738,7.5808,5.6684,10.4456,18.0726
2026-01-17 14:20:00+00:00,0,normal,27.2429,7.5598,5.7064,10.1741,18.0502
2026-01-17 14:30:00+00:00,0,normal,27.1653,7.5519,5.7648,10.2647,18.042
2026-01-17 14:40:00+00:00,0,normal,27.0857,7.5084,5.8423,10.5462,18.0331
2026-01-17 14:50:00+00:00,0,normal,27.0643,7.4866,5.9382,10.4952,18.0157
2026-01-17 15:00:00+00:00,0,normal,26.9719,7.4894,6.0011,10.4189,18.019
2026-01-17 15:10:00+00:00,0,normal,26.9733,7.4784,6.0311,10.3697,18.0323
2026-01-17 15:20:00+00:00,0,normal,26.8865,7.4512,6.0596,10.5164,18.0277
2026-01-17 15:30:00+00:00,0,normal,26.8867,7.4391,6.102,10.2491,18.013
2026-01-17 15:40:00+00:00,0,normal,26.859,7.4449,6.1153,10.0555,17.9953
2026-01-17 15:50:00+00:00,0,normal,26.8564,7.4194,6.1531,10.0937,17.9751
2026-01-17 16:00:00+00:00,0,normal,26.8191,7.4135,6.1394,10.3871,17.971
2026-01-17 16:10:00+00:00,0,normal,26.7631,7.4329,6.1658,10.2974,17.9672
2026-01-17 16:20:00+00:00,0,normal,26.6566,7.4238,6.1639,10.2813,17.9635
2026-01-17 16:30:00+00:00,0,normal,26.5593,7.4093,6.2051,10.4274,17.9874
2026-01-17 16:40:00+00:00,0,normal,26.4806,7.3949,6.2538,10.4184,17.981
2026-01-17 16:50:00+00:00,0,normal,26.4041,7.3911,6.3752,10.419,17.98
2026-01-17 17:00:00+00:00,0,normal,26.2906,7.3653,6.4992,10.3534,17.9722
2026-01-17 17:10:00+00:00,0,normal,26.2498,7.3624,6.4744,10.4633,17.9821
2026-01-17 17:20:00+00:00,0,normal,26.2245,7.3574,6.4814,10.582,17.97
2026-01-17 17:30:00+00:00,0,normal,26.2194,7.3649,6.4911,10.4402,17.9966
2026-01-17 17:40:00+00:00,0,normal,26.1202,7.3485,6.5269,10.3883,17.9897
2026-01-17 17:50:00+00:00,0,normal,26.1039,7.3427,6.5199,10.3575,17.9902
2026-01-17 18:00:00+00:00,0,normal,26.1144,7.3559,6.5929,10.3333,17.9848
2026-01-17 18:10:00+00:00,0,normal,26.148,7.3519,6.6034,10.2172,17.9878
2026-01-17 18:20:00+00:00,0,normal,26.0179,7.332,6.6867,10.3946,17.9698
2026-01-17 18:30:00+00:00,0,normal,26.0112,7.3245,6.7419,10.2993,17.9756
2026-01-17 18:40:00+00:00,0,normal,26.0414,7.3372,6.7538,10.5895,17.958
2026-01-17 18:50:00+00:00,0,normal,25.8751,7.3136,6.8634,10.7599,17.9534
2026-01-17 19:00:00+00:00,0,normal,25.7183,7.2974,6.9031,10.9238,17.9347
2026-01-17 19:10:00+00:00,0,normal,25.6956,7.2997,6.9015,10.8677,17.9257
2026-01-17 19:20:00+00:00,0,normal,25.7364,7.31,6.9065,10.8428,17.9155
2026-01-17 19:30:00+00:00,0,normal,25.6625,7.2963,6.923,10.5378,17.9237
2026-01-17 19:40:00+00:00,0,normal,25.7158,7.3089,6.8553,10.4199,17.9235
2026-01-17 19:50:00+00:00,0,normal,25.7913,7.326,6.8975,10.16,17.9284
2026-01-17 20:00:00+00:00,0,normal,25.8468,7.3335,6.9012,10.2913,17.9296
2026-01-17 20:10:00+00:00,0,normal,25.7419,7.339,6.9144,10.5364,17.9285
2026-01-17 20:20:00+00:00,0,normal,25.7306,7.3408,7.0164,10.335,17.9336
2026-01-17 20:30:00+00:00,0,normal,25.7683,7.3403,7.0499,10.2451,17.9293
2026-01-17 20:40:00+00:00,0,normal,25.6506,7.3347,7.0884,10.5617,17.9277
2026-01-17 20:50:00+00:00,0,normal,25.5918,7.3392,7.0785,10.5725,17.9303
2026-01-17 21:00:00+00:00,0,normal,25.5582,7.3368,7.1322,10.3811,17.9159
2026-01-17 21:10:00+00:00,0,normal,25.547,7.3456,7.0562,10.7311,17.9386
2026-01-17 21:20:00+00:00,0,normal,25.4596,7.3568,7.1632,10.7882,17.9522
2026-01-17 21:30:00+00:00,0,normal,25.469,7.348,7.2078,10.6508,17.9613
2026-01-17 21:40:00+00:00,0,normal,25.3882,7.3383,7.3148,10.5081,17.9579
2026-01-17 21:50:00+00:00,0,normal,25.4286,7.3354,7.2964,10.6292,17.983
2026-01-17 22:00:00+00:00,0,normal,25.457,7.3335,7.3535,10.6843,17.9508
2026-01-17 22:10:00+00:00,0,normal,25.4596,7.304,7.2107,10.7211,17.9516
2026-01-17 22:20:00+00:00,0,normal,25.4976,7.3294,7.1444,10.8421,17.9348
2026-01-17 22:30:00+00:00,0,normal,25.5569,7.3311,7.1351,10.9857,17.9294
2026-01-17 22:40:00+00:00,0,normal,25.5177,7.3395,7.1953,11.1264,17.9235
2026-01-17 22:50:00+00:00,0,normal,25.5166,7.3372,7.1218,10.9871,17.9493
2026-01-17 23:00:00+00:00,0,normal,25.5611,7.3703,7.1206,11.2341,17.9365
2026-01-17 23:10:00+00:00,0,normal,25.6651,7.3638,7.1168,11.2613,17.9561
2026-01-17 23:20:00+00:00,0,normal,25.646,7.3698,7.1075,11.3165,17.9505
2026-01-17 23:30:00+00:00,0,normal,25.6818,7.3799,7.0466,11.2512,17.9586
2026-01-17 23:40:00+00:00,0,normal,25.7024,7.3959,7.073,11.2732,17.9622
2026-01-17 23:50:00+00:00,0,normal,25.7242,7.3948,7.0595,11.0657,17.9782
2026-01-18 00:00:00+00:00,0,normal,25.6351,7.4077,7.08,11.0408,17.9581
2026-01-18 00:10:00+00:00,0,normal,25.6602,7.4353,7.0421,10.9029,17.9787
2026-01-18 00:20:00+00:00,0,normal,25.7242,7.4384,6.986,10.8262,17.9758
2026-01-18 00:30:00+00:00,0,normal,25.6969,7.4436,6.9342,10.7939,17.9728
2026-01-18 00:40:00+00:00,0,normal,25.6847,7.4577,7.0123,10.9341,17.9689
2026-01-18 00:50:00+00:00,0,normal,25.7411,7.4733,7.0199,10.9882,17.9762
2026-01-18 01:00:00+00:00,0,normal,25.8273,7.493,6.9553,11.2773,17.976
2026-01-18 01:10:00+00:00,0,normal,25.8236,7.5001,6.9613,11.3236,17.9754
2026-01-18 01:20:00+00:00,0,normal,25.8264,7.5158,6.9977,11.3541,17.9463
2026-01-18 01:30:00+00:00,0,normal,25.813,7.5351,6.9612,11.1451,17.947
2026-01-18 01:40:00+00:00,0,normal,25.8069,7.5573,6.9432,11.1249,17.9612
2026-01-18 01:50:00+00:00,0,normal,25.7677,7.5429,6.9938,11.1529,17.9671
2026-01-18 02:00:00+00:00,0,normal,25.8291,7.5585,6.996,11.1945,17.9837
2026-01-18 02:10:00+00:00,0,normal,25.8992,7.5778,7.003,11.2983,18.0017
2026-01-18 02:20:00+00:00,0,normal,25.9907,7.576,6.9602,11.4703,17.9907
2026-01-18 02:30:00+00:00,0,normal,26.057,7.564,6.9935,11.4787,17.9841
2026-01-18 02:40:00+00:00,0,normal,26.1384,7.5885,6.9775,11.4439,17.9813
2026-01-18 02:50:00+00:00,0,normal,26.2424,7.6234,6.8621,11.6715,17.9838
2026-01-18 03:00:00+00:00,0,normal,26.3607,7.6231,6.7656,11.7306,17.987
2026-01-18 03:10:00+00:00,0,normal,26.439,7.6545,6.6588,11.7996,17.9998
2026-01-18 03:20:00+00:00,0,normal,26.5033,7.668,6.5261,11.7506,18.0056
2026-01-18 03:30:00+00:00,0,normal,26.5571,7.68,6.4919,11.6333,18.0059
2026-01-18 03:40:00+00:00,0,normal,26.5753,7.6896,6.58,11.412,18.0124
2026-01-18 03:50:00+00:00,0,normal,26.6268,7.7149,6.5344,11.319,18.0116
2026-01-18 04:00:00+00:00,0,normal,26.6481,7.7076,6.5848,11.2721,18.0103
2026-01-18 04:10:00+00:00,0,normal,26.7207,7.7304,6.5556,11.3672,18.0126
2026-01-18 04:20:00+00:00,0,normal,26.7178,7.7328,6.5523,11.385,18.0062
2026-01-18 04:30:00+00:00,0,normal,26.7682,7.7327,6.3941,11.3655,17.9744
2026-01-18 04:40:00+00:00,0,normal,26.8291,7.7376,6.4402,11.4165,17.9589
2026-01-18 04:50:00+00:00,0,normal,26.9058,7.7583,6.3693,11.2928,17.9539
2026-01-18 05:00:00+00:00,0,normal,27.0236,7.7512,6.2435,11.3072,17.9633
2026-01-18 05:10:00+00:00,0,normal,27.1182,7.7541,6.1117,11.2486,17.9788
2026-01-18 05:20:00+00:00,0,normal,27.1711,7.7448,6.0781,11.1453,17.9816
2026-01-18 05:30:00+00:00,0,normal,27.1943,7.7523,5.9811,11.174,17.9944
2026-01-18 05:40:00+00:00,0,normal,27.2519,7.7384,5.8971,11.3267,18.0006
2026-01-18 05:50:00+00:00,0,normal,27.2326,7.748,5.9333,11.1337,17.9818
2026-01-18 06:00:00+00:00,0,normal,27.3175,7.7554,5.9111,11.2367,17.9812
2026-01-18 06:10:00+00:00,0,normal,27.3883,7.7884,5.9375,11.4215,17.9961
2026-01-18 06:20:00+00:00,0,normal,27.4862,7.7881,5.8867,11.5751,17.9987
2026-01-18 06:30:00+00:00,0,normal,27.5355,7.7955,5.9484,11.4792,17.9958
2026-01-18 06:40:00+00:00,0,normal,27.6133,7.8102,5.8749,11.5533,17.9858
2026-01-18 06:50:00+00:00,0,normal,27.6272,7.838,5.8464,11.4025,17.9837
2026-01-18 07:00:00+00:00,0,normal,27.6657,7.8271,5.6966,11.3709,17.9793
2026-01-18 07:10:00+00:00,0,normal,27.6285,7.8349,5.6754,11.1363,17.9768
2026-01-18 07:20:00+00:00,0,normal,27.706,7.8627,5.594,11.2531,17.9666
2026-01-18 07:30:00+00:00,0,normal,27.7926,7.8729,5.5766,11.193,17.9716
2026-01-18 07:40:00+00:00,0,normal,27.8481,7.8642,5.4762,11.2926,17.9605
2026-01-18 07:50:00+00:00,0,normal,27.7743,7.8558,5.5575,11.1926,17.9618
2026-01-18 08:00:00+00:00,0,normal,27.8128,7.8612,5.5244,10.9702,17.97
2026-01-18 08:10:00+00:00,0,normal,27.8467,7.8376,5.4721,10.9098,17.9663
2026-01-18 08:20:00+00:00,0,normal,27.8138,7.8206,5.485,10.744,17.9669
2026-01-18 08:30:00+00:00,0,normal,27.8518,7.8294,5.5013,10.6528,17.9396
2026-01-18 08:40:00+00:00,0,normal,27.9895,7.8506,5.4445,10.641,17.9035
2026-01-18 08:50:00+00:00,0,normal,28.047,7.8503,5.4018,10.8202,17.8884
2026-01-18 09:00:00+00:00,0,normal,28.0646,7.8427,5.4334,10.7335,17.8831
2026-01-18 09:10:00+00:00,0,normal,28.0935,7.835,5.4258,10.9067,17.8623
2026-01-18 09:20:00+00:00,0,normal,28.1529,7.8148,5.3886,10.9408,17.8661
2026-01-18 09:30:00+00:00,0,normal,28.1407,7.7964,5.4758,10.921,17.8867
2026-01-18 09:40:00+00:00,0,normal,28.1646,7.7775,5.4501,11.1859,17.8808
2026-01-18 09:50:00+00:00,0,normal,28.1162,7.7849,5.4653,11.1191,17.8689
2026-01-18 10:00:00+00:00,0,normal,28.0656,7.8036,5.4171,10.9565,17.8929
2026-01-18 10:10:00+00:00,0,normal,28.074,7.8078,5.4438,10.7375,17.8921
2026-01-18 10:20:00+00:00,0,normal,28.0682,7.8047,5.3741,10.7979,17.8865
2026-01-18 10:30:00+00:00,0,normal,28.0615,7.7999,5.3666,10.3112,17.8782
2026-01-18 10:40:00+00:00,0,normal,28.0716,7.781,5.3235,10.192,17.8877
2026-01-18 10:50:00+00:00,0,normal,28.0644,7.7465,5.4155,10.1539,17.8629
2026-01-18 11:00:00+00:00,0,normal,27.9932,7.7168,5.3967,10.3359,17.8637
2026-01-18 11:10:00+00:00,0,normal,28.0247,7.7093,5.3727,10.3866,17.8584
2026-01-18 11:20:00+00:00,0,normal,28.0009,7.7128,5.4272,10.435,17.8509
2026-01-18 11:30:00+00:00,0,normal,27.9178,7.7066,5.4694,10.5919,17.8466
2026-01-18 11:40:00+00:00,0,normal,27.9119,7.7103,5.3587,10.4286,17.8595
2026-01-18 11:50:00+00:00,0,normal,27.9542,7.7321,5.3943,10.2746,17.8501
2026-01-18 12:00:00+00:00,0,normal,27.8711,7.7362,5.4231,10.1732,17.8482
2026-01-18 12:10:00+00:00,0,normal,27.7605,7.7252,5.5022,10.2219,17.8427
2026-01-18 12:20:00+00:00,0,normal,27.8624,7.7283,5.4684,10.2645,17.8492
2026-01-18 12:30:00+00:00,0,normal,27.8648,7.7246,5.5297,10.2893,17.8212
2026-01-18 12:40:00+00:00,0,normal,27.7663,7.7093,5.5659,10.2713,17.8319
2026-01-18 12:50:00+00:00,0,normal,27.7268,7.6622,5.5582,10.2364,17.8159
2026-01-18 13:00:00+00:00,0,normal,27.795,7.6626,5.5481,10.3014,17.8315
2026-01-18 13:10:00+00:00,0,normal,27.67,7.6435,5.5935,10.232,17.8173
2026-01-18 13:20:00+00:00,0,normal,27.6477,7.6213,5.5979,10.4842,17.8324
2026-01-18 13:30:00+00:00,0,normal,27.629,7.5954,5.6443,10.4237,17.814
2026-01-18 13:40:00+00:00,0,normal,27.609,7.6058,5.702,10.2736,17.8198
2026-01-18 13:50:00+00:00,0,normal,27.5315,7.569,5.6896,10.4662,17.8019
2026-01-18 14:00:00+00:00,0,normal,27.4996,7.5602,5.7394,10.2578,17.7918
2026-01-18 14:10:00+00:00,0,normal,27.4495,7.5577,5.8044,10.0673,17.7861
2026-01-18 14:20:00+00:00,0,normal,27.3512,7.5485,5.8153,10.2568,17.7525
2026-01-18 14:30:00+00:00,0,normal,27.2353,7.5339,5.9015,10.2158,17.7358
2026-01-18 14:40:00+00:00,0,normal,27.2024,7.5301,5.8952,10.1489,17.7253
2026-01-18 14:50:00+00:00,0,normal,27.1807,7.5288,5.9124,10.58,17.7265
2026-01-18 15:00:00+00:00,0,normal,27.1088,7.521,5.9635,10.7019,17.724
2026-01-18 15:10:00+00:00,0,normal,27.1024,7.5188,6.0029,10.6549,17.7476
2026-01-18 15:20:00+00:00,0,normal,27.0963,7.5103,5.9175,10.5655,17.7457
2026-01-18 15:30:00+00:00,0,normal,27.0491,7.5109,5.9893,10.4776,17.7492
2026-01-18 15:40:00+00:00,0,normal,26.9708,7.5003,5.9917,9.9274,17.7511
2026-01-18 15:50:00+00:00,0,normal,26.8818,7.5024,6.0621,9.8044,17.7452
2026-01-18 16:00:00+00:00,0,normal,26.8014,7.4926,6.0807,9.7824,17.7424
2026-01-18 16:10:00+00:00,0,normal,26.8311,7.4819,6.1907,10.0433,17.7652
2026-01-18 16:20:00+00:00,0,normal,26.6857,7.4507,6.2371,9.7676,17.7546
2026-01-18 16:30:00+00:00,0,normal,26.6508,7.4318,6.3191,9.9562,17.7429
2026-01-18 16:40:00+00:00,0,normal,26.5535,7.3932,6.3376,9.9239,17.7478
2026-01-18 16:50:00+00:00,0,normal,26.5067,7.3781,6.4749,9.8801,17.7599
2026-01-18 17:00:00+00:00,0,normal,26.3647,7.3594,6.5551,9.7369,17.7404
2026-01-18 17:10:00+00:00,0,normal,26.2989,7.3694,6.6748,9.8364,17.7288
2026-01-18 17:20:00+00:00,0,normal,26.2423,7.351,6.768,9.9749,17.7253
2026-01-18 17:30:00+00:00,0,normal,26.2372,7.334,6.794,10.1968,17.7128
2026-01-18 17:40:00+00:00,0,normal,26.1144,7.3173,6.7736,10.3025,17.7144
2026-01-18 17:50:00+00:00,0,normal,26.11,7.3115,6.7457,10.3865,17.7324
2026-01-18 18:00:00+00:00,0,normal,26.1874,7.2894,6.6995,10.5463,17.7331
2026-01-18 18:10:00+00:00,0,normal,26.1789,7.2922,6.5642,10.4828,17.738
2026-01-18 18:20:00+00:00,0,normal,26.1585,7.2959,6.5788,10.4106,17.7243
2026-01-18 18:30:00+00:00,0,normal,26.19,7.296,6.5888,10.4254,17.7041
2026-01-18 18:40:00+00:00,0,normal,26.1632,7.2943,6.6167,10.4076,17.6683
2026-01-18 18:50:00+00:00,0,normal,26.1291,7.2971,6.5864,10.3079,17.6875
2026-01-18 19:00:00+00:00,0,normal,26.0748,7.2986,6.7085,10.4454,17.6809
2026-01-18 19:10:00+00:00,0,normal,25.9881,7.3091,6.7121,10.6236,17.69
2026-01-18 19:20:00+00:00,0,normal,25.9554,7.3199,6.7892,10.5458,17.6907
2026-01-18 19:30:00+00:00,0,normal,25.887,7.3232,6.8297,10.7067,17.7013
2026-01-18 19:40:00+00:00,0,normal,25.7266,7.3222,6.8984,10.6214,17.6895
2026-01-18 19:50:00+00:00,0,normal,25.6699,7.3183,6.9341,10.4915,17.6808
2026-01-18 20:00:00+00:00,0,normal,25.7547,7.3187,6.9839,10.3218,17.6627
2026-01-18 20:10:00+00:00,0,normal,25.7416,7.3097,6.9494,10.3751,17.6502
2026-01-18 20:20:00+00:00,0,normal,25.752,7.3226,6.9337,10.3811,17.6324
2026-01-18 20:30:00+00:00,0,normal,25.799,7.3082,6.966,10.6046,17.6306
2026-01-18 20:40:00+00:00,0,normal,25.7569,7.3082,6.992,10.7049,17.6297
2026-01-18 20:50:00+00:00,0,normal,25.6683,7.3055,6.9986,10.8253,17.6541
2026-01-18 21:00:00+00:00,0,normal,25.5978,7.3017,6.9933,10.8308,17.6687
2026-01-18 21:10:00+00:00,0,normal,25.4941,7.2799,7.0756,10.9053,17.6673
2026-01-18 21:20:00+00:00,0,normal,25.5195,7.2907,7.05,10.6975,17.6626
2026-01-18 21:30:00+00:00,0,normal,25.5602,7.3066,7.0772,10.6016,17.6516
2026-01-18 21:40:00+00:00,0,normal,25.5018,7.2987,7.1582,10.6555,17.6334
2026-01-18 21:50:00+00:00,0,normal,25.5594,7.2913,7.1451,10.865,17.6278
2026-01-18 22:00:00+00:00,0,normal,25.5867,7.3145,7.1164,10.7188,17.6369
2026-01-18 22:10:00+00:00,0,normal,25.5514,7.3345,7.1658,10.8842,17.6587
2026-01-18 22:20:00+00:00,0,normal,25.5191,7.3309,7.1527,10.8397,17.6858
2026-01-18 22:30:00+00:00,0,normal,25.5934,7.3397,7.0951,10.7588,17.6944
2026-01-18 22:40:00+00:00,0,normal,25.5668,7.3601,7.1564,10.6924,17.713
2026-01-18 22:50:00+00:00,0,normal,25.6282,7.3735,7.1666,10.9278,17.7141
2026-01-18 23:00:00+00:00,0,normal,25.6371,7.3628,7.2266,10.9477,17.6956
2026-01-18 23:10:00+00:00,0,normal,25.6552,7.3583,7.2213,11.0249,17.6981
2026-01-18 23:20:00+00:00,0,normal,25.604,7.3663,7.1945,11.115,17.6925
2026-01-18 23:30:00+00:00,0,normal,25.6955,7.3798,7.085,10.8821,17.6873
2026-01-18 23:40:00+00:00,0,normal,25.6808,7.3721,7.1283,10.8664,17.7003
2026-01-18 23:50:00+00:00,0,normal,25.7166,7.4028,7.076,10.7851,17.7102
2026-01-19 00:00:00+00:00,0,normal,25.6596,7.4325,7.1038,10.9288,18.2702
2026-01-19 00:10:00+00:00,0,normal,25.6855,7.4509,7.1442,10.9748,18.2859
2026-01-19 00:20:00+00:00,0,normal,25.68,7.465,7.1991,11.2417,18.2825
2026-01-19 00:30:00+00:00,0,normal,25.7031,7.4822,7.1451,11.1536,18.2679
2026-01-19 00:40:00+00:00,0,normal,25.6401,7.4827,7.1403,11.3084,18.2661
2026-01-19 00:50:00+00:00,0,normal,25.7688,7.4771,7.1021,11.3394,18.2471
2026-01-19 01:00:00+00:00,0,normal,25.8142,7.4771,7.0433,11.4161,18.2434
2026-01-19 01:10:00+00:00,0,normal,25.8575,7.4716,6.9821,11.5616,18.2394
2026-01-19 01:20:00+00:00,0,normal,25.8828,7.4786,6.8947,11.4285,18.2587
2026-01-19 01:30:00+00:00,0,normal,25.9995,7.4961,6.8369,11.2413,18.2492
2026-01-19 01:40:00+00:00,0,normal,26.0465,7.5066,6.8132,11.0387,18.2568
2026-01-19 01:50:00+00:00,0,normal,26.0772,7.5276,6.7918,10.7612,18.2497
2026-01-19 02:00:00+00:00,0,normal,26.0354,7.5394,6.7859,10.4445,18.2389
2026-01-19 02:10:00+00:00,0,normal,26.0776,7.5427,6.8194,10.4319,18.2325
2026-01-19 02:20:00+00:00,0,normal,26.1473,7.5479,6.7633,10.5995,18.2466
2026-01-19 02:30:00+00:00,0,normal,26.1053,7.5581,6.7803,10.8739,18.2386
2026-01-19 02:40:00+00:00,0,normal,26.127,7.5732,6.8077,11.1515,18.25
2026-01-19 02:50:00+00:00,0,normal,26.2427,7.5945,6.7458,11.2233,18.2637
2026-01-19 03:00:00+00:00,0,normal,26.2793,7.6222,6.7019,11.3175,18.258
2026-01-19 03:10:00+00:00,0,normal,26.2873,7.6331,6.6821,11.5908,18.2594
2026-01-19 03:20:00+00:00,0,normal,26.3209,7.6498,6.5669,11.5674,18.2609
2026-01-19 03:30:00+00:00,0,normal,26.4096,7.6741,6.4765,11.5217,18.2633
2026-01-19 03:40:00+00:00,0,normal,26.4332,7.6705,6.5189,11.6067,18.2536
2026-01-19 03:50:00+00:00,0,normal,26.5422,7.6881,6.4578,11.6359,18.2642
2026-01-19 04:00:00+00:00,0,normal,26.5826,7.7168,6.4328,11.6362,18.2647
2026-01-19 04:10:00+00:00,0,normal,26.7633,7.7439,6.3019,11.5499,18.2735
2026-01-19 04:20:00+00:00,0,normal,26.8174,7.7341,6.2431,11.5463,18.2778
2026-01-19 04:30:00+00:00,0,normal,26.8472,7.77,6.2063,11.3495,18.2962
2026-01-19 04:40:00+00:00,0,normal,26.9229,7.766,6.1164,11.3083,18.297
2026-01-19 04:50:00+00:00,0,normal,27.012,7.7556,6.1182,11.0232,18.2982
2026-01-19 05:00:00+00:00,0,normal,26.9857,7.75,6.1675,11.0924,18.2908
2026-01-19 05:10:00+00:00,0,normal,27.0575,7.7571,6.1471,10.9846,18.2863
2026-01-19 05:20:00+00:00,0,normal,27.1829,7.7474,6.0441,11.1641,18.2795
2026-01-19 05:30:00+00:00,0,normal,27.2318,7.7678,6.0121,11.1592,18.2921
2026-01-19 05:40:00+00:00,0,normal,27.2455,7.7726,5.9642,11.0896,18.2854
2026-01-19 05:50:00+00:00,0,normal,27.3136,7.7835,5.9178,10.9004,18.2755
2026-01-19 06:00:00+00:00,0,normal,27.3712,7.7824,5.8439,10.9556,18.2713
2026-01-19 06:10:00+00:00,0,normal,27.3346,7.793,5.7831,10.9497,18.2605
2026-01-19 06:20:00+00:00,0,normal,27.3264,7.7753,5.852,10.9822,18.2483
2026-01-19 06:30:00+00:00,0,normal,27.4012,7.7781,5.7897,10.9979,18.2503
2026-01-19 06:40:00+00:00,0,normal,27.4877,7.7841,5.7907,11.0937,18.2539
2026-01-19 06:50:00+00:00,0,normal,27.5704,7.8127,5.7856,11.0619,18.2397
2026-01-19 07:00:00+00:00,0,normal,27.635,7.8211,5.8541,10.9198,18.2467
2026-01-19 07:10:00+00:00,0,normal,27.6687,7.8389,5.766,10.9333,18.2291
2026-01-19 07:20:00+00:00,0,normal,27.7301,7.8521,5.681,11.2064,18.2118
2026-01-19 07:30:00+00:00,0,normal,27.7039,7.8491,5.6698,11.1867,18.2096
2026-01-19 07:40:00+00:00,0,normal,27.7158,7.8471,5.6368,11.0425,18.2212
2026-01-19 07:50:00+00:00,0,normal,27.7567,7.8396,5.5562,11.299,18.2032
2026-01-19 08:00:00+00:00,0,normal,27.7598,7.8417,5.5855,11.4079,18.201
2026-01-19 08:10:00+00:00,0,normal,27.7298,7.8511,5.6425,11.3456,18.2264
2026-01-19 08:20:00+00:00,0,normal,27.8292,7.8497,5.5827,11.3362,18.2447
2026-01-19 08:30:00+00:00,0,normal,27.8265,7.834,5.5374,11.389,18.246
2026-01-19 08:40:00+00:00,0,normal,27.9108,7.8357,5.5357,11.107,18.2556
2026-01-19 08:50:00+00:00,0,normal,27.947,7.8138,5.4865,11.0718,18.265
2026-01-19 09:00:00+00:00,0,normal,28.0095,7.7982,5.4745,11.068,18.2356
2026-01-19 09:10:00+00:00,0,normal,28.0589,7.8161,5.4547,10.9482,18.1893
2026-01-19 09:20:00+00:00,0,normal,28.0395,7.8078,5.5113,10.7338,18.1687
2026-01-19 09:30:00+00:00,0,normal,27.9228,7.8143,5.5238,10.8064,18.1594
2026-01-19 09:40:00+00:00,0,normal,27.996,7.8223,5.5071,10.5576,18.1482
2026-01-19 09:50:00+00:00,0,normal,27.9617,7.8386,5.5185,10.2793,18.1512
2026-01-19 10:00:00+00:00,0,normal,27.8785,7.8109,5.5406,10.3303,18.1855
2026-01-19 10:10:00+00:00,0,normal,27.8967,7.814,5.5127,10.6286,18.1859
2026-01-19 10:20:00+00:00,0,normal,27.9735,7.7915,5.5004,10.5207,18.1761
2026-01-19 10:30:00+00:00,0,normal,27.8895,7.7784,5.4968,10.6112,18.169
2026-01-19 10:40:00+00:00,0,normal,27.9069,7.7654,5.4996,10.6514,18.1653
2026-01-19 10:50:00+00:00,0,normal,27.9156,7.7691,5.4209,10.4003,18.1442
2026-01-19 11:00:00+00:00,0,normal,27.8898,7.7709,5.4266,10.3918,18.1314
2026-01-19 11:10:00+00:00,0,normal,27.842,7.7571,5.4126,10.4049,18.1399
2026-01-19 11:20:00+00:00,0,normal,27.8485,7.7616,5.4064,10.228,18.126
2026-01-19 11:30:00+00:00,0,normal,27.786,7.7295,5.3976,10.1394,18.107
2026-01-19 11:40:00+00:00,0,normal,27.7348,7.7023,5.4408,10.3932,18.1063
2026-01-19 11:50:00+00:00,0,normal,27.7534,7.6875,5.5024,10.3165,18.1011
2026-01-19 12:00:00+00:00,0,normal,27.7401,7.692,5.4813,10.4157,18.0878
2026-01-19 12:10:00+00:00,0,normal,27.7166,7.6765,5.4859,10.582,18.0928
2026-01-19 12:20:00+00:00,0,normal,27.7389,7.6837,5.4367,10.5127,18.095
2026-01-19 12:30:00+00:00,0,normal,27.7002,7.6925,5.5018,10.1457,18.0771
2026-01-19 12:40:00+00:00,0,normal,27.6885,7.6937,5.4763,10.1349,18.0818
2026-01-19 12:50:00+00:00,0,normal,27.7203,7.6731,5.5279,10.115,18.0714
2026-01-19 13:00:00+00:00,0,normal,27.6773,7.6745,5.6319,10.027,18.0808
2026-01-19 13:10:00+00:00,0,normal,27.6576,7.6745,5.6552,10.2115,18.0723
2026-01-19 13:20:00+00:00,0,normal,27.6331,7.6525,5.6891,10.4101,18.0813
2026-01-19 13:30:00+00:00,0,normal,27.5802,7.612,5.6796,10.3432,18.0798
2026-01-19 13:40:00+00:00,0,normal,27.5421,7.5988,5.6965,10.1579,18.0797
2026-01-19 13:50:00+00:00,0,normal,27.533,7.5711,5.6985,10.2431,18.0511
2026-01-19 14:00:00+00:00,0,normal,27.4061,7.5564,5.7391,10.0574,18.0563
2026-01-19 14:10:00+00:00,0,normal,27.3842,7.5492,5.8022,10.3821,18.0332
2026-01-19 14:20:00+00:00,0,normal,27.3673,7.5484,5.8258,10.3538,18.0103
2026-01-19 14:30:00+00:00,0,normal,27.2538,7.5397,5.8306,10.5327,18.0142
2026-01-19 14:40:00+00:00,0,normal,27.2211,7.5211,5.7997,10.393,18.0165
2026-01-19 14:50:00+00:00,0,normal,27.2089,7.5011,5.8747,10.632,17.999
2026-01-19 15:00:00+00:00,0,normal,27.0871,7.4851,5.8573,10.5411,18.0029
2026-01-19 15:10:00+00:00,0,normal,26.995,7.4961,5.8515,10.5545,18.0029
2026-01-19 15:20:00+00:00,0,normal,26.8864,7.4939,5.9691,10.4916,18.0128
2026-01-19 15:30:00+00:00,0,normal,26.788,7.4999,6.0268,10.6814,18.0197
2026-01-19 15:40:00+00:00,0,normal,26.8048,7.4824,6.0503,10.5645,18.0147
2026-01-19 15:50:00+00:00,0,normal,26.7348,7.4619,6.0844,10.3182,18.0125
2026-01-19 16:00:00+00:00,0,normal,26.6287,7.422,6.2851,10.3604,18.0213
2026-01-19 16:10:00+00:00,0,normal,26.5998,7.3951,6.3261,10.2478,17.9893
2026-01-19 16:20:00+00:00,0,normal,26.551,7.3861,6.3924,10.1253,17.9717
2026-01-19 16:30:00+00:00,0,normal,26.4365,7.3721,6.4587,10.0073,17.9731
2026-01-19 16:40:00+00:00,0,normal,26.5008,7.387,6.4197,10.1527,17.9648
2026-01-19 16:50:00+00:00,0,normal,26.5267,7.391,6.3343,9.9523,17.9663
2026-01-19 17:00:00+00:00,0,normal,26.5275,7.3947,6.3894,9.9163,17.9657
2026-01-19 17:10:00+00:00,0,normal,26.4814,7.368,6.4089,9.8186,17.967
2026-01-19 17:20:00+00:00,0,normal,26.4557,7.3675,6.4136,9.8948,17.9681
2026-01-19 17:30:00+00:00,0,normal,26.3219,7.3452,6.5333,9.6956,17.9879
2026-01-19 17:40:00+00:00,0,normal,26.2668,7.3447,6.6361,9.8044,17.9749
2026-01-19 17:50:00+00:00,0,normal,26.1583,7.3311,6.6358,10.0235,17.9985
2026-01-19 18:00:00+00:00,0,normal,26.1334,7.342,6.6319,10.2205,17.9943
2026-01-19 18:10:00+00:00,0,normal,26.1133,7.3495,6.7401,9.9714,17.9894
2026-01-19 18:20:00+00:00,0,normal,26.1044,7.3503,6.7293,10.086,17.9819
2026-01-19 18:30:00+00:00,0,normal,26.021,7.3424,6.7316,10.3371,17.9984
2026-01-19 18:40:00+00:00,0,normal,26.0306,7.3521,6.7219,10.3086,17.9754
2026-01-19 18:50:00+00:00,0,normal,25.8541,7.3528,6.8342,10.2701,17.9886
2026-01-19 19:00:00+00:00,0,normal,25.7803,7.3362,6.7649,10.627,17.9971
2026-01-19 19:10:00+00:00,0,normal,25.7283,7.3363,6.8285,10.603,17.9809
2026-01-19 19:20:00+00:00,0,normal,25.6942,7.3265,6.8914,10.504,17.9627
2026-01-19 19:30:00+00:00,0,normal,25.6683,7.3128,6.8817,10.5318,17.964
2026-01-19 19:40:00+00:00,0,normal,25.7335,7.2883,6.9263,10.5178,17.9431
2026-01-19 19:50:00+00:00,0,normal,25.6483,7.2926,7.0457,10.4321,17.9366
2026-01-19 20:00:00+00:00,0,normal,25.6159,7.2766,7.1052,10.5525,17.9439
2026-01-19 20:10:00+00:00,0,normal,25.5908,7.2838,7.0999,10.4243,17.9474
2026-01-19 20:20:00+00:00,0,normal,25.5423,7.2939,7.2021,10.4612,17.9484
2026-01-19 20:30:00+00:00,0,normal,25.5256,7.3144,7.2246,10.3133,17.9518
2026-01-19 20:40:00+00:00,0,normal,25.581,7.3038,7.1176,10.2889,17.9726
2026-01-19 20:50:00+00:00,0,normal,25.5261,7.306,7.1585,10.3917,17.9743
2026-01-19 21:00:00+00:00,0,normal,25.5114,7.3054,7.1454,10.572,17.9831
2026-01-19 21:10:00+00:00,0,normal,25.5373,7.3041,7.1586,10.4743,17.987
2026-01-19 21:20:00+00:00,0,normal,25.455,7.2848,7.1383,10.4672,18.0073
2026-01-19 21:30:00+00:00,0,normal,25.4123,7.3093,7.2429,10.5756,17.9791
2026-01-19 21:40:00+00:00,0,normal,25.4209,7.3147,7.1719,10.4551,17.9773
2026-01-19 21:50:00+00:00,0,normal,25.3941,7.3062,7.1592,10.4999,17.9625
2026-01-19 22:00:00+00:00,0,normal,25.3104,7.3081,7.1723,10.5203,17.9545
2026-01-19 22:10:00+00:00,0,normal,25.3644,7.3391,7.217,10.5401,17.9445
2026-01-19 22:20:00+00:00,0,normal,25.4242,7.3115,7.1873,10.4169,17.9505
2026-01-19 22:30:00+00:00,0,normal,25.4022,7.3346,7.2667,10.4632,17.9397
2026-01-19 22:40:00+00:00,0,normal,25.3782,7.341,7.3615,10.4461,17.9424
2026-01-19 22:50:00+00:00,0,normal,25.3711,7.3524,7.3572,10.3985,17.9455
2026-01-19 23:00:00+00:00,0,normal,25.4489,7.3464,7.2958,10.5311,17.9524
2026-01-19 23:10:00+00:00,0,normal,25.3777,7.3879,7.293,10.7937,17.9431
2026-01-19 23:20:00+00:00,0,normal,25.4364,7.3894,7.2385,10.9856,17.9528
2026-01-19 23:30:00+00:00,0,normal,25.4804,7.4016,7.1835,11.0267,17.9503
2026-01-19 23:40:00+00:00,0,normal,25.5119,7.4065,7.1625,11.1455,17.9621
2026-01-19 23:50:00+00:00,0,normal,25.4621,7.4194,7.1613,11.1824,17.9508
2026-01-20 00:00:00+00:00,0,normal,25.5902,7.4183,7.1098,11.1758,17.9748
2026-01-20 00:10:00+00:00,0,normal,25.6664,7.4338,7.0584,11.0398,17.9806
2026-01-20 00:20:00+00:00,0,normal,25.6774,7.4498,7.0507,11.1308,17.9933
2026-01-20 00:30:00+00:00,0,normal,25.7639,7.4537,7.0284,11.2888,17.9982
2026-01-20 00:40:00+00:00,0,normal,25.7736,7.4596,6.9853,11.4213,17.9938
2026-01-20 00:50:00+00:00,0,normal,25.6542,7.4669,7.0556,11.3257,17.9837
2026-01-20 01:00:00+00:00,0,normal,25.6756,7.4674,7.0459,11.332,17.9894
2026-01-20 01:10:00+00:00,0,normal,25.7848,7.4885,6.9992,11.0669,17.9882
2026-01-20 01:20:00+00:00,0,normal,25.8375,7.5134,6.9409,10.9704,17.9679
2026-01-20 01:30:00+00:00,0,normal,25.8904,7.5267,6.977,10.9315,17.9864
2026-01-20 01:40:00+00:00,0,normal,25.9899,7.5466,6.9396,10.8494,17.9903
2026-01-20 01:50:00+00:00,0,normal,26.0232,7.5482,6.8971,11.1695,17.9889
2026-01-20 02:00:00+00:00,0,normal,26.0399,7.5465,6.8899,11.4244,17.9863
2026-01-20 02:10:00+00:00,0,normal,26.0337,7.5665,6.95,11.3498,17.9704
2026-01-20 02:20:00+00:00,0,normal,26.0392,7.5946,6.8727,11.5961,17.97
2026-01-20 02:30:00+00:00,0,normal,26.0972,7.6167,6.7763,11.7032,17.9758
2026-01-20 02:40:00+00:00,0,normal,26.1581,7.645,6.7937,11.5437,17.9716
2026-01-20 02:50:00+00:00,0,normal,26.1508,7.664,6.7264,11.5004,17.961
2026-01-20 03:00:00+00:00,0,normal,26.2387,7.6736,6.6024,11.5493,17.9854
2026-01-20 03:10:00+00:00,0,normal,26.3604,7.6835,6.5315,11.2926,17.99
2026-01-20 03:20:00+00:00,0,normal,26.4355,7.6782,6.5356,11.5104,17.9814
2026-01-20 03:30:00+00:00,0,normal,26.4807,7.6967,6.4558,11.5196,17.9857
2026-01-20 03:40:00+00:00,0,normal,26.5519,7.7086,6.4421,11.4997,17.9962
2026-01-20 03:50:00+00:00,0,normal,26.5241,7.7125,6.4419,11.3271,18.0039
2026-01-20 04:00:00+00:00,0,normal,26.5466,7.7017,6.4867,11.3988,17.983
2026-01-20 04:10:00+00:00,0,normal,26.6053,7.7064,6.394,11.1036,17.9846
2026-01-20 04:20:00+00:00,0,normal,26.6082,7.7008,6.3553,11.0655,17.9939
2026-01-20 04:30:00+00:00,0,normal,26.6619,7.6956,6.2788,10.9984,17.9881
2026-01-20 04:40:00+00:00,0,normal,26.7081,7.685,6.289,11.1538,17.9822
2026-01-20 04:50:00+00:00,0,normal,26.8436,7.7026,6.1997,11.046,18.0027
2026-01-20 05:00:00+00:00,0,normal,26.8942,7.7118,6.2291,11.2902,18.0103
2026-01-20 05:10:00+00:00,0,normal,26.9937,7.7282,6.1731,11.0305,18.0034
2026-01-20 05:20:00+00:00,0,normal,27.1053,7.7548,6.1459,11.183,18.014
2026-01-20 05:30:00+00:00,0,normal,27.2427,7.7833,6.1234,11.2795,18.0184
2026-01-20 05:40:00+00:00,0,normal,27.221,7.7884,6.0844,11.3326,18.0053
2026-01-20 05:50:00+00:00,0,normal,27.2347,7.7875,6.0055,11.161,18.0069
2026-01-20 06:00:00+00:00,0,normal,27.24,7.7987,6.0283,11.3977,17.9967
2026-01-20 06:10:00+00:00,0,normal,27.3473,7.8017,5.9889,11.2562,17.9823
2026-01-20 06:20:00+00:00,0,normal,27.3926,7.8015,5.8926,11.1563,17.9644
2026-01-20 06:30:00+00:00,0,normal,27.4296,7.8067,5.8516,11.1576,17.9586
2026-01-20 06:40:00+00:00,0,normal,27.4957,7.814,5.8067,11.3814,17.9406
2026-01-20 06:50:00+00:00,0,normal,27.5168,7.8043,5.7747,11.1461,17.9358
2026-01-20 07:00:00+00:00,0,normal,27.5167,7.8017,5.7212,11.2334,17.9314
2026-01-20 07:10:00+00:00,0,normal,27.5118,7.8039,5.6546,11.2502,17.9443
2026-01-20 07:20:00+00:00,0,normal,27.5838,7.8158,5.6864,11.2012,17.9383
2026-01-20 07:30:00+00:00,0,normal,27.641,7.8292,5.6535,10.8257,17.9458
2026-01-20 07:40:00+00:00,0,normal,27.725,7.8519,5.6013,10.78,17.9553
2026-01-20 07:50:00+00:00,0,normal,27.7061,7.8664,5.6117,10.7427,17.9856
2026-01-20 08:00:00+00:00,0,normal,27.7602,7.8883,5.6127,10.5986,17.9746
2026-01-20 08:10:00+00:00,0,normal,27.768,7.8865,5.5546,10.7139,17.9779
2026-01-20 08:20:00+00:00,0,normal,27.7347,7.8842,5.5579,10.7488,17.9624
2026-01-20 08:30:00+00:00,0,normal,27.7285,7.8634,5.5988,10.9808,17.9414
2026-01-20 08:40:00+00:00,0,normal,27.7999,7.8609,5.5861,10.8579,17.9104
2026-01-20 08:50:00+00:00,0,normal,27.8151,7.8351,5.5669,10.9064,17.9033
2026-01-20 09:00:00+00:00,0,normal,27.806,7.813,5.5278,10.6712,17.8898
2026-01-20 09:10:00+00:00,0,normal,27.8231,7.8189,5.5619,10.8078,17.8942
2026-01-20 09:20:00+00:00,0,normal,27.8915,7.8112,5.4818,10.8025,17.8905
2026-01-20 09:30:00+00:00,0,normal,27.8729,7.8023,5.4251,10.8075,17.8948
2026-01-20 09:40:00+00:00,0,normal,27.9049,7.7969,5.4433,10.9174,17.9047
2026-01-20 09:50:00+00:00,0,normal,27.9296,7.8163,5.4248,10.9954,17.9028
2026-01-20 10:00:00+00:00,0,normal,27.972,7.8104,5.3938,10.7766,17.9084
2026-01-20 10:10:00+00:00,0,normal,27.9101,7.8174,5.343,10.7156,17.9167
2026-01-20 10:20:00+00:00,0,normal,27.8749,7.8166,5.3838,10.6932,17.9059
2026-01-20 10:30:00+00:00,0,normal,27.8858,7.8185,5.3805,10.3167,17.8771
2026-01-20 10:40:00+00:00,0,normal,27.9202,7.8233,5.386,10.2486,17.8643
2026-01-20 10:50:00+00:00,0,normal,27.8556,7.8083,5.4056,10.1854,17.8606
2026-01-20 11:00:00+00:00,0,normal,27.837,7.787,5.4649,9.9849,17.8636
2026-01-20 11:10:00+00:00,0,normal,27.8369,7.7688,5.4877,9.9673,17.8734
2026-01-20 11:20:00+00:00,0,normal,27.8485,7.76,5.4459,10.2237,17.9008
2026-01-20 11:30:00+00:00,0,normal,27.7302,7.7235,5.5091,10.1523,17.9232
2026-01-20 11:40:00+00:00,0,normal,27.7554,7.6948,5.5454,10.3744,17.9058
2026-01-20 11:50:00+00:00,0,normal,27.7143,7.6957,5.6373,10.4755,17.8936
2026-01-20 12:00:00+00:00,0,normal,27.6631,7.6713,5.6781,10.435,17.8676
2026-01-20 12:10:00+00:00,0,normal,27.5612,7.6359,5.7543,10.4272,17.8476
2026-01-20 12:20:00+00:00,0,normal,27.5863,7.6273,5.7102,10.6314,17.8366
2026-01-20 12:30:00+00:00,0,normal,27.5263,7.6232,5.6624,10.3171,17.8359
2026-01-20 12:40:00+00:00,0,normal,27.5434,7.6035,5.5693,10.4536,17.8244
2026-01-20 12:50:00+00:00,0,normal,27.5123,7.5771,5.5237,10.414,17.807
2026-01-20 13:00:00+00:00,0,normal,27.4364,7.5789,5.5112,10.3058,17.7859
2026-01-20 13:10:00+00:00,0,normal,27.4414,7.5711,5.5444,10.112,17.7782
2026-01-20 13:20:00+00:00,0,normal,27.4478,7.563,5.5251,10.2348,17.7616
2026-01-20 13:30:00+00:00,0,normal,27.4363,7.5641,5.5866,9.9619,17.7635
2026-01-20 13:40:00+00:00,0,normal,27.357,7.591,5.6676,10.1083,17.7657
2026-01-20 13:50:00+00:00,0,normal,27.3759,7.5946,5.6605,10.1977,17.7866
2026-01-20 14:00:00+00:00,0,normal,27.3262,7.5934,5.743,10.0181,17.7689
2026-01-20 14:10:00+00:00,0,normal,27.2147,7.594,5.8014,10.1778,17.7818
2026-01-20 14:20:00+00:00,0,normal,27.1362,7.568,5.8854,10.3392,17.7571
2026-01-20 14:30:00+00:00,0,normal,27.138,7.5502,5.8286,10.0726,17.7687
2026-01-20 14:40:00+00:00,0,normal,27.1429,7.5455,5.8698,10.0656,17.7435
2026-01-20 14:50:00+00:00,0,normal,27.1363,7.5229,5.7977,10.3366,17.7473
2026-01-20 15:00:00+00:00,0,normal,27.0612,7.4931,5.8662,10.0787,17.7392
2026-01-20 15:10:00+00:00,0,normal,27.0975,7.5,5.8844,10.0457,17.757
2026-01-20 15:20:00+00:00,0,normal,27.015,7.4699,5.9964,10.1295,17.74
2026-01-20 15:30:00+00:00,0,normal,26.9297,7.4385,6.0183,10.1651,17.7387
2026-01-20 15:40:00+00:00,0,normal,26.8406,7.4237,6.1268,9.991,17.7207
2026-01-20 15:50:00+00:00,0,normal,26.8097,7.4253,6.1645,10.2799,17.691
2026-01-20 16:00:00+00:00,0,normal,26.6823,7.4084,6.1841,10.2207,17.6717
2026-01-20 16:10:00+00:00,0,normal,26.656,7.4221,6.1923,10.2273,17.6678
2026-01-20 16:20:00+00:00,0,normal,26.5852,7.4128,6.247,10.0892,17.6563
2026-01-20 16:30:00+00:00,0,normal,26.5032,7.399,6.2585,10.29,17.6653
2026-01-20 16:40:00+00:00,0,normal,26.527,7.3941,6.2992,10.0989,17.678
2026-01-20 16:50:00+00:00,0,normal,26.457,7.3751,6.334,10.2465,17.6823
2026-01-20 17:00:00+00:00,0,normal,26.4004,7.3515,6.3706,10.3428,17.6799
2026-01-20 17:10:00+00:00,0,normal,26.3659,7.3356,6.4342,10.276,17.6855
2026-01-20 17:20:00+00:00,0,normal,26.325,7.3396,6.4955,10.1899,17.6819
2026-01-20 17:30:00+00:00,0,normal,26.2556,7.3402,6.5351,10.2828,17.6871
2026-01-20 17:40:00+00:00,0,normal,26.177,7.3295,6.5778,10.0193,17.6789
2026-01-20 17:50:00+00:00,0,normal,26.0944,7.3357,6.6615,10.0068,17.6688
2026-01-20 18:00:00+00:00,0,normal,25.9845,7.3425,6.7349,10.2299,17.6692
2026-01-20 18:10:00+00:00,0,normal,25.8922,7.3158,6.7568,10.3631,17.6663
2026-01-20 18:20:00+00:00,0,normal,25.8464,7.2884,6.8021,10.4901,17.6427
2026-01-20 18:30:00+00:00,0,normal,25.8589,7.287,6.8263,10.9226,17.6437
2026-01-20 18:40:00+00:00,0,normal,25.8457,7.2719,6.8134,10.9363,17.6494
2026-01-20 18:50:00+00:00,0,normal,25.8739,7.2757,6.765,10.953,17.6504
2026-01-20 19:00:00+00:00,0,normal,25.9033,7.3082,6.7938,10.7784,17.657
2026-01-20 19:10:00+00:00,0,normal,25.8431,7.2992,6.7885,10.8833,17.6658
2026-01-20 19:20:00+00:00,0,normal,25.7393,7.2976,6.8724,10.5402,17.6732
2026-01-20 19:30:00+00:00,0,normal,25.7643,7.2933,6.8992,10.7608,17.6777
2026-01-20 19:40:00+00:00,0,normal,25.6752,7.2738,6.9972,10.9071,17.6756
2026-01-20 19:50:00+00:00,0,normal,25.5969,7.2547,7.0208,10.9071,17.6686
2026-01-20 20:00:00+00:00,0,normal,25.5442,7.2659,7.0729,10.834,17.6715
2026-01-20 20:10:00+00:00,0,normal,25.5121,7.2537,7.1162,11.003,17.6544
2026-01-20 20:20:00+00:00,0,normal,25.3749,7.2569,7.1939,10.7766,17.6407
2026-01-20 20:30:00+00:00,0,normal,25.3744,7.2597,7.1764,10.5952,17.6533
2026-01-20 20:40:00+00:00,0,normal,25.3182,7.2587,7.2109,10.7329,17.6583
2026-01-20 20:50:00+00:00,0,normal,25.4194,7.2782,7.1731,10.6811,17.6555
2026-01-20 21:00:00+00:00,0,normal,25.3934,7.3008,7.1962,10.8181,17.678
2026-01-20 21:10:00+00:00,0,normal,25.3843,7.3056,7.169,10.9495,17.7208
2026-01-20 21:20:00+00:00,0,normal,25.3655,7.3149,7.2008,10.9031,17.698
2026-01-20 21:30:00+00:00,0,normal,25.4367,7.3235,7.1473,10.9793,17.6966
2026-01-20 21:40:00+00:00,0,normal,25.3191,7.3162,7.1946,10.7712,17.7084
2026-01-20 21:50:00+00:00,0,normal,25.3714,7.3241,7.1391,10.5882,17.6851
2026-01-20 22:00:00+00:00,0,normal,25.3453,7.3259,7.1488,10.5174,17.6467
2026-01-20 22:10:00+00:00,0,normal,25.2999,7.3363,7.1611,10.6985,17.6699
2026-01-20 22:20:00+00:00,0,normal,25.2059,7.3255,7.2718,10.8355,17.671
2026-01-20 22:30:00+00:00,0,normal,25.1374,7.317,7.3233,11.0756,17.66
2026-01-20 22:40:00+00:00,0,normal,25.1255,7.3254,7.3334,11.1022,17.6613
2026-01-20 22:50:00+00:00,0,normal,25.118,7.3407,7.3577,11.0809,17.6793
2026-01-20 23:00:00+00:00,0,normal,25.1039,7.3463,7.3884,11.1238,17.6596
2026-01-20 23:10:00+00:00,0,normal,25.1347,7.3807,7.3459,10.9308,17.6524
2026-01-20 23:20:00+00:00,0,normal,25.1868,7.4025,7.3401,10.8744,17.6515
2026-01-20 23:30:00+00:00,0,normal,25.213,7.4035,7.2422,11.0413,17.6648
2026-01-20 23:40:00+00:00,0,normal,25.323,7.3988,7.2117,11.2689,17.6535
2026-01-20 23:50:00+00:00,0,normal,25.4233,7.4245,7.157,11.0933,17.6591
2026-01-21 00:00:00+00:00,0,normal,25.4925,7.4303,7.1846,10.9714,18.2284
2026-01-21 00:10:00+00:00,0,normal,25.5883,7.4557,7.1167,11.0368,18.2401
2026-01-21 00:20:00+00:00,0,normal,25.6008,7.4869,7.1866,10.827,18.2448
2026-01-21 00:30:00+00:00,0,normal,25.6296,7.497,7.1897,10.5776,18.2602
2026-01-21 00:40:00+00:00,0,normal,25.6467,7.4826,7.2133,10.5877,18.2608
2026-01-21 00:50:00+00:00,0,normal,25.6575,7.4599,7.1468,10.8859,18.2571
2026-01-21 01:00:00+00:00,0,normal,25.6367,7.4604,7.102,10.9859,18.2609
2026-01-21 01:10:00+00:00,0,normal,25.6612,7.4575,7.0264,11.3987,18.253
2026-01-21 01:20:00+00:00,0,normal,25.6589,7.4795,7.0288,11.4848,18.2558
2026-01-21 01:30:00+00:00,0,normal,25.6953,7.4914,6.9708,11.761,18.2688
2026-01-21 01:40:00+00:00,0,normal,25.728,7.5276,6.9508,11.7148,18.2692
2026-01-21 01:50:00+00:00,0,normal,25.7612,7.5322,6.9523,11.5958,18.2816
2026-01-21 02:00:00+00:00,0,normal,25.7933,7.5445,6.9844,11.3223,18.293
2026-01-21 02:10:00+00:00,0,normal,25.8246,7.5572,6.9451,11.3432,18.2804
2026-01-21 02:20:00+00:00,0,normal,25.8912,7.5869,6.9119,11.2365,18.2805
2026-01-21 02:30:00+00:00,0,normal,25.9451,7.5987,6.8485,11.301,18.2791
2026-01-21 02:40:00+00:00,0,normal,25.9866,7.6189,6.7801,11.3308,18.255
2026-01-21 02:50:00+00:00,0,normal,26.0892,7.6318,6.6858,11.4485,18.2364
2026-01-21 03:00:00+00:00,0,normal,26.1631,7.6314,6.5894,11.6574,18.2447
2026-01-21 03:10:00+00:00,0,normal,26.1284,7.645,6.5324,11.7995,18.2525
2026-01-21 03:20:00+00:00,0,normal,26.2142,7.67,6.5655,11.5672,18.2614
2026-01-21 03:30:00+00:00,0,normal,26.2783,7.6752,6.5066,11.6065,18.2742
2026-01-21 03:40:00+00:00,0,normal,26.2873,7.6808,6.5331,11.5944,18.3067
2026-01-21 03:50:00+00:00,0,normal,26.3621,7.7181,6.557,11.3372,18.3089
2026-01-21 04:00:00+00:00,0,normal,26.5072,7.706,6.5527,11.0299,18.2985
2026-01-21 04:10:00+00:00,0,normal,26.5247,7.7145,6.489,11.156,18.2915
2026-01-21 04:20:00+00:00,0,normal,26.5544,7.7148,6.5757,11.115,18.282
2026-01-21 04:30:00+00:00,0,normal,26.6421,7.7335,6.5628,11.016,18.256
2026-01-21 04:40:00+00:00,0,normal,26.6764,7.7281,6.4936,11.0806,18.245
2026-01-21 04:50:00+00:00,0,normal,26.7562,7.7419,6.4249,11.4581,18.2416
2026-01-21 05:00:00+00:00,0,normal,26.808,7.735,6.4182,11.405,18.2467
2026-01-21 05:10:00+00:00,0,normal,26.8228,7.7549,6.3267,11.5087,18.2391
2026-01-21 05:20:00+00:00,0,normal,26.8675,7.7508,6.2264,11.5775,18.2406
2026-01-21 05:30:00+00:00,0,normal,27.0058,7.7561,6.1377,11.4355,18.2552
2026-01-21 05:40:00+00:00,0,normal,27.0445,7.7682,6.1056,11.35,18.2548
2026-01-21 05:50:00+00:00,0,normal,27.1595,7.7885,5.9364,11.4595,18.2435
2026-01-21 06:00:00+00:00,0,normal,27.2514,7.8036,5.9532,11.4013,18.2514
2026-01-21 06:10:00+00:00,0,normal,27.3184,7.7931,5.933,11.4486,18.2755
2026-01-21 06:20:00+00:00,0,normal,27.2682,7.8246,5.9807,11.6163,18.2712
2026-01-21 06:30:00+00:00,0,normal,27.2642,7.8346,5.8782,11.5383,18.2744
2026-01-21 06:40:00+00:00,0,normal,27.1957,7.833,5.9234,11.2485,18.2755
2026-01-21 06:50:00+00:00,0,normal,27.251,7.818,5.8862,11.3058,18.28
2026-01-21 07:00:00+00:00,0,normal,27.2341,7.8379,5.858,11.1935,18.2765
2026-01-21 07:10:00+00:00,0,normal,27.3312,7.8204,5.7264,11.2037,18.2652
2026-01-21 07:20:00+00:00,0,normal,27.3889,7.8127,5.7699,10.9964,18.2614
2026-01-21 07:30:00+00:00,0,normal,27.48,7.8051,5.7708,11.1603,18.2567
2026-01-21 07:40:00+00:00,0,normal,27.4881,7.8199,5.7245,11.0241,18.2578
2026-01-21 07:50:00+00:00,0,normal,27.5328,7.8077,5.6933,10.859,18.2531
2026-01-21 08:00:00+00:00,0,normal,27.5033,7.8075,5.7874,10.8563,18.2476
2026-01-21 08:10:00+00:00,0,normal,27.5335,7.8137,5.7334,11.1012,18.2464
2026-01-21 08:20:00+00:00,0,normal,27.5915,7.8134,5.6921,10.9477,18.2439
2026-01-21 08:30:00+00:00,0,normal,27.7017,7.8238,5.619,11.0072,18.2193
2026-01-21 08:40:00+00:00,0,normal,27.7071,7.8268,5.6079,11.0641,18.2085
2026-01-21 08:50:00+00:00,0,normal,27.6545,7.807,5.575,10.9432,18.2237
2026-01-21 09:00:00+00:00,0,normal,27.5766,7.8013,5.6143,10.7555,18.2227
2026-01-21 09:10:00+00:00,0,normal,27.6,7.8004,5.5797,10.8985,18.211
2026-01-21 09:20:00+00:00,0,normal,27.5599,7.7766,5.5774,10.8415,18.2068
2026-01-21 09:30:00+00:00,0,normal,27.5702,7.7825,5.594,10.7397,18.1992
2026-01-21 09:40:00+00:00,0,normal,27.7357,7.7982,5.507,10.8948,18.1707
2026-01-21 09:50:00+00:00,0,normal,27.8502,7.7992,5.5103,10.8716,18.1496
2026-01-21 10:00:00+00:00,0,normal,27.8029,7.7918,5.5078,10.903,18.1523
2026-01-21 10:10:00+00:00,0,normal,27.8075,7.7918,5.5406,10.9923,18.1662
2026-01-21 10:20:00+00:00,0,normal,27.828,7.7841,5.5351,10.8814,18.1524
2026-01-21 10:30:00+00:00,0,normal,27.7729,7.7682,5.5802,10.807,18.1551
2026-01-21 10:40:00+00:00,0,normal,27.7785,7.7761,5.5278,10.7562,18.1578
2026-01-21 10:50:00+00:00,0,normal,27.7839,7.7744,5.5191,10.7793,18.1424
2026-01-21 11:00:00+00:00,0,normal,27.8094,7.7723,5.4606,10.5341,18.1271
2026-01-21 11:10:00+00:00,0,normal,27.8427,7.7783,5.4213,10.8251,18.1103
2026-01-21 11:20:00+00:00,0,normal,27.7766,7.7831,5.4454,10.6168,18.1134
2026-01-21 11:30:00+00:00,0,normal,27.7281,7.7654,5.5043,10.6566,18.1342
2026-01-21 11:40:00+00:00,0,normal,27.6819,7.7558,5.5361,10.5536,18.1376
2026-01-21 11:50:00+00:00,0,normal,27.5426,7.7298,5.6065,10.6029,18.1463
2026-01-21 12:00:00+00:00,0,normal,27.3992,7.7007,5.6153,10.3652,18.1531
2026-01-21 12:10:00+00:00,0,normal,27.3778,7.6596,5.6508,10.4198,18.129
2026-01-21 12:20:00+00:00,0,normal,27.3408,7.6489,5.652,10.4569,18.1188
2026-01-21 12:30:00+00:00,0,normal,27.3245,7.6411,5.7102,10.5696,18.1052
2026-01-21 12:40:00+00:00,0,normal,27.3888,7.643,5.7318,10.7825,18.0977
2026-01-21 12:50:00+00:00,0,normal,27.5009,7.6404,5.7649,10.9356,18.0966
2026-01-21 13:00:00+00:00,0,normal,27.4552,7.6541,5.7987,10.9861,18.1141
2026-01-21 13:10:00+00:00,0,normal,27.3967,7.6228,5.8347,10.917,18.088
2026-01-21 13:20:00+00:00,0,normal,27.3634,7.5988,5.851,10.9492,18.0799
2026-01-21 13:30:00+00:00,0,normal,27.2885,7.5558,5.8018,10.7761,18.0603
2026-01-21 13:40:00+00:00,0,normal,27.176,7.5404,5.802,10.7131,18.0744
2026-01-21 13:50:00+00:00,0,normal,27.1194,7.515,5.7705,10.6413,18.0615
2026-01-21 14:00:00+00:00,0,normal,27.125,7.51,5.7989,10.5614,18.0768
2026-01-21 14:10:00+00:00,0,normal,27.042,7.5099,5.798,10.3798,18.079
2026-01-21 14:20:00+00:00,0,normal,27.093,7.5215,5.8243,10.2287,18.0866
2026-01-21 14:30:00+00:00,0,normal,27.0411,7.4979,5.8949,10.1401,18.0492
2026-01-21 14:40:00+00:00,0,normal,27.0849,7.5207,5.887,10.1541,18.0419
2026-01-21 14:50:00+00:00,0,normal,26.9805,7.5141,5.9186,10.1137,18.0378
2026-01-21 15:00:00+00:00,0,normal,26.9514,7.491,5.9014,10.1296,18.0296
2026-01-21 15:10:00+00:00,0,normal,26.8039,7.4726,5.9642,10.2801,18.0127
2026-01-21 15:20:00+00:00,0,normal,26.7555,7.4728,6.0057,10.3727,18.0275
2026-01-21 15:30:00+00:00,0,normal,26.6754,7.4359,6.056,10.4294,18.0241
2026-01-21 15:40:00+00:00,0,normal,26.5942,7.4357,6.1364,10.4888,18.0172
2026-01-21 15:50:00+00:00,0,normal,26.5356,7.4338,6.2469,10.0039,18.0183
2026-01-21 16:00:00+00:00,0,normal,26.4792,7.4459,6.3608,9.8324,18.0214
2026-01-21 16:10:00+00:00,0,normal,26.5021,7.4372,6.3697,9.8812,18.0132
2026-01-21 16:20:00+00:00,0,normal,26.4318,7.4318,6.4558,9.7361,17.999
2026-01-21 16:30:00+00:00,0,normal,26.4601,7.4237,6.3839,9.8193,17.967
2026-01-21 16:40:00+00:00,0,normal,26.4022,7.4256,6.4535,10.3398,17.9534
2026-01-21 16:50:00+00:00,0,normal,26.3785,7.4131,6.457,10.4111,17.92
2026-01-21 17:00:00+00:00,0,normal,26.1935,7.3993,6.6122,10.2735,17.9135
2026-01-21 17:10:00+00:00,0,normal,26.1264,7.3863,6.6848,10.373,17.9088
2026-01-21 17:20:00+00:00,0,normal,26.0248,7.3443,6.7655,10.2812,17.913
2026-01-21 17:30:00+00:00,0,normal,26.036,7.3273,6.7547,10.2581,17.9323
2026-01-21 17:40:00+00:00,0,normal,25.9826,7.318,6.7934,10.0389,17.9512
2026-01-21 17:50:00+00:00,0,normal,26.0288,7.3265,6.7573,10.0332,17.9561
2026-01-21 18:00:00+00:00,0,normal,26.0177,7.3213,6.7927,9.9318,17.9516
2026-01-21 18:10:00+00:00,0,normal,26.0196,7.3554,6.8137,9.6716,17.9484
2026-01-21 18:20:00+00:00,0,normal,25.9124,7.3452,6.829,9.5611,17.9532
2026-01-21 18:30:00+00:00,0,normal,25.9438,7.3278,6.7558,9.6674,17.9563
2026-01-21 18:40:00+00:00,0,normal,25.8311,7.3075,6.7477,9.7201,17.9603
2026-01-21 18:50:00+00:00,0,normal,25.7365,7.2915,6.7435,9.7931,17.9945
2026-01-21 19:00:00+00:00,0,normal,25.592,7.2731,6.8765,10.1362,17.9959
2026-01-21 19:10:00+00:00,0,normal,25.6372,7.2803,6.9562,10.1801,17.9733
2026-01-21 19:20:00+00:00,0,normal,25.5415,7.2867,7.1028,10.1766,17.9569
2026-01-21 19:30:00+00:00,0,normal,25.5095,7.2853,7.2056,10.2757,17.9473
2026-01-21 19:40:00+00:00,0,normal,25.5464,7.2969,7.1968,10.6146,17.929
2026-01-21 19:50:00+00:00,0,normal,25.581,7.274,7.0957,10.7026,17.9393
2026-01-21 20:00:00+00:00,0,normal,25.5361,7.2735,7.0466,10.8251,17.9576
2026-01-21 20:10:00+00:00,0,normal,25.4211,7.2645,7.0143,11.0104,17.9677
2026-01-21 20:20:00+00:00,0,normal,25.3958,7.2589,6.961,10.9395,17.982
2026-01-21 20:30:00+00:00,0,normal,25.3085,7.2563,7.0173,10.6334,17.9762
2026-01-21 20:40:00+00:00,0,normal,25.1892,7.2703,7.1352,10.5638,17.9728
2026-01-21 20:50:00+00:00,0,normal,25.1353,7.2831,7.2051,10.3867,17.96
2026-01-21 21:00:00+00:00,0,normal,25.1622,7.2774,7.2439,10.4553,17.9628
2026-01-21 21:10:00+00:00,0,normal,25.1815,7.2951,7.2964,10.4594,17.9358
2026-01-21 21:20:00+00:00,0,normal,25.2686,7.2947,7.2581,10.3559,17.941
2026-01-21 21:30:00+00:00,0,normal,25.3147,7.2989,7.2383,10.2785,17.9298
2026-01-21 21:40:00+00:00,0,normal,25.2515,7.2873,7.2333,10.5649,17.9293
2026-01-21 21:50:00+00:00,0,normal,25.258,7.3005,7.2925,10.5798,17.9336
2026-01-21 22:00:00+00:00,0,normal,25.2617,7.3033,7.2778,10.286,17.9422
2026-01-21 22:10:00+00:00,0,normal,25.1536,7.3166,7.3747,10.4244,17.9252
2026-01-21 22:20:00+00:00,0,normal,25.1432,7.323,7.3437,10.6223,17.9066
2026-01-21 22:30:00+00:00,0,normal,25.1984,7.3378,7.3621,10.4758,17.9175
2026-01-21 22:40:00+00:00,0,normal,25.2121,7.3445,7.3414,10.542,17.9326
2026-01-21 22:50:00+00:00,0,normal,25.1097,7.3457,7.3239,10.9129,17.9142
2026-01-21 23:00:00+00:00,0,normal,25.095,7.3527,7.3471,11.0307,17.9356
2026-01-21 23:10:00+00:00,0,normal,25.1831,7.3713,7.3056,10.9584,17.9676
2026-01-21 23:20:00+00:00,0,normal,25.1732,7.3766,7.3109,10.9431,17.9496
2026-01-21 23:30:00+00:00,0,normal,25.1481,7.3891,7.3602,10.9709,17.9491
2026-01-21 23:40:00+00:00,0,normal,25.2338,7.4069,7.4149,11.205,17.984
2026-01-21 23:50:00+00:00,0,normal,25.2988,7.4125,7.2976,11.2489,17.9913
2026-01-22 00:00:00+00:00,0,normal,25.2938,7.4093,7.3311,11.2777,18.0066
2026-01-22 00:10:00+00:00,0,normal,25.2552,7.3977,7.3779,11.2768,18.0291
2026-01-22 00:20:00+00:00,0,normal,25.2791,7.3901,7.2792,11.3374,18.0152
2026-01-22 00:30:00+00:00,0,normal,25.3239,7.4131,7.2117,11.1324,18.0066
2026-01-22 00:40:00+00:00,0,normal,25.3506,7.4068,7.2291,11.1708,18.0021
2026-01-22 00:50:00+00:00,0,normal,25.3773,7.4379,7.2346,11.2616,18.0016
2026-01-22 01:00:00+00:00,0,normal,25.4164,7.4548,7.1213,11.4807,17.9918
2026-01-22 01:10:00+00:00,0,normal,25.4958,7.494,7.1236,11.5052,17.995
2026-01-22 01:20:00+00:00,0,normal,25.5633,7.4713,7.0764,11.6843,17.9814
2026-01-22 01:30:00+00:00,0,normal,25.624,7.5017,7.0521,11.4999,17.9871
2026-01-22 01:40:00+00:00,0,normal,25.6495,7.5149,7.006,11.3363,17.9766
2026-01-22 01:50:00+00:00,0,normal,25.7329,7.5425,7.0266,11.0905,17.9723
2026-01-22 02:00:00+00:00,0,normal,25.734,7.5384,6.9955,10.8344,17.9861
2026-01-22 02:10:00+00:00,0,normal,25.7374,7.5504,7.0496,10.9075,17.999
2026-01-22 02:20:00+00:00,0,normal,25.8117,7.5537,7.0366,10.9483,17.9802
2026-01-22 02:30:00+00:00,0,normal,25.85,7.5644,6.9895,10.9291,17.9912
2026-01-22 02:40:00+00:00,0,normal,25.87,7.5651,6.9931,11.0831,17.9812
2026-01-22 02:50:00+00:00,0,normal,25.9319,7.5797,6.9635,11.1677,17.9763
2026-01-22 03:00:00+00:00,0,normal,25.9921,7.6117,6.8827,11.256,17.979
2026-01-22 03:10:00+00:00,0,normal,25.9845,7.6203,6.8689,11.3406,17.9767
2026-01-22 03:20:00+00:00,0,normal,26.058,7.6238,6.8142,11.5187,17.968
2026-01-22 03:30:00+00:00,0,normal,26.1611,7.6367,6.6655,11.4432,17.9806
2026-01-22 03:40:00+00:00,0,normal,26.2636,7.6534,6.5953,11.3456,17.9946
2026-01-22 03:50:00+00:00,0,normal,26.3607,7.6585,6.5119,11.0188,18.0047
2026-01-22 04:00:00+00:00,0,normal,26.4633,7.669,6.4898,10.971,18.0213
2026-01-22 04:10:00+00:00,0,normal,26.4656,7.6691,6.4834,10.8423,17.9957
2026-01-22 04:20:00+00:00,0,normal,26.4677,7.686,6.5134,10.7512,17.9966
2026-01-22 04:30:00+00:00,0,normal,26.4863,7.6948,6.4956,10.9469,17.9753
2026-01-22 04:40:00+00:00,0,normal,26.472,7.7063,6.5463,10.9869,17.9765
2026-01-22 04:50:00+00:00,0,normal,26.4481,7.7337,6.4443,10.8922,17.9753
2026-01-22 05:00:00+00:00,0,normal,26.5183,7.7453,6.3701,10.9785,17.9996
2026-01-22 05:10:00+00:00,0,normal,26.5857,7.7492,6.3676,11.2321,18.0127
2026-01-22 05:20:00+00:00,0,normal,26.6157,7.7482,6.3354,11.3418,18.0319
2026-01-22 05:30:00+00:00,0,normal,26.6713,7.7643,6.2815,11.1044,18.0327
2026-01-22 05:40:00+00:00,0,normal,26.8046,7.7702,6.2647,11.1845,18.0345
2026-01-22 05:50:00+00:00,0,normal,26.8767,7.7749,6.3015,11.0119,18.0275
2026-01-22 06:00:00+00:00,0,normal,27.0308,7.7727,6.1593,10.8452,18.0204
2026-01-22 06:10:00+00:00,0,normal,27.1081,7.7943,6.0861,10.8543,18.0035
2026-01-22 06:20:00+00:00,0,normal,27.1549,7.7845,5.9606,11.0277,17.9953
2026-01-22 06:30:00+00:00,0,normal,27.1571,7.7854,5.8863,11.0421,17.983
2026-01-22 06:40:00+00:00,0,normal,27.2024,7.8162,5.8208,11.0871,17.9911
2026-01-22 06:50:00+00:00,0,normal,27.1708,7.8372,5.8114,11.3223,17.985
2026-01-22 07:00:00+00:00,0,normal,27.2797,7.8487,5.7323,10.9004,17.9861
2026-01-22 07:10:00+00:00,0,normal,27.2984,7.8526,5.7763,10.9023,17.9653
2026-01-22 07:20:00+00:00,0,normal,27.3661,7.8657,5.8074,10.8416,17.9649
2026-01-22 07:30:00+00:00,0,normal,27.3996,7.8467,5.7759,10.7252,17.9577
2026-01-22 07:40:00+00:00,0,normal,27.3608,7.8407,5.7681,10.6485,17.9523
2026-01-22 07:50:00+00:00,0,normal,27.3454,7.8431,5.841,10.6835,17.9242
2026-01-22 08:00:00+00:00,0,normal,27.4511,7.8497,5.7549,10.674,17.9203
2026-01-22 08:10:00+00:00,0,normal,27.417,7.8372,5.7644,10.7398,17.9221
2026-01-22 08:20:00+00:00,0,normal,27.4347,7.8279,5.7394,10.8252,17.9278
2026-01-22 08:30:00+00:00,0,normal,27.4527,7.8313,5.7611,10.4915,17.9234
2026-01-22 08:40:00+00:00,0,normal,27.401,7.8028,5.7849,10.6492,17.936
2026-01-22 08:50:00+00:00,0,normal,27.4122,7.8121,5.7527,10.5934,17.9524
2026-01-22 09:00:00+00:00,0,normal,27.4432,7.7952,5.6493,10.6681,17.9451
2026-01-22 09:10:00+00:00,0,normal,27.4183,7.8032,5.6512,10.7843,17.9338
2026-01-22 09:20:00+00:00,0,normal,27.501,7.7894,5.5984,11.1655,17.9287
2026-01-22 09:30:00+00:00,0,normal,27.5376,7.7983,5.6098,11.1725,17.9248
2026-01-22 09:40:00+00:00,0,normal,27.4906,7.7817,5.6404,11.2974,17.918
2026-01-22 09:50:00+00:00,0,normal,27.5394,7.7889,5.6046,11.145,17.9191
2026-01-22 10:00:00+00:00,0,normal,27.5405,7.7749,5.58,11.2526,17.9047
2026-01-22 10:10:00+00:00,0,normal,27.5003,7.7651,5.6064,11.0158,17.8922
2026-01-22 10:20:00+00:00,0,normal,27.5228,7.7609,5.5238,10.9685,17.8758
2026-01-22 10:30:00+00:00,0,normal,27.5706,7.7474,5.5049,10.9392,17.8495
2026-01-22 10:40:00+00:00,0,normal,27.582,7.7435,5.54,10.884,17.8326
2026-01-22 10:50:00+00:00,0,normal,27.591,7.7433,5.6266,10.6171,17.8331
2026-01-22 11:00:00+00:00,0,normal,27.6461,7.7608,5.5941,10.6519,17.823
2026-01-22 11:10:00+00:00,0,normal,27.5988,7.7431,5.6103,10.7205,17.8183
2026-01-22 11:20:00+00:00,0,normal,27.6138,7.7432,5.6869,10.7038,17.8302
2026-01-22 11:30:00+00:00,0,normal,27.5103,7.7347,5.7127,10.7434,17.8446
2026-01-22 11:40:00+00:00,0,normal,27.5617,7.7071,5.6041,10.8059,17.8462
2026-01-22 11:50:00+00:00,0,normal,27.4818,7.6693,5.6272,10.8304,17.8392
2026-01-22 12:00:00+00:00,0,normal,27.5577,7.661,5.5681,10.6082,17.8518
2026-01-22 12:10:00+00:00,0,normal,27.4864,7.6443,5.4859,10.5219,17.8516
2026-01-22 12:20:00+00:00,0,normal,27.4617,7.6171,5.5283,10.1902,17.8276
2026-01-22 12:30:00+00:00,0,normal,27.3642,7.6294,5.6095,10.2222,17.8103
2026-01-22 12:40:00+00:00,0,normal,27.383,7.6342,5.6154,10.0114,17.8245
2026-01-22 12:50:00+00:00,0,normal,27.3136,7.626,5.6783,10.0302,17.82
2026-01-22 13:00:00+00:00,0,normal,27.2531,7.6136,5.7793,9.9989,17.8095
2026-01-22 13:10:00+00:00,0,normal,27.2529,7.6192,5.7402,10.3702,17.8152
2026-01-22 13:20:00+00:00,0,normal,27.2589,7.6068,5.7475,10.5357,17.8141
2026-01-22 13:30:00+00:00,0,normal,27.1938,7.5893,5.8097,10.4355,17.8003
2026-01-22 13:40:00+00:00,0,normal,27.0661,7.576,5.8183,10.4106,17.7868
2026-01-22 13:50:00+00:00,0,normal,26.9946,7.562,5.8992,10.4353,17.7714
2026-01-22 14:00:00+00:00,0,normal,26.9554,7.5506,5.9297,10.2743,17.7557
2026-01-22 14:10:00+00:00,0,normal,26.9244,7.5452,5.9086,10.0912,17.7539
2026-01-22 14:20:00+00:00,0,normal,26.9292,7.5495,5.9059,10.2324,17.7478
2026-01-22 14:30:00+00:00,0,normal,26.9541,7.5493,5.9739,10.4131,17.7567
2026-01-22 14:40:00+00:00,0,normal,26.9429,7.5493,5.9688,10.3514,17.7502
2026-01-22 14:50:00+00:00,0,normal,26.9097,7.5379,6.0536,10.483,17.7517
2026-01-22 15:00:00+00:00,0,normal,26.7894,7.5086,6.1411,10.2785,17.7497
2026-01-22 15:10:00+00:00,0,normal,26.6725,7.4666,6.2047,10.5038,17.7564
2026-01-22 15:20:00+00:00,0,normal,26.5609,7.4283,6.2419,10.2142,17.7259
2026-01-22 15:30:00+00:00,0,normal,26.4511,7.4103,6.2864,10.1595,17.7319
2026-01-22 15:40:00+00:00,0,normal,26.3813,7.3973,6.3164,9.9401,17.7194
2026-01-22 15:50:00+00:00,0,normal,26.3568,7.4048,6.3421,10.1313,17.6962
2026-01-22 16:00:00+00:00,0,normal,26.3316,7.4239,6.3532,9.9765,17.6904
2026-01-22 16:10:00+00:00,0,normal,26.3254,7.422,6.3212,10.0294,17.6922
2026-01-22 16:20:00+00:00,0,normal,26.3235,7.4235,6.3575,10.2179,17.6898
2026-01-22 16:30:00+00:00,0,normal,26.2761,7.4108,6.4012,10.2994,17.7062
2026-01-22 16:40:00+00:00,0,normal,26.2125,7.3944,6.3875,10.2571,17.7176
2026-01-22 16:50:00+00:00,0,normal,26.1476,7.3802,6.4686,10.2703,17.7105
2026-01-22 17:00:00+00:00,0,normal,26.0472,7.3865,6.5872,10.3825,17.7174
2026-01-22 17:10:00+00:00,0,normal,25.9977,7.3664,6.5682,10.379,17.7207
2026-01-22 17:20:00+00:00,0,normal,25.9482,7.372,6.5635,10.4472,17.7023
2026-01-22 17:30:00+00:00,0,normal,25.8727,7.3402,6.6648,10.45,17.6929
2026-01-22 17:40:00+00:00,0,normal,25.8077,7.3367,6.6542,10.3606,17.6843
2026-01-22 17:50:00+00:00,0,normal,25.7602,7.3186,6.6669,10.1921,17.6756
2026-01-22 18:00:00+00:00,0,normal,25.6778,7.3149,6.8037,10.0895,17.6734
2026-01-22 18:10:00+00:00,0,normal,25.5642,7.2782,6.915,10.0212,17.67
2026-01-22 18:20:00+00:00,0,normal,25.5859,7.2895,7.0064,10.1499,17.6775
2026-01-22 18:30:00+00:00,0,normal,25.5758,7.2868,7.0621,10.0438,17.69
2026-01-22 18:40:00+00:00,0,normal,25.5723,7.2807,7.1215,10.3986,17.6881
2026-01-22 18:50:00+00:00,0,normal,25.6184,7.2875,7.0312,10.4079,17.6717
2026-01-22 19:00:00+00:00,0,normal,25.6097,7.3042,7.0312,10.5649,17.6802
2026-01-22 19:10:00+00:00,0,normal,25.6325,7.3173,6.9659,10.2769,17.6755
2026-01-22 19:20:00+00:00,0,normal,25.5469,7.3018,7.0305,10.4106,17.6674
2026-01-22 19:30:00+00:00,0,normal,25.4994,7.2946,7.0445,10.2211,17.6795
2026-01-22 19:40:00+00:00,0,normal,25.3785,7.2828,7.1513,10.4912,17.6953
2026-01-22 19:50:00+00:00,0,normal,25.365,7.2968,7.1845,10.3903,17.6894
2026-01-22 20:00:00+00:00,0,normal,25.2543,7.2871,7.2394,10.6892,17.6827
2026-01-22 20:10:00+00:00,0,normal,25.2286,7.2845,7.229,10.8723,17.6853
2026-01-22 20:20:00+00:00,0,normal,25.2557,7.3163,7.2068,11.092,17.6739
2026-01-22 20:30:00+00:00,0,normal,25.2531,7.3283,7.2411,10.817,17.6663
2026-01-22 20:40:00+00:00,0,normal,25.226,7.3225,7.2429,11.1136,17.6669
2026-01-22 20:50:00+00:00,0,normal,25.1419,7.3197,7.3105,11.2306,17.6651
2026-01-22 21:00:00+00:00,0,normal,25.1421,7.3308,7.3265,11.1654,17.6609
2026-01-22 21:10:00+00:00,0,normal,25.0565,7.3168,7.4288,11.0121,17.6658
2026-01-22 21:20:00+00:00,0,normal,25.0116,7.2887,7.3582,11.0061,17.6718
2026-01-22 21:30:00+00:00,0,normal,24.9617,7.287,7.4069,10.8831,17.6648
2026-01-22 21:40:00+00:00,0,normal,25.0809,7.2935,7.3073,10.6927,17.6657
2026-01-22 21:50:00+00:00,0,normal,25.0489,7.2861,7.3447,10.6963,17.667
2026-01-22 22:00:00+00:00,0,normal,24.9962,7.2805,7.3349,10.6232,17.6761
2026-01-22 22:10:00+00:00,0,normal,24.9902,7.2918,7.3579,10.7455,17.6772
2026-01-22 22:20:00+00:00,0,normal,25.016,7.2796,7.3505,10.8434,17.6886
2026-01-22 22:30:00+00:00,0,normal,24.9416,7.2951,7.4348,10.9499,17.7036
2026-01-22 22:40:00+00:00,0,normal,24.9755,7.3123,7.4014,10.908,17.7188
2026-01-22 22:50:00+00:00,0,normal,25.0591,7.3037,7.3657,11.0679,17.7165
2026-01-22 23:00:00+00:00,0,normal,25.0702,7.3205,7.4139,10.9262,17.7042
2026-01-22 23:10:00+00:00,0,normal,25.0958,7.3537,7.4292,10.7504,17.7026
2026-01-22 23:20:00+00:00,0,normal,25.0584,7.346,7.4287,10.6462,17.6855
2026-01-22 23:30:00+00:00,0,normal,25.0322,7.3599,7.4794,10.784,17.6801
2026-01-22 23:40:00+00:00,0,normal,24.9931,7.3975,7.4978,10.7405,17.6758
2026-01-22 23:50:00+00:00,0,normal,24.994,7.3991,7.5312,10.8098,17.6856
2026-01-23 00:00:00+00:00,0,normal,25.0428,7.4011,7.4605,10.9876,18.2371
2026-01-23 00:10:00+00:00,0,normal,25.1239,7.4126,7.4083,10.9994,18.2475
2026-01-23 00:20:00+00:00,0,normal,25.2083,7.4021,7.2976,10.8577,18.2476
2026-01-23 00:30:00+00:00,0,normal,25.2716,7.392,7.2637,11.0444,18.2524
2026-01-23 00:40:00+00:00,0,normal,25.3732,7.4113,7.1445,11.2279,18.2473
2026-01-23 00:50:00+00:00,0,normal,25.3043,7.4128,7.2226,11.1401,18.2397
2026-01-23 01:00:00+00:00,0,normal,25.3452,7.4309,7.1905,11.1657,18.2478
2026-01-23 01:10:00+00:00,0,normal,25.3528,7.4627,7.1928,11.3167,18.2364
2026-01-23 01:20:00+00:00,0,normal,25.412,7.4929,7.1774,11.3029,18.255
2026-01-23 01:30:00+00:00,0,normal,25.4374,7.5178,7.2207,11.2909,18.2736
2026-01-23 01:40:00+00:00,0,normal,25.5065,7.5342,7.1584,11.3416,18.2705
2026-01-23 01:50:00+00:00,0,normal,25.4643,7.5446,7.2302,11.3273,18.2742
2026-01-23 02:00:00+00:00,0,normal,25.4764,7.544,7.2342,11.2383,18.2964
2026-01-23 02:10:00+00:00,0,normal,25.5195,7.5471,7.1833,11.1722,18.2761
2026-01-23 02:20:00+00:00,0,normal,25.5773,7.5697,7.1723,11.0546,18.2686
2026-01-23 02:30:00+00:00,0,normal,25.6113,7.5622,7.1761,10.933,18.2827
2026-01-23 02:40:00+00:00,0,normal,25.6787,7.5525,7.1224,10.999,18.284
2026-01-23 02:50:00+00:00,0,normal,25.728,7.5688,7.1257,11.1763,18.2705
2026-01-23 03:00:00+00:00,0,normal,25.7453,7.5803,7.1349,10.9744,18.2855
2026-01-23 03:10:00+00:00,0,normal,25.7227,7.5579,7.0296,11.0433,18.2815
2026-01-23 03:20:00+00:00,0,normal,25.7726,7.5806,6.9381,11.1971,18.2802
2026-01-23 03:30:00+00:00,0,normal,25.8308,7.6005,6.923,11.3291,18.2802
2026-01-23 03:40:00+00:00,0,normal,25.9128,7.6174,6.8593,11.4215,18.2924
2026-01-23 03:50:00+00:00,0,normal,25.9364,7.6399,6.8051,11.6233,18.2623
2026-01-23 04:00:00+00:00,0,normal,26.0347,7.6803,6.8326,11.8844,18.2374
2026-01-23 04:10:00+00:00,0,normal,26.1776,7.6901,6.7657,11.9046,18.2431
2026-01-23 04:20:00+00:00,0,normal,26.2139,7.6952,6.7108,11.8752,18.2309
2026-01-23 04:30:00+00:00,0,normal,26.2568,7.6834,6.6654,11.5579,18.2104
2026-01-23 04:40:00+00:00,0,normal,26.3896,7.6974,6.609,11.6331,18.2274
2026-01-23 04:50:00+00:00,0,normal,26.4317,7.6949,6.5462,11.511,18.279
2026-01-23 05:00:00+00:00,0,normal,26.4256,7.7157,6.564,11.38,18.263
2026-01-23 05:10:00+00:00,0,normal,26.5665,7.7428,6.5059,10.9976,18.2758
2026-01-23 05:20:00+00:00,0,normal,26.6145,7.763,6.4426,11.124,18.2797
2026-01-23 05:30:00+00:00,0,normal,26.6682,7.7491,6.3971,11.0423,18.2686
2026-01-23 05:40:00+00:00,0,normal,26.7488,7.7586,6.3664,11.082,18.2353
2026-01-23 05:50:00+00:00,0,normal,26.8063,7.7634,6.2795,11.0885,18.2328
2026-01-23 06:00:00+00:00,0,normal,26.8299,7.7557,6.1665,11.2865,18.2089
2026-01-23 06:10:00+00:00,0,normal,26.8996,7.7684,6.1055,11.1293,18.2073
2026-01-23 06:20:00+00:00,0,normal,26.9425,7.7799,6.0333,11.0708,18.2084
2026-01-23 06:30:00+00:00,0,normal,26.9521,7.7806,5.9596,11.2026,18.2103
2026-01-23 06:40:00+00:00,0,normal,27.0092,7.7863,5.8998,11.0727,18.2221
2026-01-23 06:50:00+00:00,0,normal,27.0317,7.8082,5.9508,10.9879,18.2266
2026-01-23 07:00:00+00:00,0,normal,27.0859,7.8093,5.9328,11.0946,18.236
2026-01-23 07:10:00+00:00,0,normal,27.0511,7.8045,6.0032,11.3642,18.237
2026-01-23 07:20:00+00:00,0,normal,27.1446,7.8108,5.926,11.1348,18.2339
2026-01-23 07:30:00+00:00,0,normal,27.1953,7.8179,5.903,11.4617,18.2097
2026-01-23 07:40:00+00:00,0,normal,27.1837,7.8138,5.8669,11.5472,18.2142
2026-01-23 07:50:00+00:00,0,normal,27.2336,7.823,5.8673,11.3806,18.2253
2026-01-23 08:00:00+00:00,0,normal,27.3808,7.8318,5.7848,11.0938,18.2349
2026-01-23 08:10:00+00:00,0,normal,27.4081,7.8349,5.7806,10.9778,18.231
2026-01-23 08:20:00+00:00,0,normal,27.4684,7.8174,5.7858,10.7869,18.2362
2026-01-23 08:30:00+00:00,0,normal,27.5426,7.8132,5.6848,10.784,18.2462
2026-01-23 08:40:00+00:00,0,normal,27.4608,7.7947,5.7153,10.9798,18.2204
2026-01-23 08:50:00+00:00,0,normal,27.3333,7.8039,5.6857,10.9283,18.203
2026-01-23 09:00:00+00:00,0,normal,27.3235,7.7926,5.7136,10.8172,18.1944
2026-01-23 09:10:00+00:00,0,normal,27.2657,7.8069,5.737,10.6603,18.219
2026-01-23 09:20:00+00:00,0,normal,27.2423,7.7868,5.823,10.683,18.1987
2026-01-23 09:30:00+00:00,0,normal,27.3101,7.7849,5.7051,10.606,18.1996
2026-01-23 09:40:00+00:00,0,normal,27.4065,7.7642,5.6835,10.7806,18.1991
2026-01-23 09:50:00+00:00,0,normal,27.3506,7.7798,5.7127,11.0289,18.1995
2026-01-23 10:00:00+00:00,0,normal,27.3589,7.7631,5.6901,11.0046,18.1722
2026-01-23 10:10:00+00:00,0,normal,27.447,7.7781,5.626,10.9606,18.1811
2026-01-23 10:20:00+00:00,0,normal,27.409,7.7742,5.6222,10.9024,18.1724
2026-01-23 10:30:00+00:00,0,normal,27.4142,7.7612,5.6697,10.5894,18.1564
2026-01-23 10:40:00+00:00,0,normal,27.4428,7.7287,5.6755,10.3373,18.1554
2026-01-23 10:50:00+00:00,0,normal,27.4699,7.7325,5.6448,10.6188,18.153
2026-01-23 11:00:00+00:00,0,normal,27.444,7.7239,5.6544,10.5232,18.1383
2026-01-23 11:10:00+00:00,0,normal,27.4961,7.697,5.7168,10.4347,18.1297
2026-01-23 11:20:00+00:00,0,normal,27.4819,7.6975,5.7323,10.5752,18.1321
2026-01-23 11:30:00+00:00,0,normal,27.4399,7.7012,5.7167,10.711,18.1313
2026-01-23 11:40:00+00:00,0,normal,27.4402,7.6945,5.707,10.4829,18.1436
2026-01-23 11:50:00+00:00,0,normal,27.3477,7.6914,5.7569,10.5448,18.1181
2026-01-23 12:00:00+00:00,0,normal,27.3058,7.6924,5.7627,10.3601,18.1164
2026-01-23 12:10:00+00:00,0,normal,27.2557,7.6976,5.7427,10.408,18.111
2026-01-23 12:20:00+00:00,0,normal,27.2859,7.6805,5.6686,10.3118,18.0894
2026-01-23 12:30:00+00:00,0,normal,27.2272,7.6774,5.7234,10.4229,18.0479
2026-01-23 12:40:00+00:00,0,normal,27.1949,7.6555,5.7691,10.1844,18.0625
2026-01-23 12:50:00+00:00,0,normal,27.1023,7.632,5.8508,10.384,18.0521
2026-01-23 13:00:00+00:00,0,normal,27.088,7.6179,5.8945,10.4094,18.0467
2026-01-23 13:10:00+00:00,0,normal,27.0391,7.6023,5.9791,10.3068,18.0605
2026-01-23 13:20:00+00:00,0,normal,27.0284,7.5745,5.9797,10.1988,18.0707
2026-01-23 13:30:00+00:00,0,normal,27.0157,7.5512,5.9946,10.3438,18.058
2026-01-23 13:40:00+00:00,0,normal,26.9706,7.5723,6.0193,10.32,18.0452
2026-01-23 13:50:00+00:00,0,normal,26.9295,7.5484,6.0648,10.3286,18.0369
2026-01-23 14:00:00+00:00,0,normal,26.8636,7.5537,6.0852,10.2203,18.0343
2026-01-23 14:10:00+00:00,0,normal,26.7873,7.5399,6.1043,10.1971,18.0389
2026-01-23 14:20:00+00:00,0,normal,26.7172,7.5317,6.0986,10.2588,18.05
2026-01-23 14:30:00+00:00,0,normal,26.7775,7.5226,6.0242,10.3941,18.0497
2026-01-23 14:40:00+00:00,0,normal,26.6606,7.5116,5.9998,10.2431,18.0565
2026-01-23 14:50:00+00:00,0,normal,26.6104,7.4852,6.0715,10.498,18.0482
2026-01-23 15:00:00+00:00,0,normal,26.5496,7.4655,6.1464,10.4903,18.0435
2026-01-23 15:10:00+00:00,0,normal,26.4806,7.4575,6.2094,10.4695,18.0418
2026-01-23 15:20:00+00:00,0,normal,26.3796,7.4358,6.3104,10.37,18.0488
2026-01-23 15:30:00+00:00,0,normal,26.415,7.4181,6.303,10.4513,18.0414
2026-01-23 15:40:00+00:00,0,normal,26.3549,7.4026,6.3139,10.4011,18.0068
2026-01-23 15:50:00+00:00,0,normal,26.3103,7.4001,6.3261,10.2826,18.0015
2026-01-23 16:00:00+00:00,0,normal,26.1954,7.3912,6.3867,10.2922,17.9889
2026-01-23 16:10:00+00:00,0,normal,26.1268,7.3897,6.3745,10.3427,17.992
2026-01-23 16:20:00+00:00,0,normal,26.0022,7.3852,6.4635,10.4324,17.9815
2026-01-23 16:30:00+00:00,0,normal,25.9351,7.3735,6.5103,10.2639,17.999
2026-01-23 16:40:00+00:00,0,normal,25.9048,7.3938,6.5822,10.4487,17.9778
2026-01-23 16:50:00+00:00,0,normal,25.9373,7.3846,6.5888,10.3907,17.9549
2026-01-23 17:00:00+00:00,0,normal,25.8779,7.3605,6.7104,10.3574,17.9463
2026-01-23 17:10:00+00:00,0,normal,25.8217,7.3515,6.7768,10.0847,17.9621
2026-01-23 17:20:00+00:00,0,normal,25.7289,7.3452,6.8483,10.2014,17.9715
2026-01-23 17:30:00+00:00,0,normal,25.5966,7.3095,6.9061,10.1854,17.9873
2026-01-23 17:40:00+00:00,0,normal,25.5912,7.3167,6.9093,10.1261,18.018
2026-01-23 17:50:00+00:00,0,normal,25.4707,7.3117,6.9266,10.2745,18.0077
2026-01-23 18:00:00+00:00,0,normal,25.4068,7.3175,6.9268,10.2337,18.0024
2026-01-23 18:10:00+00:00,0,normal,25.4126,7.3262,6.9193,10.3063,17.977
2026-01-23 18:20:00+00:00,0,normal,25.4685,7.327,6.9186,10.0169,17.943
2026-01-23 18:30:00+00:00,0,normal,25.4152,7.3167,7.0031,10.1093,17.9188
2026-01-23 18:40:00+00:00,0,normal,25.426,7.3212,7.0072,10.0173,17.9198
2026-01-23 18:50:00+00:00,0,normal,25.457,7.3011,6.9986,10.2809,17.9126
2026-01-23 19:00:00+00:00,0,normal,25.4026,7.31,7.0856,10.2264,17.9217
2026-01-23 19:10:00+00:00,0,normal,25.3357,7.299,7.1048,10.4839,17.9524
2026-01-23 19:20:00+00:00,0,normal,25.2203,7.286,7.0871,10.592,17.9716
2026-01-23 19:30:00+00:00,0,normal,25.2419,7.2659,7.0146,10.6622,17.9786
2026-01-23 19:40:00+00:00,0,normal,25.145,7.2606,7.0956,10.7546,17.9691
2026-01-23 19:50:00+00:00,0,normal,25.1013,7.2452,7.0828,10.6438,17.9478
2026-01-23 20:00:00+00:00,0,normal,25.0256,7.2675,7.0895,10.6685,17.9347
2026-01-23 20:10:00+00:00,0,normal,25.0551,7.2684,7.1518,10.3856,17.931
2026-01-23 20:20:00+00:00,0,normal,24.9712,7.28,7.2741,10.1518,17.9199
2026-01-23 20:30:00+00:00,0,normal,24.9805,7.2953,7.3107,9.9444,17.933
2026-01-23 20:40:00+00:00,0,normal,24.9734,7.2978,7.4139,10.2037,17.9617
2026-01-23 20:50:00+00:00,0,normal,24.9826,7.3008,7.4589,10.1954,17.9712
2026-01-23 21:00:00+00:00,0,normal,24.9698,7.3224,7.4471,10.4277,17.9589
2026-01-23 21:10:00+00:00,0,normal,24.9689,7.3209,7.478,10.6343,17.958
2026-01-23 21:20:00+00:00,0,normal,24.9189,7.3253,7.529,10.6614,17.9727
2026-01-23 21:30:00+00:00,0,normal,24.9335,7.3273,7.4702,10.3705,17.9591
2026-01-23 21:40:00+00:00,0,normal,24.9215,7.3114,7.4457,10.3651,17.9706
2026-01-23 21:50:00+00:00,0,normal,24.9726,7.2957,7.418,10.4075,17.9799
2026-01-23 22:00:00+00:00,0,normal,25.0039,7.2979,7.3898,10.45,17.9925
2026-01-23 22:10:00+00:00,0,normal,25.0525,7.3118,7.341,10.5251,17.9725
2026-01-23 22:20:00+00:00,0,normal,25.1582,7.329,7.3367,10.8182,17.969
2026-01-23 22:30:00+00:00,0,normal,25.1593,7.3339,7.3908,11.0259,17.9499
2026-01-23 22:40:00+00:00,0,normal,25.1073,7.3504,7.4275,11.1862,17.9367
2026-01-23 22:50:00+00:00,0,normal,25.1059,7.3755,7.4907,11.1773,17.9359
2026-01-23 23:00:00+00:00,0,normal,25.0439,7.3542,7.5351,11.0983,17.9465
2026-01-23 23:10:00+00:00,0,normal,24.9285,7.3408,7.4775,10.9349,17.9641
2026-01-23 23:20:00+00:00,0,normal,24.9058,7.3677,7.5209,10.7293,17.9783
2026-01-23 23:30:00+00:00,0,normal,24.9281,7.3773,7.5071,10.5104,17.9962
2026-01-23 23:40:00+00:00,0,normal,24.9151,7.3641,7.3993,10.5246,17.9756
2026-01-23 23:50:00+00:00,0,normal,24.9772,7.3922,7.3111,10.879,17.9493
2026-01-24 00:00:00+00:00,0,normal,25.0553,7.418,7.3606,11.0606,17.9341
2026-01-24 00:10:00+00:00,0,normal,25.1297,7.3896,7.2188,11.1989,17.9417
2026-01-24 00:20:00+00:00,0,normal,25.1278,7.3975,7.2636,11.4432,17.9158
2026-01-24 00:30:00+00:00,0,normal,25.1391,7.414,7.3282,11.3608,17.9361
2026-01-24 00:40:00+00:00,0,normal,25.2062,7.4109,7.3659,11.2869,17.9493
2026-01-24 00:50:00+00:00,0,normal,25.228,7.4129,7.3054,11.3884,17.9661
2026-01-24 01:00:00+00:00,0,normal,25.174,7.4414,7.3909,11.4219,17.958
2026-01-24 01:10:00+00:00,0,normal,25.2052,7.4506,7.3362,11.5634,17.9798
2026-01-24 01:20:00+00:00,0,normal,25.2737,7.4639,7.2931,11.7934,17.9777
2026-01-24 01:30:00+00:00,0,normal,25.3009,7.4804,7.2153,11.6993,17.9936
2026-01-24 01:40:00+00:00,0,normal,25.3473,7.4785,7.2047,11.5916,18.0066
2026-01-24 01:50:00+00:00,0,normal,25.4584,7.4886,7.0693,11.5514,18.0205
2026-01-24 02:00:00+00:00,0,normal,25.5352,7.51,7.0438,11.3197,18.0161
2026-01-24 02:10:00+00:00,0,normal,25.5772,7.5268,7.0216,11.1978,18.013
2026-01-24 02:20:00+00:00,0,normal,25.5719,7.5445,7.0622,11.1688,18.0094
2026-01-24 02:30:00+00:00,0,normal,25.5778,7.5579,6.953,11.1713,18.0149
2026-01-24 02:40:00+00:00,0,normal,25.6173,7.572,6.9452,11.0968,18.0039
2026-01-24 02:50:00+00:00,0,normal,25.645,7.5814,6.8744,11.0569,18.0154
2026-01-24 03:00:00+00:00,0,normal,25.6256,7.5918,6.8862,10.8997,18.0309
2026-01-24 03:10:00+00:00,0,normal,25.6872,7.6,6.8001,10.9867,18.0365
2026-01-24 03:20:00+00:00,0,normal,25.7508,7.5977,6.923,11.0243,18.0306
2026-01-24 03:30:00+00:00,0,normal,25.7928,7.6056,6.9179,11.1462,18.0195
2026-01-24 03:40:00+00:00,0,normal,25.8384,7.6051,6.867,11.3093,18.0035
2026-01-24 03:50:00+00:00,0,normal,25.9773,7.6074,6.7616,11.3922,17.9969
2026-01-24 04:00:00+00:00,0,normal,26.0066,7.6172,6.7338,11.2695,18.0009
2026-01-24 04:10:00+00:00,0,normal,25.9998,7.6552,6.6032,11.0978,18.0003
2026-01-24 04:20:00+00:00,0,normal,26.0514,7.6708,6.6058,11.2228,18.0113
2026-01-24 04:30:00+00:00,0,normal,26.1416,7.6955,6.5987,11.1899,18.0285
2026-01-24 04:40:00+00:00,0,normal,26.2384,7.7017,6.5619,11.428,18.0236
2026-01-24 04:50:00+00:00,0,normal,26.3588,7.715,6.5631,11.6762,18.0043
2026-01-24 05:00:00+00:00,0,normal,26.4176,7.6992,6.5747,11.7873,17.9804
2026-01-24 05:10:00+00:00,0,normal,26.4742,7.7043,6.4673,11.5903,17.9785
2026-01-24 05:20:00+00:00,0,normal,26.5079,7.693,6.4433,11.3191,17.9651
2026-01-24 05:30:00+00:00,0,normal,26.5047,7.723,6.3774,11.0439,17.9766
2026-01-24 05:40:00+00:00,0,normal,26.5464,7.7362,6.2873,10.8249,17.9875
2026-01-24 05:50:00+00:00,0,normal,26.6158,7.7706,6.2237,10.6348,17.9983
2026-01-24 06:00:00+00:00,0,normal,26.675,7.7775,6.2114,10.5834,17.9982
2026-01-24 06:10:00+00:00,0,normal,26.7284,7.7839,6.0925,10.7599,17.9956
2026-01-24 06:20:00+00:00,0,normal,26.798,7.7695,6.0513,10.9661,17.9684
2026-01-24 06:30:00+00:00,0,normal,26.7946,7.7708,6.0535,10.9092,17.9504
2026-01-24 06:40:00+00:00,0,normal,26.8589,7.7836,5.9921,11.1354,17.9546
2026-01-24 06:50:00+00:00,0,normal,26.8015,7.7902,6.0457,11.4435,17.9502
2026-01-24 07:00:00+00:00,0,normal,26.8048,7.7977,6.1298,11.2378,17.9394
2026-01-24 07:10:00+00:00,0,normal,26.7954,7.8061,6.1163,11.242,17.9649
2026-01-24 07:20:00+00:00,0,normal,26.8252,7.8056,6.0927,11.3451,17.9878
2026-01-24 07:30:00+00:00,0,normal,26.8794,7.8106,6.1257,11.452,17.9883
2026-01-24 07:40:00+00:00,0,normal,27.0087,7.8243,6.014,11.3344,17.9901
2026-01-24 07:50:00+00:00,0,normal,26.9818,7.8281,5.9604,11.4404,18.001
2026-01-24 08:00:00+00:00,0,normal,27.0386,7.8326,5.9866,11.301,17.9849
2026-01-24 08:10:00+00:00,0,normal,27.0701,7.8358,5.9508,11.0777,17.9674
2026-01-24 08:20:00+00:00,0,normal,27.1077,7.8221,5.9134,10.8596,17.9583
2026-01-24 08:30:00+00:00,0,normal,27.0876,7.804,5.8982,10.7347,17.9569
2026-01-24 08:40:00+00:00,0,normal,27.1919,7.7967,5.8389,10.8189,17.9543
2026-01-24 08:50:00+00:00,0,normal,27.1937,7.8021,5.8272,10.883,17.9209
2026-01-24 09:00:00+00:00,0,normal,27.2555,7.7993,5.8027,11.1949,17.9254
2026-01-24 09:10:00+00:00,0,normal,27.2577,7.7997,5.7569,11.1813,17.9171
2026-01-24 09:20:00+00:00,0,normal,27.3076,7.8165,5.6849,11.2806,17.894
2026-01-24 09:30:00+00:00,0,normal,27.2618,7.8219,5.7034,11.253,17.8871
2026-01-24 09:40:00+00:00,0,normal,27.2271,7.8092,5.7159,10.9986,17.9146
2026-01-24 09:50:00+00:00,0,normal,27.2011,7.8313,5.6944,10.784,17.8853
2026-01-24 10:00:00+00:00,0,normal,27.1998,7.8189,5.7093,10.8207,17.8728
2026-01-24 10:10:00+00:00,0,normal,27.1883,7.7877,5.7803,10.5787,17.8701
2026-01-24 10:20:00+00:00,0,normal,27.2649,7.7781,5.7466,10.4109,17.8545
2026-01-24 10:30:00+00:00,0,normal,27.3045,7.7842,5.7415,10.4126,17.8518
2026-01-24 10:40:00+00:00,0,normal,27.2848,7.7359,5.7626,10.3456,17.8552
2026-01-24 10:50:00+00:00,0,normal,27.2668,7.7192,5.7384,10.2141,17.8566
2026-01-24 11:00:00+00:00,0,normal,27.2862,7.7325,5.7133,10.4181,17.8679
2026-01-24 11:10:00+00:00,0,normal,27.2624,7.7237,5.7331,10.2397,17.8675
2026-01-24 11:20:00+00:00,0,normal,27.3248,7.7039,5.6859,10.3472,17.864
2026-01-24 11:30:00+00:00,0,normal,27.3179,7.7167,5.654,10.4425,17.8764
2026-01-24 11:40:00+00:00,0,normal,27.3055,7.708,5.6979,10.4096,17.8778
2026-01-24 11:50:00+00:00,0,normal,27.2907,7.6755,5.716,10.2269,17.8712
2026-01-24 12:00:00+00:00,0,normal,27.2541,7.6549,5.7511,10.4376,17.8774
2026-01-24 12:10:00+00:00,0,normal,27.1422,7.6466,5.8583,10.3961,17.8686
2026-01-24 12:20:00+00:00,0,normal,27.0821,7.6272,5.921,10.3906,17.8586
2026-01-24 12:30:00+00:00,0,normal,27.036,7.6159,5.8801,10.5399,17.835
2026-01-24 12:40:00+00:00,0,normal,26.9497,7.6051,5.9294,10.4804,17.8236
2026-01-24 12:50:00+00:00,0,normal,26.8542,7.601,5.973,10.3341,17.8141
2026-01-24 13:00:00+00:00,0,normal,26.8076,7.594,5.9525,10.343,17.8046
2026-01-24 13:10:00+00:00,0,normal,26.7878,7.5736,5.968,10.1809,17.8142
2026-01-24 13:20:00+00:00,0,normal,26.7877,7.5643,5.9885,10.0435,17.8178
2026-01-24 13:30:00+00:00,0,normal,26.8069,7.5554,5.9328,10.1186,17.7973
2026-01-24 13:40:00+00:00,0,normal,26.7939,7.5442,5.8927,10.2216,17.7892
2026-01-24 13:50:00+00:00,0,normal,26.769,7.5264,5.8723,10.2234,17.7923
2026-01-24 14:00:00+00:00,0,normal,26.6943,7.5397,5.9301,10.5591,17.7569
2026-01-24 14:10:00+00:00,0,normal,26.6087,7.5338,6.0725,10.6806,17.7534
2026-01-24 14:20:00+00:00,0,normal,26.5534,7.5319,6.1036,10.7928,17.764
2026-01-24 14:30:00+00:00,0,normal,26.5665,7.5343,6.1633,10.8867,17.7582
2026-01-24 14:40:00+00:00,0,normal,26.5001,7.5249,6.1957,10.8522,17.7408
2026-01-24 14:50:00+00:00,0,normal,26.5538,7.4943,6.1939,10.6254,17.754
2026-01-24 15:00:00+00:00,0,normal,26.4651,7.4996,6.1633,10.5952,17.7694
2026-01-24 15:10:00+00:00,0,normal,26.3532,7.4855,6.3148,10.536,17.7581
2026-01-24 15:20:00+00:00,0,normal,26.2958,7.4683,6.3765,10.4811,17.7427
2026-01-24 15:30:00+00:00,0,normal,26.3278,7.4602,6.3948,10.3244,17.7401
2026-01-24 15:40:00+00:00,0,normal,26.2535,7.4565,6.4815,10.1019,17.7389
2026-01-24 15:50:00+00:00,0,normal,26.2521,7.4414,6.5381,10.098,17.7132
2026-01-24 16:00:00+00:00,0,normal,26.1632,7.4241,6.6045,9.8781,17.7203
2026-01-24 16:10:00+00:00,0,normal,26.0099,7.4139,6.655,9.9471,17.7203
2026-01-24 16:20:00+00:00,0,normal,25.8995,7.3976,6.7543,10.2392,17.7368
2026-01-24 16:30:00+00:00,0,normal,25.814,7.3921,6.7376,10.3785,17.7182
2026-01-24 16:40:00+00:00,0,normal,25.721,7.3651,6.7429,10.4641,17.7196
2026-01-24 16:50:00+00:00,0,normal,25.748,7.3622,6.7705,10.6206,17.7061
2026-01-24 17:00:00+00:00,0,normal,25.771,7.3568,6.7413,10.5531,17.7034
2026-01-24 17:10:00+00:00,0,normal,25.7468,7.3516,6.7228,10.42,17.6846
2026-01-24 17:20:00+00:00,0,normal,25.7118,7.3283,6.7176,10.3601,17.6856
2026-01-24 17:30:00+00:00,0,normal,25.7436,7.3388,6.7185,10.1295,17.6886
2026-01-24 17:40:00+00:00,0,normal,25.6902,7.3412,6.6563,9.9294,17.6783
2026-01-24 17:50:00+00:00,0,normal,25.6314,7.3267,6.7113,9.856,17.6757
2026-01-24 18:00:00+00:00,0,normal,25.5862,7.3131,6.7701,10.0943,17.6675
2026-01-24 18:10:00+00:00,0,normal,25.4977,7.3158,6.9033,10.0334,17.6658
2026-01-24 18:20:00+00:00,0,normal,25.5075,7.307,6.9078,10.0223,17.6462
2026-01-24 18:30:00+00:00,0,normal,25.4748,7.2817,6.9434,10.1283,17.659
2026-01-24 18:40:00+00:00,0,normal,25.448,7.282,7.0256,10.14,17.6604
2026-01-24 18:50:00+00:00,0,normal,25.3854,7.287,7.1129,9.9497,17.6641
2026-01-24 19:00:00+00:00,0,normal,25.4466,7.2641,7.1208,10.0629,17.655
2026-01-24 19:10:00+00:00,0,normal,25.3337,7.2532,7.1652,10.1874,17.6551
2026-01-24 19:20:00+00:00,0,normal,25.224,7.2676,7.2916,10.2002,17.6578
2026-01-24 19:30:00+00:00,0,normal,25.2241,7.2692,7.3284,10.2497,17.6729
2026-01-24 19:40:00+00:00,0,normal,25.1581,7.2673,7.2618,10.2326,17.681
2026-01-24 19:50:00+00:00,0,normal,25.0614,7.2813,7.3122,10.3047,17.6976
2026-01-24 20:00:00+00:00,0,normal,24.9558,7.2659,7.4318,10.5646,17.7175
2026-01-24 20:10:00+00:00,0,normal,25.0035,7.2472,7.3719,10.6757,17.7134
2026-01-24 20:20:00+00:00,0,normal,24.9025,7.2485,7.3726,10.7262,17.7203
2026-01-24 20:30:00+00:00,0,normal,24.8935,7.2494,7.4548,10.4798,17.7199
2026-01-24 20:40:00+00:00,0,normal,24.8567,7.2637,7.4833,10.5432,17.7016
2026-01-24 20:50:00+00:00,0,normal,24.9515,7.2742,7.4765,10.1306,17.6849
2026-01-24 21:00:00+00:00,0,normal,24.9856,7.3028,7.4312,10.2172,17.6882
2026-01-24 21:10:00+00:00,0,normal,24.9947,7.2837,7.4104,10.2791,17.6799
2026-01-24 21:20:00+00:00,0,normal,24.9797,7.273,7.4131,10.665,17.6718
2026-01-24 21:30:00+00:00,0,normal,24.965,7.2674,7.4395,10.5924,17.6724
2026-01-24 21:40:00+00:00,0,normal,24.9265,7.2829,7.3404,10.8365,17.6864
2026-01-24 21:50:00+00:00,0,normal,24.8365,7.2916,7.4157,10.874,17.676
2026-01-24 22:00:00+00:00,0,normal,24.8153,7.3075,7.4019,10.7801,17.6719
2026-01-24 22:10:00+00:00,0,normal,24.8463,7.315,7.3448,10.7834,17.6755
2026-01-24 22:20:00+00:00,0,normal,24.8408,7.3116,7.332,10.9392,17.6734
2026-01-24 22:30:00+00:00,0,normal,24.8024,7.3041,7.4226,10.9453,17.6836
2026-01-24 22:40:00+00:00,0,normal,24.7625,7.3139,7.388,11.0684,17.6951
2026-01-24 22:50:00+00:00,0,normal,24.8105,7.3325,7.4111,11.251,17.6831
2026-01-24 23:00:00+00:00,0,normal,24.855,7.3599,7.5004,11.0232,17.6846
2026-01-24 23:10:00+00:00,0,normal,24.9126,7.3766,7.3847,11.0931,17.6826
2026-01-24 23:20:00+00:00,0,normal,24.9811,7.3941,7.3868,11.0584,17.6713
2026-01-24 23:30:00+00:00,0,normal,25.0244,7.3908,7.4906,10.9951,17.6805
2026-01-24 23:40:00+00:00,0,normal,25.0266,7.3879,7.4913,10.9931,17.717
2026-01-24 23:50:00+00:00,0,normal,24.944,7.3797,7.5234,10.9084,17.719
2026-01-25 00:00:00+00:00,0,normal,24.9333,7.384,7.562,10.8875,18.2803
2026-01-25 00:10:00+00:00,0,normal,24.934,7.389,7.5872,10.9563,18.2805
2026-01-25 00:20:00+00:00,0,normal,24.9958,7.3953,7.5431,10.8383,18.2872
2026-01-25 00:30:00+00:00,0,normal,24.966,7.4001,7.5523,10.779,18.269
2026-01-25 00:40:00+00:00,0,normal,24.9843,7.4155,7.4291,11.1754,18.2771
2026-01-25 00:50:00+00:00,0,normal,24.9763,7.4332,7.4158,11.026,18.2914
2026-01-25 01:00:00+00:00,0,normal,25.0015,7.4463,7.2762,11.1905,18.2956
2026-01-25 01:10:00+00:00,0,normal,25.1093,7.4534,7.1996,11.0909,18.2715
2026-01-25 01:20:00+00:00,0,normal,25.248,7.4782,7.1442,11.1861,18.2553
2026-01-25 01:30:00+00:00,0,normal,25.2676,7.4817,7.1769,11.1998,18.2349
2026-01-25 01:40:00+00:00,0,normal,25.4104,7.4963,7.1304,11.398,18.2186
2026-01-25 01:50:00+00:00,0,normal,25.4699,7.5203,7.2121,11.3096,18.2055
2026-01-25 02:00:00+00:00,0,normal,25.3849,7.5218,7.2318,11.467,18.236
2026-01-25 02:10:00+00:00,0,normal,25.3711,7.5492,7.1949,11.386,18.2438
2026-01-25 02:20:00+00:00,0,normal,25.5261,7.5703,7.1149,11.1777,18.2599
2026-01-25 02:30:00+00:00,0,normal,25.5433,7.5838,7.1652,11.0301,18.2694
2026-01-25 02:40:00+00:00,0,normal,25.512,7.5748,7.1444,10.9134,18.2817
2026-01-25 02:50:00+00:00,0,normal,25.6401,7.6119,7.0514,10.8206,18.2663
2026-01-25 03:00:00+00:00,0,normal,25.6253,7.5994,7.0621,11.0867,18.262
2026-01-25 03:10:00+00:00,0,normal,25.6299,7.6055,7.0573,11.0383,18.267
2026-01-25 03:20:00+00:00,0,normal,25.7037,7.609,6.9313,11.2428,18.2634
2026-01-25 03:30:00+00:00,0,normal,25.8047,7.6268,6.8353,11.2167,18.2555
2026-01-25 03:40:00+00:00,0,normal,25.8184,7.6293,6.8274,11.2313,18.2523
2026-01-25 03:50:00+00:00,0,normal,25.9814,7.6481,6.7886,10.9207,18.2709
2026-01-25 04:00:00+00:00,0,normal,26.0787,7.664,6.7402,10.9888,18.2598
2026-01-25 04:10:00+00:00,0,normal,26.1393,7.6733,6.6985,10.9666,18.2665
2026-01-25 04:20:00+00:00,0,normal,26.2244,7.6803,6.6889,11.1663,18.2762
2026-01-25 04:30:00+00:00,0,normal,26.3356,7.6849,6.6238,11.2511,18.2808
2026-01-25 04:40:00+00:00,0,normal,26.3841,7.6966,6.5493,11.6601,18.2747
2026-01-25 04:50:00+00:00,0,normal,26.4124,7.7107,6.5043,11.7762,18.2669
2026-01-25 05:00:00+00:00,0,normal,26.4219,7.7309,6.4307,11.6762,18.2662
2026-01-25 05:10:00+00:00,0,normal,26.4348,7.7441,6.2846,11.5299,18.2533
2026-01-25 05:20:00+00:00,0,normal,26.4046,7.7556,6.2906,11.4597,18.2339
2026-01-25 05:30:00+00:00,0,normal,26.3955,7.7546,6.2417,11.0951,18.2266
2026-01-25 05:40:00+00:00,0,normal,26.4267,7.7391,6.1521,11.1815,18.233
2026-01-25 05:50:00+00:00,0,normal,26.4821,7.7371,6.1532,11.2276,18.2568
2026-01-25 06:00:00+00:00,0,normal,26.5916,7.7431,6.2154,11.434,18.272
2026-01-25 06:10:00+00:00,0,normal,26.6816,7.7384,6.1638,11.4317,18.2929
2026-01-25 06:20:00+00:00,0,normal,26.7989,7.7438,6.1477,11.5423,18.2913
2026-01-25 06:30:00+00:00,0,normal,26.8934,7.7682,6.1571,11.4685,18.292
2026-01-25 06:40:00+00:00,0,normal,26.9206,7.7636,6.1278,11.4389,18.286
2026-01-25 06:50:00+00:00,0,normal,26.9329,7.7632,6.1039,11.1865,18.2689
2026-01-25 07:00:00+00:00,0,normal,26.9668,7.7897,6.0823,11.1349,18.2614
2026-01-25 07:10:00+00:00,0,normal,27.0179,7.784,6.0174,11.1124,18.2788
2026-01-25 07:20:00+00:00,0,normal,27.0399,7.783,5.9821,11.1572,18.2709
2026-01-25 07:30:00+00:00,0,normal,27.0417,7.783,6.0238,11.023,18.246
2026-01-25 07:40:00+00:00,0,normal,27.0605,7.7835,5.9545,11.166,18.2482
2026-01-25 07:50:00+00:00,0,normal,27.1612,7.7722,5.9128,11.3926,18.2344
2026-01-25 08:00:00+00:00,0,normal,27.1377,7.7756,5.9344,11.2733,18.2213
2026-01-25 08:10:00+00:00,0,normal,27.1595,7.7821,5.9119,10.9982,18.214
2026-01-25 08:20:00+00:00,0,normal,27.2486,7.8075,5.8844,10.9005,18.2158
2026-01-25 08:30:00+00:00,0,normal,27.23,7.8186,5.8659,10.7373,18.2159
2026-01-25 08:40:00+00:00,0,normal,27.2114,7.8261,5.8158,10.5342,18.2278
2026-01-25 08:50:00+00:00,0,normal,27.1879,7.8184,5.778,10.5475,18.2149
2026-01-25 09:00:00+00:00,0,normal,27.1672,7.8066,5.7908,10.6811,18.2241
2026-01-25 09:10:00+00:00,0,normal,27.202,7.7966,5.7561,10.7725,18.222
2026-01-25 09:20:00+00:00,0,normal,27.2655,7.7958,5.7298,10.8982,18.2009
2026-01-25 09:30:00+00:00,0,normal,27.2473,7.7969,5.8523,10.84,18.1773
2026-01-25 09:40:00+00:00,0,normal,27.3222,7.8178,5.8126,10.9593,18.1795
2026-01-25 09:50:00+00:00,0,normal,27.349,7.8241,5.7952,11.0405,18.1786
2026-01-25 10:00:00+00:00,0,normal,27.3147,7.8363,5.7686,11.1419,18.1657
2026-01-25 10:10:00+00:00,0,normal,27.3272,7.824,5.7918,10.9706,18.1817
2026-01-25 10:20:00+00:00,0,normal,27.3113,7.7985,5.6646,11.0175,18.1843
2026-01-25 10:30:00+00:00,0,normal,27.2935,7.783,5.7254,10.934,18.1854
2026-01-25 10:40:00+00:00,0,normal,27.279,7.7591,5.6911,10.7848,18.1721
2026-01-25 10:50:00+00:00,0,normal,27.2136,7.7256,5.6631,10.5889,18.1587
2026-01-25 11:00:00+00:00,0,normal,27.1467,7.6984,5.6557,10.5567,18.158
2026-01-25 11:10:00+00:00,0,normal,27.2168,7.692,5.6949,10.4704,18.1634
2026-01-25 11:20:00+00:00,0,normal,27.2144,7.6813,5.7023,10.2403,18.1426
2026-01-25 11:30:00+00:00,0,normal,27.1609,7.6872,5.6911,10.5554,18.134
2026-01-25 11:40:00+00:00,0,normal,27.1433,7.6874,5.7837,10.3954,18.141
2026-01-25 11:50:00+00:00,0,normal,27.1508,7.686,5.7551,10.3471,18.1138
2026-01-25 12:00:00+00:00,0,normal,27.1269,7.6995,5.722,10.4673,18.1039
2026-01-25 12:10:00+00:00,0,normal,27.0806,7.6907,5.6684,10.4992,18.101
2026-01-25 12:20:00+00:00,0,normal,27.1474,7.6786,5.7347,10.1245,18.1014
2026-01-25 12:30:00+00:00,0,normal,27.1856,7.6467,5.7137,10.3631,18.0724
2026-01-25 12:40:00+00:00,0,normal,27.1748,7.64,5.819,10.5655,18.0679
2026-01-25 12:50:00+00:00,0,normal,27.0368,7.6144,5.88,10.4514,18.062
2026-01-25 13:00:00+00:00,0,normal,27.0417,7.6054,5.917,10.6101,18.0677
2026-01-25 13:10:00+00:00,0,normal,26.9453,7.5898,5.8922,10.445,18.0593
2026-01-25 13:20:00+00:00,0,normal,26.9247,7.5958,5.8588,10.3187,18.0788
2026-01-25 13:30:00+00:00,0,normal,26.8377,7.5745,5.9061,10.2441,18.0684
2026-01-25 13:40:00+00:00,0,normal,26.85,7.5552,5.9306,10.4766,18.057
2026-01-25 13:50:00+00:00,0,normal,26.7853,7.5535,5.9792,10.2552,18.045
2026-01-25 14:00:00+00:00,0,normal,26.7468,7.5509,6.0952,10.3034,18.0407
2026-01-25 14:10:00+00:00,0,normal,26.6839,7.535,6.1259,10.3956,18.0361
2026-01-25 14:20:00+00:00,0,normal,26.6561,7.5513,6.1422,10.3359,18.0423
2026-01-25 14:30:00+00:00,0,normal,26.5778,7.5276,6.14,10.0296,18.0394
2026-01-25 14:40:00+00:00,0,normal,26.5732,7.4967,6.1977,9.9927,18.0382
2026-01-25 14:50:00+00:00,0,normal,26.5659,7.4942,6.1902,10.0535,18.0294
2026-01-25 15:00:00+00:00,0,normal,26.4726,7.4869,6.318,10.066,18.0099
2026-01-25 15:10:00+00:00,0,normal,26.4505,7.4603,6.2954,10.0173,18.0121
2026-01-25 15:20:00+00:00,0,normal,26.3943,7.4597,6.4419,10.2199,18.0014
2026-01-25 15:30:00+00:00,0,normal,26.2405,7.445,6.5427,10.3346,18.0042
2026-01-25 15:40:00+00:00,0,normal,26.1862,7.4198,6.5777,10.4541,17.9885
2026-01-25 15:50:00+00:00,0,normal,26.0982,7.404,6.6388,10.4253,17.9901
2026-01-25 16:00:00+00:00,0,normal,26.0568,7.3969,6.6847,10.4164,17.9969
2026-01-25 16:10:00+00:00,0,normal,26.02,7.3776,6.6055,10.3792,18.0197
2026-01-25 16:20:00+00:00,0,normal,26.0006,7.379,6.5904,10.2613,18.0027
2026-01-25 16:30:00+00:00,0,normal,25.9238,7.3609,6.5971,10.1362,18.0259
2026-01-25 16:40:00+00:00,0,normal,25.9519,7.345,6.6032,10.0632,18.0324
2026-01-25 16:50:00+00:00,0,normal,25.8349,7.344,6.715,10.1537,18.0103
2026-01-25 17:00:00+00:00,0,normal,25.8163,7.3669,6.7864,10.1366,17.9938
2026-01-25 17:10:00+00:00,0,normal,25.775,7.3742,6.8005,10.187,17.9841
2026-01-25 17:20:00+00:00,0,normal,25.6627,7.3738,6.9281,10.1499,17.9575
2026-01-25 17:30:00+00:00,0,normal,25.584,7.3714,6.946,10.2122,17.9527
2026-01-25 17:40:00+00:00,0,normal,25.6125,7.3561,6.9011,10.0102,17.9599
2026-01-25 17:50:00+00:00,0,normal,25.597,7.3351,6.8669,10.0618,17.9429
2026-01-25 18:00:00+00:00,0,normal,25.5698,7.3086,6.9189,10.1379,17.9473
2026-01-25 18:10:00+00:00,0,normal,25.5242,7.3087,6.9343,10.1264,17.9489
2026-01-25 18:20:00+00:00,0,normal,25.5012,7.2885,7.0384,9.9998,17.9385
2026-01-25 18:30:00+00:00,0,normal,25.4367,7.2805,7.092,10.2171,17.928
2026-01-25 18:40:00+00:00,0,normal,25.3583,7.2778,7.2,10.1523,17.944
2026-01-25 18:50:00+00:00,0,normal,25.318,7.27,7.2117,10.1078,17.9395
2026-01-25 19:00:00+00:00,0,normal,25.3327,7.2552,7.2273,10.2401,17.9377
2026-01-25 19:10:00+00:00,0,normal,25.2729,7.2748,7.1486,10.2636,17.9564
2026-01-25 19:20:00+00:00,0,normal,25.1824,7.2859,7.2034,10.2184,17.964
2026-01-25 19:30:00+00:00,0,normal,25.0518,7.2602,7.2926,10.3676,17.9648
2026-01-25 19:40:00+00:00,0,normal,25.0014,7.2531,7.3066,10.7055,17.9742
2026-01-25 19:50:00+00:00,0,normal,24.9625,7.2454,7.3404,10.7144,17.9937
2026-01-25 20:00:00+00:00,0,normal,24.9546,7.2268,7.3891,10.9063,17.9819
2026-01-25 20:10:00+00:00,0,normal,24.8998,7.1986,7.4402,10.9986,17.9816
2026-01-25 20:20:00+00:00,0,normal,24.9649,7.2065,7.4308,10.6683,17.9747
2026-01-25 20:30:00+00:00,0,normal,25.0022,7.234,7.4266,10.3292,17.9654
2026-01-25 20:40:00+00:00,0,normal,24.9761,7.241,7.3761,10.1199,17.9652
2026-01-25 20:50:00+00:00,0,normal,24.9338,7.256,7.3926,10.1443,17.9593
2026-01-25 21:00:00+00:00,0,normal,24.9752,7.2661,7.3423,10.338,17.9567
2026-01-25 21:10:00+00:00,0,normal,25.0096,7.2861,7.2292,10.6677,17.9595
2026-01-25 21:20:00+00:00,0,normal,24.8855,7.2899,7.2971,10.8225,17.9682
2026-01-25 21:30:00+00:00,0,normal,24.8791,7.2889,7.3593,11.0903,17.9519
2026-01-25 21:40:00+00:00,0,normal,24.8439,7.3073,7.4225,11.0259,17.957
2026-01-25 21:50:00+00:00,0,normal,24.8069,7.3226,7.4347,10.9524,17.9478
2026-01-25 22:00:00+00:00,0,normal,24.728,7.3187,7.5465,10.8828,17.9471
2026-01-25 22:10:00+00:00,0,normal,24.8119,7.3156,7.5514,10.9088,17.9512
2026-01-25 22:20:00+00:00,0,normal,24.8703,7.3363,7.5031,10.822,17.9777
2026-01-25 22:30:00+00:00,0,normal,24.9185,7.3465,7.4682,10.9508,17.9824
2026-01-25 22:40:00+00:00,0,normal,24.9303,7.3554,7.5524,10.8416,18.0007
2026-01-25 22:50:00+00:00,0,normal,25.0299,7.3722,7.4457,10.8851,17.9907
2026-01-25 23:00:00+00:00,0,normal,24.9763,7.3696,7.4437,11.0116,17.99
2026-01-25 23:10:00+00:00,0,normal,24.9036,7.3777,7.5329,10.9763,17.9652
2026-01-25 23:20:00+00:00,0,normal,24.8386,7.3571,7.534,10.9006,17.9724
2026-01-25 23:30:00+00:00,0,normal,24.9197,7.3656,7.4888,10.8912,17.9565
2026-01-25 23:40:00+00:00,0,normal,24.8844,7.3933,7.5832,10.8115,17.9591
2026-01-25 23:50:00+00:00,0,normal,25.0086,7.3893,7.5715,10.6005,17.9626
2026-01-26 00:00:00+00:00,0,normal,25.003,7.3924,7.5524,10.7217,17.9893
2026-01-26 00:10:00+00:00,0,normal,25.1454,7.4195,7.5537,10.6541,17.9896
2026-01-26 00:20:00+00:00,0,normal,25.1258,7.4245,7.5237,10.8136,17.9976
2026-01-26 00:30:00+00:00,0,normal,25.1501,7.4071,7.4435,10.933,17.9991
2026-01-26 00:40:00+00:00,0,normal,25.0358,7.4341,7.4137,11.1088,17.99
2026-01-26 00:50:00+00:00,0,normal,25.1727,7.446,7.3586,10.9953,17.9775
2026-01-26 01:00:00+00:00,0,normal,25.1844,7.4556,7.3192,11.3482,17.9687
2026-01-26 01:10:00+00:00,0,normal,25.2181,7.4645,7.2769,11.2295,17.9641
2026-01-26 01:20:00+00:00,0,normal,25.2516,7.4957,7.3551,11.3961,17.986
2026-01-26 01:30:00+00:00,0,normal,25.3243,7.5059,7.3222,11.4601,18.0029
2026-01-26 01:40:00+00:00,0,normal,25.2931,7.5213,7.3098,11.6612,18.0201
2026-01-26 01:50:00+00:00,0,normal,25.292,7.5228,7.2828,11.6854,18.007
2026-01-26 02:00:00+00:00,0,normal,25.2721,7.5442,7.2495,11.8057,18.0102
2026-01-26 02:10:00+00:00,0,normal,25.3265,7.5448,7.1528,11.6007,18.0019
2026-01-26 02:20:00+00:00,0,normal,25.4448,7.5662,7.175,11.4864,17.9912
2026-01-26 02:30:00+00:00,0,normal,25.4894,7.5634,7.099,11.6356,17.9711
2026-01-26 02:40:00+00:00,0,normal,25.5687,7.5758,7.057,11.361,17.9791
2026-01-26 02:50:00+00:00,0,normal,25.6767,7.5971,7.0008,11.2652,17.9782
2026-01-26 03:00:00+00:00,0,normal,25.7093,7.5942,6.9471,11.2319,17.9947
2026-01-26 03:10:00+00:00,0,normal,25.6964,7.6044,6.8189,11.1981,17.9824
2026-01-26 03:20:00+00:00,0,normal,25.743,7.6161,6.844,11.0134,17.9728
2026-01-26 03:30:00+00:00,0,normal,25.822,7.6444,6.7463,11.2716,17.9701
2026-01-26 03:40:00+00:00,0,normal,25.8834,7.6343,6.782,11.4273,17.9809
2026-01-26 03:50:00+00:00,0,normal,25.9988,7.6463,6.7278,11.5209,17.9603
2026-01-26 04:00:00+00:00,0,normal,26.0778,7.6459,6.7267,11.5449,17.9767
2026-01-26 04:10:00+00:00,0,normal,26.1311,7.6596,6.671,11.5607,17.9842
2026-01-26 04:20:00+00:00,0,normal,26.1923,7.6645,6.6046,11.3244,17.9953
2026-01-26 04:30:00+00:00,0,normal,26.2721,7.6822,6.5192,11.4083,17.9938
2026-01-26 04:40:00+00:00,0,normal,26.28,7.6881,6.5291,11.4113,18.0098
2026-01-26 04:50:00+00:00,0,normal,26.3755,7.7054,6.5028,11.5497,18.0213
2026-01-26 05:00:00+00:00,0,normal,26.4393,7.7094,6.4148,11.6271,18.0254
2026-01-26 05:10:00+00:00,0,normal,26.444,7.7175,6.4234,11.5639,18.0312
2026-01-26 05:20:00+00:00,0,normal,26.4679,7.7309,6.4121,11.3712,18.0307
2026-01-26 05:30:00+00:00,0,normal,26.4475,7.7446,6.4407,11.2127,18.022
2026-01-26 05:40:00+00:00,0,normal,26.4465,7.7519,6.371,11.2528,18.008
2026-01-26 05:50:00+00:00,0,normal,26.5685,7.7884,6.2914,11.1384,18.0143
2026-01-26 06:00:00+00:00,0,normal,26.6312,7.7882,6.2641,11.1618,18.0124
2026-01-26 06:10:00+00:00,0,normal,26.6373,7.7761,6.1934,11.228,18.0128
2026-01-26 06:20:00+00:00,0,normal,26.675,7.7866,6.1294,11.2567,18.0049
2026-01-26 06:30:00+00:00,0,normal,26.7904,7.7825,6.0467,11.0874,18.0086
2026-01-26 06:40:00+00:00,0,normal,26.7837,7.7668,6.1067,10.865,17.9983
2026-01-26 06:50:00+00:00,0,normal,26.7951,7.7654,6.1049,10.8771,17.9828
2026-01-26 07:00:00+00:00,0,normal,26.8754,7.7731,6.1193,10.8368,17.9623
2026-01-26 07:10:00+00:00,0,normal,26.9183,7.7689,5.9963,10.8278,17.962
2026-01-26 07:20:00+00:00,0,normal,26.9481,7.7894,5.9483,10.8957,17.9558
2026-01-26 07:30:00+00:00,0,normal,26.9739,7.8028,5.9344,11.1657,17.9383
2026-01-26 07:40:00+00:00,0,normal,27.0813,7.8217,5.8433,11.3019,17.9347
2026-01-26 07:50:00+00:00,0,normal,27.1261,7.8328,5.7322,11.136,17.952
2026-01-26 08:00:00+00:00,0,normal,27.2619,7.8385,5.7298,11.1581,17.9433
2026-01-26 08:10:00+00:00,0,normal,27.249,7.8072,5.7891,10.9142,17.9338
2026-01-26 08:20:00+00:00,0,normal,27.3209,7.8023,5.6994,10.8846,17.9537
2026-01-26 08:30:00+00:00,0,normal,27.3226,7.7713,5.727,10.6968,17.9543
2026-01-26 08:40:00+00:00,0,normal,27.366,7.7505,5.7555,10.8611,17.9469
2026-01-26 08:50:00+00:00,0,normal,27.3477,7.7475,5.7707,10.7965,17.9342
2026-01-26 09:00:00+00:00,0,normal,27.3485,7.7677,5.7976,10.8886,17.9326
2026-01-26 09:10:00+00:00,0,normal,27.4029,7.7592,5.7696,10.8013,17.9079
2026-01-26 09:20:00+00:00,0,normal,27.3582,7.7872,5.7668,10.8273,17.8927
2026-01-26 09:30:00+00:00,0,normal,27.3475,7.8035,5.7804,10.9168,17.88
2026-01-26 09:40:00+00:00,0,normal,27.3447,7.7977,5.7846,10.5769,17.89
2026-01-26 09:50:00+00:00,0,normal,27.3744,7.804,5.6936,10.5944,17.8825
2026-01-26 10:00:00+00:00,0,normal,27.2945,7.8125,5.7233,10.7739,17.8825
2026-01-26 10:10:00+00:00,0,normal,27.3406,7.7997,5.7135,10.6903,17.8971
2026-01-26 10:20:00+00:00,0,normal,27.3342,7.7819,5.6686,10.5055,17.8995
2026-01-26 10:30:00+00:00,0,normal,27.274,7.7696,5.6586,10.9959,17.8988
2026-01-26 10:40:00+00:00,0,normal,27.2549,7.7363,5.6497,10.947,17.8852
2026-01-26 10:50:00+00:00,0,normal,27.2234,7.7131,5.5734,10.7224,17.9
2026-01-26 11:00:00+00:00,0,normal,27.1399,7.6874,5.585,10.8584,17.9011
2026-01-26 11:10:00+00:00,0,normal,27.1389,7.6837,5.6082,10.8318,17.9011
2026-01-26 11:20:00+00:00,0,normal,27.1991,7.686,5.5632,10.6725,17.8908
2026-01-26 11:30:00+00:00,0,normal,27.2011,7.6731,5.652,10.7476,17.8979
2026-01-26 11:40:00+00:00,0,normal,27.2423,7.6558,5.6936,10.9028,17.8826
2026-01-26 11:50:00+00:00,0,normal,27.2142,7.6507,5.7501,10.7723,17.8506
2026-01-26 12:00:00+00:00,0,normal,27.137,7.6406,5.798,10.7301,17.8316
2026-01-26 12:10:00+00:00,0,normal,27.1652,7.6263,5.8934,10.7736,17.8209
2026-01-26 12:20:00+00:00,0,normal,27.0812,7.6285,5.9096,10.6353,17.8017
2026-01-26 12:30:00+00:00,0,normal,27.0533,7.6229,5.9145,10.6407,17.8063
2026-01-26 12:40:00+00:00,0,normal,27.0668,7.6058,5.9184,10.5141,17.8178
2026-01-26 12:50:00+00:00,0,normal,27.0854,7.593,5.9569,10.4476,17.8339
2026-01-26 13:00:00+00:00,0,normal,26.9565,7.5796,5.8965,10.4568,17.8366
2026-01-26 13:10:00+00:00,0,normal,26.9775,7.5707,5.8973,10.3744,17.8281
2026-01-26 13:20:00+00:00,0,normal,26.9219,7.5657,6.0045,10.3234,17.8217
2026-01-26 13:30:00+00:00,0,normal,26.8903,7.5714,5.9869,10.4422,17.808
2026-01-26 13:40:00+00:00,0,normal,26.808,7.5686,5.9019,10.5878,17.7991
2026-01-26 13:50:00+00:00,0,normal,26.7972,7.5547,5.9635,10.557,17.8005
2026-01-26 14:00:00+00:00,0,normal,26.6888,7.5283,5.9842,10.6424,17.8203
2026-01-26 14:10:00+00:00,0,normal,26.6534,7.5275,6.0323,10.56,17.8133
2026-01-26 14:20:00+00:00,0,normal,26.717,7.521,6.0178,10.5573,17.8165
2026-01-26 14:30:00+00:00,0,normal,26.7553,7.4988,6.0758,10.6239,17.7994
2026-01-26 14:40:00+00:00,0,normal,26.7223,7.4961,6.0933,10.5566,17.7981
2026-01-26 14:50:00+00:00,0,normal,26.7128,7.5103,6.1388,10.5511,17.7839
2026-01-26 15:00:00+00:00,0,normal,26.5766,7.4987,6.1667,10.4969,17.7663
2026-01-26 15:10:00+00:00,0,normal,26.3828,7.479,6.2462,10.482,17.7621
2026-01-26 15:20:00+00:00,0,normal,26.328,7.4857,6.3061,10.1294,17.7683
2026-01-26 15:30:00+00:00,0,normal,26.2209,7.4585,6.3697,10.0738,17.7572
2026-01-26 15:40:00+00:00,0,normal,26.1455,7.4366,6.3246,9.9744,17.741
2026-01-26 15:50:00+00:00,0,normal,26.1557,7.4105,6.3534,9.8968,17.7504
2026-01-26 16:00:00+00:00,0,normal,26.1112,7.4013,6.4316,9.9634,17.7489
2026-01-26 16:10:00+00:00,0,normal,25.9669,7.3915,6.5102,10.0911,17.7318
2026-01-26 16:20:00+00:00,0,normal,25.9396,7.396,6.5409,10.0526,17.711
2026-01-26 16:30:00+00:00,0,normal,25.8787,7.3779,6.6641,10.1494,17.7303
2026-01-26 16:40:00+00:00,0,normal,25.8043,7.3591,6.7178,10.2224,17.7312
2026-01-26 16:50:00+00:00,0,normal,25.761,7.3623,6.714,10.1439,17.736
2026-01-26 17:00:00+00:00,0,normal,25.771,7.3469,6.7453,9.9803,17.7245
2026-01-26 17:10:00+00:00,0,normal,25.7119,7.34,6.7543,9.9481,17.7273
2026-01-26 17:20:00+00:00,0,normal,25.6856,7.3386,6.7889,9.8132,17.7123
2026-01-26 17:30:00+00:00,0,normal,25.6826,7.3472,6.7797,9.7495,17.7097
2026-01-26 17:40:00+00:00,0,normal,25.6551,7.3175,6.8593,9.6733,17.7005
2026-01-26 17:50:00+00:00,0,normal,25.5768,7.3081,6.8531,9.7354,17.7081
2026-01-26 18:00:00+00:00,0,normal,25.5535,7.2884,6.8996,9.9506,17.7095
2026-01-26 18:10:00+00:00,0,normal,25.5365,7.2839,6.8718,10.3235,17.7136
2026-01-26 18:20:00+00:00,0,normal,25.4634,7.2689,6.9006,10.5261,17.7051
2026-01-26 18:30:00+00:00,0,normal,25.4264,7.2438,6.9077,10.5572,17.7114
2026-01-26 18:40:00+00:00,0,normal,25.3646,7.2318,6.9218,10.7087,17.7252
2026-01-26 18:50:00+00:00,0,normal,25.2744,7.2278,6.9885,10.6327,17.7337
2026-01-26 19:00:00+00:00,0,normal,25.2373,7.2258,7.083,10.3795,17.7193
2026-01-26 19:10:00+00:00,0,normal,25.2195,7.2296,7.119,10.4513,17.7053
2026-01-26 19:20:00+00:00,0,normal,25.1955,7.2729,7.1368,10.752,17.6805
2026-01-26 19:30:00+00:00,0,normal,25.1981,7.2786,7.1573,10.5855,17.6706
2026-01-26 19:40:00+00:00,0,normal,25.1968,7.2898,7.1807,10.7703,17.6546
2026-01-26 19:50:00+00:00,0,normal,25.1621,7.2949,7.1895,10.7919,17.6665
2026-01-26 20:00:00+00:00,0,normal,25.1497,7.3031,7.2043,10.6375,17.6792
2026-01-26 20:10:00+00:00,0,normal,25.138,7.2921,7.2228,10.4686,17.6903
2026-01-26 20:20:00+00:00,0,normal,25.0982,7.2917,7.2895,10.8218,17.6947
2026-01-26 20:30:00+00:00,0,normal,25.1225,7.2985,7.2766,10.716,17.6935
2026-01-26 20:40:00+00:00,0,normal,25.0839,7.2729,7.2693,10.8485,17.6754
2026-01-26 20:50:00+00:00,0,normal,25.0534,7.2854,7.3284,10.9938,17.663
2026-01-26 21:00:00+00:00,0,normal,25.0134,7.297,7.3108,11.0968,17.6691
2026-01-26 21:10:00+00:00,0,normal,25.0108,7.3001,7.3345,11.0059,17.6784
2026-01-26 21:20:00+00:00,0,normal,24.9215,7.2807,7.4551,11.1103,17.6983
2026-01-26 21:30:00+00:00,0,normal,24.9281,7.3183,7.5271,11.0228,17.7106
2026-01-26 21:40:00+00:00,0,normal,24.9996,7.3018,7.4851,10.7619,17.7265
2026-01-26 21:50:00+00:00,0,normal,24.9701,7.2961,7.5511,10.8754,17.7075
2026-01-26 22:00:00+00:00,0,normal,24.9604,7.2877,7.5511,10.729,17.706
2026-01-26 22:10:00+00:00,0,normal,24.9698,7.3269,7.4639,10.5823,17.6987
2026-01-26 22:20:00+00:00,0,normal,24.9283,7.3072,7.443,10.6356,17.7089
2026-01-26 22:30:00+00:00,0,normal,24.8852,7.3185,7.4676,10.7949,17.6844
2026-01-26 22:40:00+00:00,0,normal,24.8806,7.3013,7.4763,10.5381,17.7024
2026-01-26 22:50:00+00:00,0,normal,24.8694,7.319,7.5122,10.7268,17.7065
2026-01-26 23:00:00+00:00,0,normal,24.8391,7.3011,7.5948,10.8612,17.706
2026-01-26 23:10:00+00:00,0,normal,24.8426,7.3322,7.5965,10.989,17.6996
2026-01-26 23:20:00+00:00,0,normal,24.7409,7.3306,7.6305,11.1286,17.7161
2026-01-26 23:30:00+00:00,0,normal,24.8056,7.3713,7.5264,11.1852,17.707
2026-01-26 23:40:00+00:00,0,normal,24.9434,7.3778,7.5081,11.1104,17.6928
2026-01-26 23:50:00+00:00,0,normal,25.0096,7.3909,7.423,11.2031,17.6808
2026-01-27 00:00:00+00:00,0,normal,25.0012,7.3867,7.4497,11.0989,18.2373
2026-01-27 00:10:00+00:00,0,normal,25.1216,7.4099,7.3713,10.9989,18.2512
2026-01-27 00:20:00+00:00,0,normal,25.1012,7.411,7.4231,11.1672,18.2554
2026-01-27 00:30:00+00:00,0,normal,25.0777,7.4348,7.3492,11.2309,18.2596
2026-01-27 00:40:00+00:00,0,normal,25.1133,7.4508,7.3007,11.0712,18.2715
2026-01-27 00:50:00+00:00,0,normal,25.185,7.4721,7.1614,11.0925,18.2726
2026-01-27 01:00:00+00:00,0,normal,25.1825,7.4689,7.2062,11.2934,18.2723
2026-01-27 01:10:00+00:00,0,normal,25.274,7.4832,7.1883,11.2726,18.2813
2026-01-27 01:20:00+00:00,0,normal,25.2588,7.5,7.1657,11.3169,18.287
2026-01-27 01:30:00+00:00,0,normal,25.2924,7.4937,7.1962,11.2596,18.2936
2026-01-27 01:40:00+00:00,0,normal,25.3509,7.5047,7.2661,11.3553,18.2991
2026-01-27 01:50:00+00:00,0,normal,25.3559,7.5287,7.1951,11.222,18.295
2026-01-27 02:00:00+00:00,0,normal,25.3887,7.5496,7.1658,11.0701,18.2954
2026-01-27 02:10:00+00:00,0,normal,25.3797,7.5507,7.2211,10.99,18.2949
2026-01-27 02:20:00+00:00,0,normal,25.4298,7.5786,7.1267,11.206,18.2906
2026-01-27 02:30:00+00:00,0,normal,25.5138,7.5916,7.0676,11.3263,18.2878
2026-01-27 02:40:00+00:00,0,normal,25.6209,7.5935,7.0405,11.2426,18.2777
2026-01-27 02:50:00+00:00,0,normal,25.6792,7.5889,7.0486,11.2488,18.2591
2026-01-27 03:00:00+00:00,0,normal,25.7934,7.585,6.9692,11.3986,18.2543
2026-01-27 03:10:00+00:00,0,normal,25.9044,7.6119,6.9383,11.2833,18.2483
2026-01-27 03:20:00+00:00,0,normal,25.964,7.6237,6.8713,11.2126,18.262
2026-01-27 03:30:00+00:00,0,normal,26.0232,7.6334,6.8837,11.2867,18.2631
2026-01-27 03:40:00+00:00,0,normal,26.0899,7.651,6.7679,11.4557,18.2864
2026-01-27 03:50:00+00:00,0,normal,26.1742,7.6856,6.7162,11.2304,18.2792
2026-01-27 04:00:00+00:00,0,normal,26.1714,7.6888,6.7089,11.3369,18.286
2026-01-27 04:10:00+00:00,0,normal,26.145,7.6826,6.7508,11.0453,18.2583
2026-01-27 04:20:00+00:00,0,normal,26.1993,7.6727,6.6828,11.1925,18.2542
2026-01-27 04:30:00+00:00,0,normal,26.2408,7.6828,6.6598,11.1233,18.2494
2026-01-27 04:40:00+00:00,0,normal,26.3081,7.6745,6.5824,11.3198,18.2515
2026-01-27 04:50:00+00:00,0,normal,26.3449,7.6794,6.5445,11.2814,18.2576
2026-01-27 05:00:00+00:00,0,normal,26.415,7.7058,6.4076,11.3195,18.278
2026-01-27 05:10:00+00:00,0,normal,26.4703,7.7526,6.3344,11.3619,18.2734
2026-01-27 05:20:00+00:00,0,normal,26.5013,7.7716,6.3085,11.3952,18.2791
2026-01-27 05:30:00+00:00,0,normal,26.4467,7.7931,6.3058,11.4217,18.2722
2026-01-27 05:40:00+00:00,0,normal,26.5457,7.8128,6.2006,11.2986,18.2606
2026-01-27 05:50:00+00:00,0,normal,26.5625,7.8218,6.2401,11.5026,18.2347
2026-01-27 06:00:00+00:00,0,normal,26.5618,7.8289,6.2333,11.1971,18.2345
2026-01-27 06:10:00+00:00,0,normal,26.6619,7.8214,6.183,11.1648,18.2051
2026-01-27 06:20:00+00:00,0,normal,26.8431,7.8109,6.0798,10.9654,18.208
2026-01-27 06:30:00+00:00,0,normal,26.8323,7.8197,6.1422,11.5904,18.2093
2026-01-27 06:40:00+00:00,0,normal,26.9321,7.8152,6.0702,11.6159,18.2161
2026-01-27 06:50:00+00:00,0,normal,27.0113,7.8189,6.0373,11.891,18.2097
2026-01-27 07:00:00+00:00,0,normal,27.0689,7.8188,5.9538,11.8309,18.2069
2026-01-27 07:10:00+00:00,0,normal,27.026,7.838,6.0291,11.9612,18.2077
2026-01-27 07:20:00+00:00,0,normal,27.0915,7.7976,6.022,11.4924,18.2113
2026-01-27 07:30:00+00:00,0,normal,27.1962,7.7989,5.971,11.2894,18.2137
2026-01-27 07:40:00+00:00,0,normal,27.2165,7.7878,5.935,11.05,18.2433
2026-01-27 07:50:00+00:00,0,normal,27.2118,7.7961,5.982,11.1648,18.2571
2026-01-27 08:00:00+00:00,0,normal,27.2079,7.7959,5.9031,11.0768,18.2563
2026-01-27 08:10:00+00:00,0,normal,27.2484,7.8087,5.81,10.8742,18.2452
2026-01-27 08:20:00+00:00,0,normal,27.1604,7.8122,5.8425,10.9015,18.2321
2026-01-27 08:30:00+00:00,0,normal,27.1613,7.8219,5.8844,10.8193,18.2099
2026-01-27 08:40:00+00:00,0,normal,27.1887,7.8376,5.7993,10.4746,18.2137
2026-01-27 08:50:00+00:00,0,normal,27.2611,7.8349,5.8426,10.2895,18.2145
2026-01-27 09:00:00+00:00,0,normal,27.2746,7.8379,5.8376,10.3539,18.2136
2026-01-27 09:10:00+00:00,0,normal,27.324,7.8192,5.8004,10.474,18.2304
2026-01-27 09:20:00+00:00,0,normal,27.3683,7.8226,5.7471,10.8621,18.2315
2026-01-27 09:30:00+00:00,0,normal,27.3609,7.8032,5.8471,11.0495,18.2223
2026-01-27 09:40:00+00:00,0,normal,27.4076,7.7941,5.7809,11.0715,18.2232
2026-01-27 09:50:00+00:00,0,normal,27.3319,7.7746,5.8539,11.0394,18.2087
2026-01-27 10:00:00+00:00,0,normal,27.3338,7.7721,5.8201,11.0189,18.2024
2026-01-27 10:10:00+00:00,0,normal,27.35,7.7562,5.7527,10.8311,18.1846
2026-01-27 10:20:00+00:00,0,normal,27.3357,7.7458,5.648,10.9144,18.1742
2026-01-27 10:30:00+00:00,0,normal,27.3126,7.7207,5.6258,11.0943,18.139
2026-01-27 10:40:00+00:00,0,normal,27.4122,7.7391,5.5588,11.0841,18.1426
2026-01-27 10:50:00+00:00,0,normal,27.4242,7.7268,5.588,11.0642,18.1364
2026-01-27 11:00:00+00:00,0,normal,27.3902,7.7241,5.6751,10.7971,18.1315
2026-01-27 11:10:00+00:00,0,normal,27.3732,7.7143,5.7917,10.4503,18.126
2026-01-27 11:20:00+00:00,0,normal,27.3861,7.7203,5.7984,10.5947,18.1352
2026-01-27 11:30:00+00:00,0,normal,27.3339,7.7128,5.7837,10.5565,18.1257
2026-01-27 11:40:00+00:00,0,normal,27.3242,7.7212,5.8203,10.512,18.0989
2026-01-27 11:50:00+00:00,0,normal,27.3291,7.7126,5.8057,10.3123,18.1023
2026-01-27 12:00:00+00:00,0,normal,27.3713,7.7048,5.7377,10.6819,18.1136
2026-01-27 12:10:00+00:00,0,normal,27.2942,7.6975,5.8038,10.558,18.1057
2026-01-27 12:20:00+00:00,0,normal,27.3281,7.6786,5.8318,10.3707,18.1043
2026-01-27 12:30:00+00:00,0,normal,27.3456,7.6695,5.7599,10.2573,18.1104
2026-01-27 12:40:00+00:00,0,normal,27.3058,7.6615,5.7043,10.5758,18.1011
2026-01-27 12:50:00+00:00,0,normal,27.2091,7.642,5.7391,10.2484,18.0841
2026-01-27 13:00:00+00:00,0,normal,27.1734,7.6354,5.7333,10.1573,18.0799
2026-01-27 13:10:00+00:00,0,normal,27.0932,7.6165,5.7688,10.4275,18.0764
2026-01-27 13:20:00+00:00,0,normal,27.0414,7.5833,5.8279,10.4818,18.0685
2026-01-27 13:30:00+00:00,0,normal,27.0122,7.5589,5.8341,10.2648,18.0542
2026-01-27 13:40:00+00:00,0,normal,26.9869,7.5559,5.7887,10.2752,18.0304
2026-01-27 13:50:00+00:00,0,normal,26.9154,7.5359,5.861,10.194,18.0096
2026-01-27 14:00:00+00:00,0,normal,26.8456,7.5173,5.873,10.0386,17.9972
2026-01-27 14:10:00+00:00,0,normal,26.8466,7.5292,5.8797,9.9657,18.0004
2026-01-27 14:20:00+00:00,0,normal,26.7851,7.5172,5.9554,10.0977,18.0017
2026-01-27 14:30:00+00:00,0,normal,26.701,7.4923,6.0438,10.0031,18.0109
2026-01-27 14:40:00+00:00,0,normal,26.7442,7.4741,5.9819,10.0961,18.0196
2026-01-27 14:50:00+00:00,0,normal,26.7394,7.4759,6.05,10.1844,18.0113
2026-01-27 15:00:00+00:00,0,normal,26.6324,7.4647,6.1114,10.2598,18.0192
2026-01-27 15:10:00+00:00,0,normal,26.5826,7.4548,6.1853,10.3299,18.0143
2026-01-27 15:20:00+00:00,0,normal,26.547,7.4444,6.2685,10.4919,18.0001
2026-01-27 15:30:00+00:00,0,normal,26.4369,7.4439,6.3728,10.3322,17.9938
2026-01-27 15:40:00+00:00,0,normal,26.324,7.4403,6.4314,10.1481,17.998
2026-01-27 15:50:00+00:00,0,normal,26.2468,7.412,6.4889,10.2583,17.9692
2026-01-27 16:00:00+00:00,0,normal,26.2089,7.3991,6.5437,10.2077,17.9752
2026-01-27 16:10:00+00:00,0,normal,26.2334,7.4128,6.5485,10.0562,17.9773
2026-01-27 16:20:00+00:00,0,normal,26.189,7.3906,6.6039,10.1208,17.9766
2026-01-27 16:30:00+00:00,0,normal,26.1012,7.3816,6.6031,10.0055,17.9662
2026-01-27 16:40:00+00:00,0,normal,26.0476,7.3974,6.6504,9.8661,17.9674
2026-01-27 16:50:00+00:00,0,normal,26.0825,7.3902,6.5468,9.8882,17.9682
2026-01-27 17:00:00+00:00,0,normal,25.9944,7.3646,6.6206,10.0164,17.9792
2026-01-27 17:10:00+00:00,0,normal,25.91,7.3754,6.6237,9.9225,17.9945
2026-01-27 17:20:00+00:00,0,normal,25.9637,7.3606,6.6284,10.2208,17.9864
2026-01-27 17:30:00+00:00,0,normal,25.8895,7.3161,6.6251,10.1925,17.9755
2026-01-27 17:40:00+00:00,0,normal,25.692,7.3027,6.7882,9.9724,17.9585
2026-01-27 17:50:00+00:00,0,normal,25.5991,7.301,6.7922,10.1745,17.9489
2026-01-27 18:00:00+00:00,0,normal,25.5834,7.2937,6.8922,10.1855,17.9246
2026-01-27 18:10:00+00:00,0,normal,25.4476,7.2771,7.0121,9.9906,17.9284
2026-01-27 18:20:00+00:00,0,normal,25.387,7.2897,7.0814,10.1621,17.9422
2026-01-27 18:30:00+00:00,0,normal,25.3914,7.2968,7.0412,10.5059,17.9586
2026-01-27 18:40:00+00:00,0,normal,25.3459,7.2874,7.0114,10.3418,17.9635
2026-01-27 18:50:00+00:00,0,normal,25.3149,7.2635,6.948,10.3228,17.9748
2026-01-27 19:00:00+00:00,0,normal,25.2982,7.2802,6.8989,10.3839,17.974
2026-01-27 19:10:00+00:00,0,normal,25.3264,7.281,6.9264,10.2033,17.9671
2026-01-27 19:20:00+00:00,0,normal,25.2463,7.2773,7.0245,10.2382,17.9669
2026-01-27 19:30:00+00:00,0,normal,25.2847,7.267,7.0927,10.4452,17.966
2026-01-27 19:40:00+00:00,0,normal,25.1752,7.2743,7.1575,10.6203,17.9706
2026-01-27 19:50:00+00:00,0,normal,25.1479,7.2669,7.229,10.8115,17.9847
2026-01-27 20:00:00+00:00,0,normal,25.1074,7.267,7.202,10.8568,17.9813
2026-01-27 20:10:00+00:00,0,normal,25.1822,7.2517,7.18,10.6478,17.9767
2026-01-27 20:20:00+00:00,0,normal,25.1086,7.2409,7.25,10.3615,17.9673
2026-01-27 20:30:00+00:00,0,normal,25.1671,7.2608,7.2515,10.4005,17.9649
2026-01-27 20:40:00+00:00,0,normal,25.1856,7.262,7.2614,10.4502,17.9676
2026-01-27 20:50:00+00:00,0,normal,25.1143,7.2728,7.2851,10.4396,17.985
2026-01-27 21:00:00+00:00,0,normal,25.0197,7.2904,7.2737,10.6891,17.9851
2026-01-27 21:10:00+00:00,0,normal,24.9499,7.3176,7.2972,10.835,17.9927
2026-01-27 21:20:00+00:00,0,normal,24.8711,7.3012,7.3857,10.8321,18.0005
2026-01-27 21:30:00+00:00,0,normal,24.8748,7.3082,7.3686,10.7324,17.9825
2026-01-27 21:40:00+00:00,0,normal,24.8635,7.3149,7.5115,10.9483,17.9825
2026-01-27 21:50:00+00:00,0,normal,24.8872,7.3138,7.5255,10.8958,17.9793
2026-01-27 22:00:00+00:00,0,normal,24.8808,7.3308,7.5008,10.9557,17.9781
2026-01-27 22:10:00+00:00,0,normal,24.9368,7.329,7.45,10.9789,17.9627
2026-01-27 22:20:00+00:00,0,normal,24.9064,7.3148,7.4898,10.8964,17.9611
2026-01-27 22:30:00+00:00,0,normal,25.0015,7.3222,7.3615,10.5386,17.9626
2026-01-27 22:40:00+00:00,0,normal,25.0081,7.3213,7.3728,10.4498,17.9664
2026-01-27 22:50:00+00:00,0,normal,25.1082,7.3347,7.3698,10.4585,17.9633
2026-01-27 23:00:00+00:00,0,normal,25.0815,7.3664,7.3827,10.532,17.9719
2026-01-27 23:10:00+00:00,0,normal,25.1145,7.4045,7.3418,10.668,17.9809
2026-01-27 23:20:00+00:00,0,normal,25.0443,7.408,7.4083,10.8849,17.9538
2026-01-27 23:30:00+00:00,0,normal,25.0358,7.4148,7.4406,10.6417,17.9501
2026-01-27 23:40:00+00:00,0,normal,25.0022,7.3882,7.4299,10.7433,17.9424
2026-01-27 23:50:00+00:00,0,normal,25.0257,7.3993,7.4068,10.7298,17.9429
2026-01-28 00:00:00+00:00,0,normal,25.0046,7.3793,7.3982,10.8586,17.9618
2026-01-28 00:10:00+00:00,0,normal,25.0158,7.395,7.3439,10.934,17.973
2026-01-28 00:20:00+00:00,0,normal,24.9753,7.4164,7.3457,11.4046,17.9833
2026-01-28 00:30:00+00:00,0,normal,24.9776,7.44,7.3453,11.3058,17.9917
2026-01-28 00:40:00+00:00,0,normal,25.0591,7.4439,7.248,11.2971,17.9909
2026-01-28 00:50:00+00:00,0,normal,25.0801,7.472,7.2887,11.2525,17.9703
2026-01-28 01:00:00+00:00,0,normal,25.1183,7.4673,7.2946,11.3398,17.9831
2026-01-28 01:10:00+00:00,0,normal,25.3053,7.493,7.184,11.2765,17.9895
2026-01-28 01:20:00+00:00,0,normal,25.3605,7.5185,7.2015,11.4058,17.9984
2026-01-28 01:30:00+00:00,0,normal,25.3911,7.5271,7.2402,11.4553,18.0048
2026-01-28 01:40:00+00:00,0,normal,25.515,7.5333,7.1014,11.4223,18.0188
2026-01-28 01:50:00+00:00,0,normal,25.6328,7.5623,7.0875,11.4626,18.0122
2026-01-28 02:00:00+00:00,0,normal,25.5596,7.5372,7.1887,11.2456,18.013
2026-01-28 02:10:00+00:00,0,normal,25.6215,7.5412,7.069,11.1359,18.0077
2026-01-28 02:20:00+00:00,0,normal,25.6003,7.5549,7.0563,11.2925,17.9897
2026-01-28 02:30:00+00:00,0,normal,25.7149,7.5679,7.0204,11.2499,17.9775
2026-01-28 02:40:00+00:00,0,normal,25.6844,7.5726,6.912,11.1514,17.9861
2026-01-28 02:50:00+00:00,0,normal,25.7531,7.6031,6.8354,11.4965,17.9715
2026-01-28 03:00:00+00:00,0,normal,25.7765,7.6043,6.8683,11.5591,17.9776
2026-01-28 03:10:00+00:00,0,normal,25.8341,7.6181,6.8604,11.2985,17.9902
2026-01-28 03:20:00+00:00,0,normal,25.8486,7.6251,6.8564,11.5095,18.0005
2026-01-28 03:30:00+00:00,0,normal,26.0476,7.6426,6.842,11.4905,18.005
2026-01-28 03:40:00+00:00,0,normal,26.123,7.637,6.747,11.3167,18.0224
2026-01-28 03:50:00+00:00,0,normal,26.1681,7.6547,6.7435,11.1149,18.0129
2026-01-28 04:00:00+00:00,0,normal,26.1969,7.6557,6.6704,11.1937,18.0233
2026-01-28 04:10:00+00:00,0,normal,26.1949,7.668,6.6349,11.137,18.0232
2026-01-28 04:20:00+00:00,0,normal,26.1519,7.6688,6.5917,11.1205,18.002
2026-01-28 04:30:00+00:00,0,normal,26.201,7.6954,6.5701,11.0018,17.9922
2026-01-28 04:40:00+00:00,0,normal,26.3118,7.7145,6.4401,11.1637,18.0169
2026-01-28 04:50:00+00:00,0,normal,26.4616,7.733,6.3737,11.1059,18.0011
2026-01-28 05:00:00+00:00,0,normal,26.5366,7.7518,6.3497,10.9977,17.9964
2026-01-28 05:10:00+00:00,0,normal,26.5907,7.7593,6.3022,10.982,17.9918
2026-01-28 05:20:00+00:00,0,normal,26.628,7.7631,6.2962,11.2989,17.9851
2026-01-28 05:30:00+00:00,0,normal,26.6968,7.7593,6.2211,11.3768,17.9685
2026-01-28 05:40:00+00:00,0,normal,26.7351,7.7631,6.2196,11.2439,17.9914
2026-01-28 05:50:00+00:00,0,normal,26.8066,7.7654,6.191,11.2696,17.9834
2026-01-28 06:00:00+00:00,0,normal,26.8966,7.7812,6.1611,11.3111,18.0047
2026-01-28 06:10:00+00:00,0,normal,26.9341,7.7917,6.1033,11.2474,18.0064
2026-01-28 06:20:00+00:00,0,normal,26.9065,7.7996,6.1467,11.1841,18.023
2026-01-28 06:30:00+00:00,0,normal,26.9255,7.7884,6.0721,11.3415,18.0045
2026-01-28 06:40:00+00:00,0,normal,26.9008,7.7996,6.0478,11.524,18.01
2026-01-28 06:50:00+00:00,0,normal,26.9434,7.7884,6.01,11.3954,18.0064
2026-01-28 07:00:00+00:00,0,normal,27.0496,7.785,6.0528,11.3356,18.0053
2026-01-28 07:10:00+00:00,0,normal,27.1816,7.8042,5.93,11.3429,17.9907
2026-01-28 07:20:00+00:00,0,normal,27.2621,7.8278,5.8234,11.2904,17.9912
2026-01-28 07:30:00+00:00,0,normal,27.3451,7.8325,5.7515,10.9958,17.9752
2026-01-28 07:40:00+00:00,0,normal,27.3966,7.8443,5.6658,11.2438,17.9689
2026-01-28 07:50:00+00:00,0,normal,27.4346,7.8542,5.5295,11.1876,17.9656
2026-01-28 08:00:00+00:00,0,normal,27.4292,7.8356,5.5187,11.2265,17.9469
2026-01-28 08:10:00+00:00,0,normal,27.498,7.8384,5.5328,11.3587,17.9408
2026-01-28 08:20:00+00:00,0,normal,27.5223,7.8392,5.4978,11.4463,17.9337
2026-01-28 08:30:00+00:00,0,normal,27.4938,7.8308,5.587,11.1585,17.9273
2026-01-28 08:40:00+00:00,0,normal,27.4702,7.8465,5.6104,10.9123,17.9249
2026-01-28 08:50:00+00:00,0,normal,27.5143,7.8465,5.6574,10.993,17.9359
2026-01-28 09:00:00+00:00,0,normal,27.5246,7.824,5.6748,10.8951,17.9353
2026-01-28 09:10:00+00:00,0,normal,27.5355,7.7951,5.7261,10.843,17.9394
2026-01-28 09:20:00+00:00,0,normal,27.608,7.7799,5.6452,11.1348,17.9194
2026-01-28 09:30:00+00:00,0,normal,27.5794,7.7516,5.7045,11.167,17.9171
2026-01-28 09:40:00+00:00,0,normal,27.5619,7.7455,5.6874,10.6963,17.9074
2026-01-28 09:50:00+00:00,0,normal,27.5235,7.7569,5.6736,10.4502,17.9007
2026-01-28 10:00:00+00:00,0,normal,27.5042,7.7656,5.668,10.3591,17.9189
2026-01-28 10:10:00+00:00,0,normal,27.5457,7.7845,5.6554,10.1495,17.9127
2026-01-28 10:20:00+00:00,0,normal,27.6146,7.7858,5.5629,10.3957,17.9154
2026-01-28 10:30:00+00:00,0,normal,27.5999,7.7807,5.5549,10.7422,17.9016
2026-01-28 10:40:00+00:00,0,normal,27.5979,7.7624,5.6027,10.6358,17.8994
2026-01-28 10:50:00+00:00,0,normal,27.5452,7.7656,5.5379,10.9787,17.8789
2026-01-28 11:00:00+00:00,0,normal,27.423,7.7307,5.5813,10.8972,17.885
2026-01-28 11:10:00+00:00,0,normal,27.4493,7.7266,5.5973,10.856,17.8499
2026-01-28 11:20:00+00:00,0,normal,27.4276,7.7158,5.6126,10.8004,17.8436
2026-01-28 11:30:00+00:00,0,normal,27.3809,7.7176,5.5752,11.0602,17.835
2026-01-28 11:40:00+00:00,0,normal,27.4819,7.7012,5.5225,10.7039,17.8329
2026-01-28 11:50:00+00:00,0,normal,27.537,7.7093,5.5652,10.6049,17.8392
2026-01-28 12:00:00+00:00,0,normal,27.4976,7.6934,5.5585,10.3069,17.8412
2026-01-28 12:10:00+00:00,0,normal,27.4792,7.6978,5.6112,10.2077,17.8486
2026-01-28 12:20:00+00:00,0,normal,27.4736,7.6814,5.6796,10.0342,17.8396
2026-01-28 12:30:00+00:00,0,normal,27.3687,7.6849,5.7831,10.2218,17.8367
2026-01-28 12:40:00+00:00,0,normal,27.2539,7.6722,5.707,10.3358,17.8274
2026-01-28 12:50:00+00:00,0,normal,27.165,7.661,5.7452,10.6892,17.824
2026-01-28 13:00:00+00:00,0,normal,27.1246,7.6356,5.7209,10.6419,17.8143
2026-01-28 13:10:00+00:00,0,normal,27.0597,7.6279,5.747,10.7126,17.8126
2026-01-28 13:20:00+00:00,0,normal,26.9943,7.592,5.7747,10.5801,17.8087
2026-01-28 13:30:00+00:00,0,normal,26.9985,7.5815,5.867,10.5255,17.8125
2026-01-28 13:40:00+00:00,0,normal,27.0034,7.572,5.8941,10.3877,17.8059
2026-01-28 13:50:00+00:00,0,normal,27.0442,7.5687,5.9174,10.58,17.7881
2026-01-28 14:00:00+00:00,0,normal,27.0134,7.5557,5.9173,10.7529,17.7906
2026-01-28 14:10:00+00:00,0,normal,27.0351,7.5562,5.9674,10.826,17.767
2026-01-28 14:20:00+00:00,0,normal,26.9919,7.5442,6.0016,10.9333,17.758
2026-01-28 14:30:00+00:00,0,normal,26.9267,7.5456,6.0652,10.7557,17.7508
2026-01-28 14:40:00+00:00,0,normal,26.8437,7.5331,6.0573,10.7137,17.751
2026-01-28 14:50:00+00:00,0,normal,26.8461,7.5444,5.9798,10.6613,17.7342
2026-01-28 15:00:00+00:00,0,normal,26.7968,7.5298,5.9931,10.436,17.7282
2026-01-28 15:10:00+00:00,0,normal,26.7252,7.5252,6.0222,10.2858,17.7059
2026-01-28 15:20:00+00:00,0,normal,26.6697,7.4931,5.9958,10.3308,17.6948
2026-01-28 15:30:00+00:00,0,normal,26.5413,7.4871,6.0462,10.3235,17.7024
2026-01-28 15:40:00+00:00,0,normal,26.4317,7.4435,6.1901,10.2565,17.699
2026-01-28 15:50:00+00:00,0,normal,26.3444,7.4348,6.2481,10.3216,17.7084
2026-01-28 16:00:00+00:00,0,normal,26.2598,7.4118,6.3115,10.3571,17.7128
2026-01-28 16:10:00+00:00,0,normal,26.2351,7.4136,6.3011,10.3282,17.7241
2026-01-28 16:20:00+00:00,0,normal,26.274,7.3936,6.2898,10.0789,17.7103
2026-01-28 16:30:00+00:00,0,normal,26.2169,7.383,6.3852,10.1556,17.7157
2026-01-28 16:40:00+00:00,0,normal,26.1963,7.3687,6.4069,10.0474,17.6965
2026-01-28 16:50:00+00:00,0,normal,26.1467,7.3761,6.4414,10.0765,17.6811
2026-01-28 17:00:00+00:00,0,normal,26.0674,7.3662,6.5232,10.0755,17.6906
2026-01-28 17:10:00+00:00,0,normal,25.9474,7.345,6.6491,10.294,17.6946
2026-01-28 17:20:00+00:00,0,normal,25.9504,7.3567,6.6144,10.1761,17.6652
2026-01-28 17:30:00+00:00,0,normal,25.865,7.3418,6.6548,10.1855,17.6815
2026-01-28 17:40:00+00:00,0,normal,25.8887,7.3312,6.6119,10.296,17.6778
2026-01-28 17:50:00+00:00,0,normal,25.8418,7.3253,6.663,10.2602,17.6752
2026-01-28 18:00:00+00:00,0,normal,25.7952,7.3362,6.7622,10.204,17.6791
2026-01-28 18:10:00+00:00,0,normal,25.6815,7.3338,6.8297,10.3937,17.7143
2026-01-28 18:20:00+00:00,0,normal,25.6692,7.3306,6.8946,10.4369,17.7071
2026-01-28 18:30:00+00:00,0,normal,25.6205,7.3242,6.9715,10.3304,17.7089
2026-01-28 18:40:00+00:00,0,normal,25.596,7.327,7.0143,10.3885,17.691
2026-01-28 18:50:00+00:00,0,normal,25.6582,7.3168,6.9158,10.4013,17.6768
2026-01-28 19:00:00+00:00,0,normal,25.7146,7.2947,6.9573,10.2698,17.6603
2026-01-28 19:10:00+00:00,0,normal,25.6557,7.2955,6.984,10.4683,17.6456
2026-01-28 19:20:00+00:00,0,normal,25.5751,7.2882,7.0147,10.4291,17.6557
2026-01-28 19:30:00+00:00,0,normal,25.5469,7.2625,7.0373,10.635,17.6508
2026-01-28 19:40:00+00:00,0,normal,25.4027,7.2662,7.1703,10.8161,17.6503
2026-01-28 19:50:00+00:00,0,normal,25.3616,7.2587,7.0667,10.8715,17.659
2026-01-28 20:00:00+00:00,0,normal,25.3561,7.2736,7.0783,10.7035,17.6842
2026-01-28 20:10:00+00:00,0,normal,25.3492,7.2764,7.1346,10.7881,17.6907
2026-01-28 20:20:00+00:00,0,normal,25.3314,7.3072,7.1415,10.6554,17.7056
2026-01-28 20:30:00+00:00,0,normal,25.4001,7.3139,7.0901,10.6956,17.708
2026-01-28 20:40:00+00:00,0,normal,25.3429,7.3236,7.2324,10.6782,17.6954
2026-01-28 20:50:00+00:00,0,normal,25.3067,7.306,7.2084,10.9397,17.6726
2026-01-28 21:00:00+00:00,0,normal,25.3349,7.3083,7.2133,10.9794,17.6555
2026-01-28 21:10:00+00:00,0,normal,25.3303,7.2944,7.2564,11.0213,17.6515
2026-01-28 21:20:00+00:00,0,normal,25.2444,7.299,7.2931,10.8108,17.6445
2026-01-28 21:30:00+00:00,0,normal,25.2284,7.2971,7.2942,10.8171,17.652
2026-01-28 21:40:00+00:00,0,normal,25.2318,7.3276,7.3605,10.7866,17.6666
2026-01-28 21:50:00+00:00,0,normal,25.1852,7.3398,7.4343,10.7179,17.676
2026-01-28 22:00:00+00:00,0,normal,25.0985,7.3396,7.4888,10.8424,17.6705
2026-01-28 22:10:00+00:00,0,normal,25.0539,7.3488,7.5441,11.0639,17.6857
2026-01-28 22:20:00+00:00,0,normal,25.0236,7.3549,7.5643,11.0515,17.6869
2026-01-28 22:30:00+00:00,0,normal,24.986,7.3432,7.6225,11.1104,17.6807
2026-01-28 22:40:00+00:00,0,normal,24.9563,7.3257,7.5173,11.3298,17.68
2026-01-28 22:50:00+00:00,0,normal,25.0369,7.3553,7.4065,11.3435,17.6851
2026-01-28 23:00:00+00:00,0,normal,25.0976,7.3348,7.3584,11.1385,17.6854
2026-01-28 23:10:00+00:00,0,normal,25.1502,7.3392,7.3493,11.2137,17.6836
2026-01-28 23:20:00+00:00,0,normal,25.1567,7.3399,7.2025,11.0904,17.6921
2026-01-28 23:30:00+00:00,0,normal,25.1814,7.3727,7.2368,11.2276,17.7047
2026-01-28 23:40:00+00:00,0,normal,25.2001,7.374,7.2763,11.1531,17.7067
2026-01-28 23:50:00+00:00,0,normal,25.2502,7.401,7.2698,11.2247,17.6929
2026-01-29 00:00:00+00:00,0,normal,25.2418,7.4315,7.2632,11.1328,18.2537
2026-01-29 00:10:00+00:00,0,normal,25.3185,7.4489,7.2487,11.06,18.265
2026-01-29 00:20:00+00:00,0,normal,25.4433,7.4561,7.1525,10.775,18.2478
2026-01-29 00:30:00+00:00,0,normal,25.4525,7.472,7.1233,10.8356,18.2522
2026-01-29 00:40:00+00:00,0,normal,25.439,7.4773,7.1238,10.7182,18.278
2026-01-29 00:50:00+00:00,0,normal,25.4937,7.4734,7.0908,10.7896,18.2648
2026-01-29 01:00:00+00:00,0,normal,25.5279,7.4899,7.1064,10.7095,18.2644
2026-01-29 01:10:00+00:00,0,normal,25.4817,7.5,7.1595,10.956,18.2882
2026-01-29 01:20:00+00:00,0,normal,25.5214,7.4976,7.1254,10.9442,18.2904
2026-01-29 01:30:00+00:00,0,normal,25.5361,7.5192,7.1522,11.1504,18.2993
2026-01-29 01:40:00+00:00,0,normal,25.551,7.5347,7.1428,11.1184,18.3092
2026-01-29 01:50:00+00:00,0,normal,25.5871,7.543,7.1619,11.4647,18.3044
2026-01-29 02:00:00+00:00,0,normal,25.6328,7.5515,7.1704,11.4887,18.294
2026-01-29 02:10:00+00:00,0,normal,25.661,7.564,7.2134,11.4964,18.2923
2026-01-29 02:20:00+00:00,0,normal,25.7552,7.5836,7.0947,11.4207,18.2689
2026-01-29 02:30:00+00:00,0,normal,25.8418,7.6024,7.0192,11.6115,18.2539
2026-01-29 02:40:00+00:00,0,normal,25.93,7.6122,6.9831,11.5738,18.2457
2026-01-29 02:50:00+00:00,0,normal,25.9841,7.6254,6.9029,11.5125,18.2467
2026-01-29 03:00:00+00:00,0,normal,26.0715,7.6452,6.7938,11.5854,18.2549
2026-01-29 03:10:00+00:00,0,normal,26.1116,7.6485,6.8245,11.7504,18.2635
2026-01-29 03:20:00+00:00,0,normal,26.184,7.6639,6.7541,11.6187,18.2754
2026-01-29 03:30:00+00:00,0,normal,26.22,7.6634,6.6274,11.6424,18.3029
2026-01-29 03:40:00+00:00,0,normal,26.3096,7.6489,6.6035,11.4999,18.3194
2026-01-29 03:50:00+00:00,0,normal,26.3762,7.6627,6.5595,11.1529,18.304
2026-01-29 04:00:00+00:00,0,normal,26.4724,7.6722,6.4522,10.997,18.3073
2026-01-29 04:10:00+00:00,0,normal,26.5038,7.6747,6.5115,11.0123,18.2949
2026-01-29 04:20:00+00:00,0,normal,26.5547,7.7042,6.4852,10.9375,18.2778
2026-01-29 04:30:00+00:00,0,normal,26.6174,7.7541,6.4087,11.0776,18.2498
2026-01-29 04:40:00+00:00,0,normal,26.6236,7.7624,6.4621,11.3718,18.2519
2026-01-29 04:50:00+00:00,0,normal,26.6348,7.774,6.45,11.6395,18.2504
2026-01-29 05:00:00+00:00,0,normal,26.6996,7.7755,6.3415,11.6376,18.2561
2026-01-29 05:10:00+00:00,0,normal,26.7599,7.7712,6.4194,11.3862,18.2429
2026-01-29 05:20:00+00:00,0,normal,26.7455,7.7371,6.4094,11.3175,18.2478
2026-01-29 05:30:00+00:00,0,normal,26.8192,7.7388,6.326,11.2282,18.2434
2026-01-29 05:40:00+00:00,0,normal,26.8905,7.7483,6.3094,10.8786,18.24
2026-01-29 05:50:00+00:00,0,normal,26.8554,7.7696,6.348,10.8936,18.2532
2026-01-29 06:00:00+00:00,0,normal,26.8828,7.7878,6.2868,11.015,18.2593
2026-01-29 06:10:00+00:00,0,normal,26.9559,7.8151,6.213,10.8971,18.2728
2026-01-29 06:20:00+00:00,0,normal,27.0008,7.8097,6.2048,11.1117,18.274
2026-01-29 06:30:00+00:00,0,normal,27.1019,7.8001,6.097,11.231,18.2671
2026-01-29 06:40:00+00:00,0,normal,27.1832,7.7943,5.9905,11.22,18.2699
2026-01-29 06:50:00+00:00,0,normal,27.2054,7.7825,5.9316,11.4665,18.2675
2026-01-29 07:00:00+00:00,0,normal,27.1594,7.7989,5.9744,11.4932,18.2651
2026-01-29 07:10:00+00:00,0,normal,27.1887,7.7948,5.9685,11.1734,18.2609
2026-01-29 07:20:00+00:00,0,normal,27.1626,7.7999,5.9747,10.9962,18.2586
2026-01-29 07:30:00+00:00,0,normal,27.2254,7.7873,5.9324,10.9982,18.2316
2026-01-29 07:40:00+00:00,0,normal,27.3306,7.8039,5.8327,10.6228,18.2305
2026-01-29 07:50:00+00:00,0,normal,27.4894,7.7955,5.7406,10.5067,18.2196
2026-01-29 08:00:00+00:00,0,normal,27.5413,7.8056,5.6028,10.5799,18.2293
2026-01-29 08:10:00+00:00,0,normal,27.572,7.7991,5.543,10.8296,18.2205
2026-01-29 08:20:00+00:00,0,normal,27.655,7.8189,5.5118,10.9592,18.2229
2026-01-29 08:30:00+00:00,0,normal,27.6401,7.8084,5.5279,11.1907,18.229
2026-01-29 08:40:00+00:00,0,normal,27.6031,7.8027,5.5605,11.2971,18.2119
2026-01-29 08:50:00+00:00,0,normal,27.5598,7.8184,5.5913,11.2537,18.1786
2026-01-29 09:00:00+00:00,0,normal,27.5764,7.8257,5.5194,11.1491,18.1736
2026-01-29 09:10:00+00:00,0,normal,27.5834,7.8271,5.4625,11.1798,18.1762
2026-01-29 09:20:00+00:00,0,normal,27.6806,7.8285,5.4237,11.0994,18.1617
2026-01-29 09:30:00+00:00,0,normal,27.7245,7.8203,5.3551,11.0254,18.1593
2026-01-29 09:40:00+00:00,0,normal,27.7686,7.7997,5.313,11.047,18.1775
2026-01-29 09:50:00+00:00,0,normal,27.7493,7.8145,5.4584,10.951,18.1753
2026-01-29 10:00:00+00:00,0,normal,27.7472,7.8014,5.5352,10.7914,18.1508
2026-01-29 10:10:00+00:00,0,normal,27.6044,7.7957,5.5956,10.6678,18.142
2026-01-29 10:20:00+00:00,0,normal,27.6224,7.7899,5.6102,10.7394,18.1523
2026-01-29 10:30:00+00:00,0,normal,27.6774,7.7615,5.6132,10.7953,18.1441
2026-01-29 10:40:00+00:00,0,normal,27.7314,7.7277,5.4835,10.8387,18.1286
2026-01-29 10:50:00+00:00,0,normal,27.6969,7.7428,5.5044,10.6352,18.153
2026-01-29 11:00:00+00:00,0,normal,27.7717,7.7412,5.4983,10.6793,18.1418
2026-01-29 11:10:00+00:00,0,normal,27.7466,7.7545,5.4389,10.5535,18.1332
2026-01-29 11:20:00+00:00,0,normal,27.6754,7.7646,5.4879,10.46,18.1379
2026-01-29 11:30:00+00:00,0,normal,27.7104,7.7441,5.5239,10.3262,18.1499
2026-01-29 11:40:00+00:00,0,normal,27.6874,7.7032,5.4929,10.5603,18.1269
2026-01-29 11:50:00+00:00,0,normal,27.6745,7.6922,5.5411,10.5755,18.1141
2026-01-29 12:00:00+00:00,0,normal,27.5587,7.665,5.7244,10.4342,18.1159
2026-01-29 12:10:00+00:00,0,normal,27.6079,7.6616,5.6861,10.2752,18.0925
2026-01-29 12:20:00+00:00,0,normal,27.5674,7.6669,5.6911,10.4608,18.0921
2026-01-29 12:30:00+00:00,0,normal,27.5523,7.6754,5.7024,10.2846,18.0988
2026-01-29 12:40:00+00:00,0,normal,27.5137,7.6561,5.639,10.2021,18.0988
2026-01-29 12:50:00+00:00,0,normal,27.5882,7.651,5.5178,10.4858,18.0718
2026-01-29 13:00:00+00:00,0,normal,27.4846,7.6382,5.6004,10.5977,18.0734
2026-01-29 13:10:00+00:00,0,normal,27.4151,7.6267,5.7096,10.3167,18.0677
2026-01-29 13:20:00+00:00,0,normal,27.3469,7.5973,5.8093,10.1962,18.0471
2026-01-29 13:30:00+00:00,0,normal,27.2653,7.5843,5.9,10.2927,18.0538
2026-01-29 13:40:00+00:00,0,normal,27.2446,7.5878,5.8709,10.3771,18.0553
2026-01-29 13:50:00+00:00,0,normal,27.2602,7.5872,5.7972,10.4724,18.0608
2026-01-29 14:00:00+00:00,0,normal,27.1711,7.5857,5.8194,10.5489,18.0419
2026-01-29 14:10:00+00:00,0,normal,27.1284,7.5749,5.8516,10.6359,18.0359
2026-01-29 14:20:00+00:00,0,normal,27.0806,7.554,5.8769,10.5611,18.0209
2026-01-29 14:30:00+00:00,0,normal,27.0188,7.5346,5.9839,10.1055,18.0112
2026-01-29 14:40:00+00:00,0,normal,26.899,7.5175,6.1536,10.0065,18.009
2026-01-29 14:50:00+00:00,0,normal,26.8877,7.4999,6.1609,10.1045,18.007
2026-01-29 15:00:00+00:00,0,normal,26.8906,7.4948,6.1566,10.3172,18.0005
2026-01-29 15:10:00+00:00,0,normal,26.8594,7.4842,6.1065,10.4256,17.9904
2026-01-29 15:20:00+00:00,0,normal,26.8176,7.4714,6.1596,10.8549,17.9933
2026-01-29 15:30:00+00:00,0,normal,26.7903,7.4641,6.199,11.033,17.9723
2026-01-29 15:40:00+00:00,0,normal,26.717,7.4449,6.2392,11.119,17.9624
2026-01-29 15:50:00+00:00,0,normal,26.6018,7.4276,6.3,10.9247,17.9602
2026-01-29 16:00:00+00:00,0,normal,26.5883,7.4434,6.3809,10.8415,17.9726
2026-01-29 16:10:00+00:00,0,normal,26.4709,7.4165,6.4416,10.4455,17.961
2026-01-29 16:20:00+00:00,0,normal,26.4409,7.413,6.4579,10.276,17.9622
2026-01-29 16:30:00+00:00,0,normal,26.3926,7.4088,6.4564,10.1869,17.9759
2026-01-29 16:40:00+00:00,0,normal,26.3367,7.4027,6.4419,10.1559,17.9747
2026-01-29 16:50:00+00:00,0,normal,26.2252,7.3799,6.4915,9.9525,17.961
2026-01-29 17:00:00+00:00,0,normal,26.25,7.3774,6.4922,10.3155,17.9781
2026-01-29 17:10:00+00:00,0,normal,26.1926,7.3629,6.4371,10.352,17.9773
2026-01-29 17:20:00+00:00,0,normal,26.1074,7.3622,6.5359,10.4862,17.9652
2026-01-29 17:30:00+00:00,0,normal,26.1055,7.3704,6.5709,10.6071,17.9724
2026-01-29 17:40:00+00:00,0,normal,26.0722,7.3653,6.6436,10.9364,17.9789
2026-01-29 17:50:00+00:00,0,normal,26.0977,7.3616,6.5779,10.9003,17.9679
2026-01-29 18:00:00+00:00,0,normal,26.0526,7.3452,6.6921,10.792,17.9526
2026-01-29 18:10:00+00:00,0,normal,26.0282,7.3287,6.7371,10.5587,17.9448
2026-01-29 18:20:00+00:00,0,normal,26.0225,7.3286,6.7732,10.4428,17.9552
2026-01-29 18:30:00+00:00,0,normal,25.9169,7.328,6.8094,10.1997,17.945
2026-01-29 18:40:00+00:00,0,normal,25.7527,7.3207,6.9942,10.2805,17.9436
2026-01-29 18:50:00+00:00,0,normal,25.7724,7.3115,7.0119,10.3752,17.9722
2026-01-29 19:00:00+00:00,0,normal,25.7416,7.3261,7.0133,10.498,17.9849
2026-01-29 19:10:00+00:00,0,normal,25.5894,7.3054,7.1013,10.4156,17.9698
2026-01-29 19:20:00+00:00,0,normal,25.6043,7.2953,7.1591,10.6296,17.9712
2026-01-29 19:30:00+00:00,0,normal,25.618,7.3104,7.1617,10.4088,17.9643
2026-01-29 19:40:00+00:00,0,normal,25.5262,7.3097,7.1495,10.5618,17.9453
2026-01-29 19:50:00+00:00,0,normal,25.4686,7.2907,7.2113,10.4555,17.9418
2026-01-29 20:00:00+00:00,0,normal,25.4766,7.2887,7.1956,10.7687,17.9504
2026-01-29 20:10:00+00:00,0,normal,25.443,7.2778,7.1697,10.8029,17.9586
2026-01-29 20:20:00+00:00,0,normal,25.378,7.2652,7.1888,10.818,17.9591
2026-01-29 20:30:00+00:00,0,normal,25.3891,7.2657,7.2499,10.8569,17.9612
2026-01-29 20:40:00+00:00,0,normal,25.4358,7.2684,7.2531,11.0809,17.9631
2026-01-29 20:50:00+00:00,0,normal,25.4576,7.2683,7.2564,11.0107,17.9551
2026-01-29 21:00:00+00:00,0,normal,25.4128,7.276,7.3394,10.8208,17.9523
2026-01-29 21:10:00+00:00,0,normal,25.3373,7.2656,7.3836,10.9832,17.9479
2026-01-29 21:20:00+00:00,0,normal,25.2959,7.2768,7.4235,10.8579,17.9592
2026-01-29 21:30:00+00:00,0,normal,25.1994,7.2803,7.4246,10.7606,17.953
2026-01-29 21:40:00+00:00,0,normal,25.1671,7.2904,7.4288,10.7387,17.9531
2026-01-29 21:50:00+00:00,0,normal,25.2206,7.3248,7.4155,10.8686,17.9502
2026-01-29 22:00:00+00:00,0,normal,25.2243,7.3367,7.3943,10.7093,17.9551
2026-01-29 22:10:00+00:00,0,normal,25.1676,7.3431,7.3586,10.5593,17.951
2026-01-29 22:20:00+00:00,0,normal,25.2143,7.3596,7.2939,10.3885,17.9432
2026-01-29 22:30:00+00:00,0,normal,25.2446,7.3667,7.339,10.4372,17.9318
2026-01-29 22:40:00+00:00,0,normal,25.2783,7.3565,7.3122,10.1977,17.9528
2026-01-29 22:50:00+00:00,0,normal,25.3499,7.3689,7.3115,10.3965,17.9679
2026-01-29 23:00:00+00:00,0,normal,25.4006,7.3752,7.2785,10.6423,17.9686
2026-01-29 23:10:00+00:00,0,normal,25.3906,7.3707,7.3232,10.8215,17.9719
2026-01-29 23:20:00+00:00,0,normal,25.3497,7.3727,7.2913,10.9244,17.9858
2026-01-29 23:30:00+00:00,0,normal,25.3111,7.3766,7.2268,11.185,17.9731
2026-01-29 23:40:00+00:00,0,normal,25.3243,7.3677,7.1914,11.1733,17.9633
2026-01-29 23:50:00+00:00,0,normal,25.3563,7.3895,7.2219,10.924,17.9603
2026-01-30 00:00:00+00:00,0,normal,25.3322,7.4218,7.2108,10.732,17.9587
2026-01-30 00:10:00+00:00,0,normal,25.3692,7.4386,7.2091,10.614,17.9396
2026-01-30 00:20:00+00:00,0,normal,25.4598,7.458,7.1393,10.7094,17.9445
2026-01-30 00:30:00+00:00,0,normal,25.4788,7.4956,7.195,10.7876,17.9515
2026-01-30 00:40:00+00:00,0,normal,25.4485,7.478,7.1747,11.0026,17.9561
2026-01-30 00:50:00+00:00,0,normal,25.6436,7.4861,7.126,11.2947,17.9775
2026-01-30 01:00:00+00:00,0,normal,25.7074,7.4934,7.0867,11.4248,18.0022
2026-01-30 01:10:00+00:00,0,normal,25.7162,7.518,7.1451,11.3812,18.0143
2026-01-30 01:20:00+00:00,0,normal,25.7677,7.5187,7.0236,11.3575,18.0249
2026-01-30 01:30:00+00:00,0,normal,25.8472,7.5524,6.9669,11.2683,18.0245
2026-01-30 01:40:00+00:00,0,normal,25.7794,7.5486,6.9377,11.0736,18.0202
2026-01-30 01:50:00+00:00,0,normal,25.9014,7.5879,6.8669,10.9422,18.0189
2026-01-30 02:00:00+00:00,0,normal,25.9697,7.5756,6.8551,11.0544,17.9929
2026-01-30 02:10:00+00:00,0,normal,26.0323,7.6004,6.8661,10.9236,17.9916
2026-01-30 02:20:00+00:00,0,normal,26.1148,7.6115,6.8128,11.1305,17.9973
2026-01-30 02:30:00+00:00,0,normal,26.1545,7.628,6.8097,11.2099,17.9819
2026-01-30 02:40:00+00:00,0,normal,26.1748,7.6206,6.7853,11.2138,17.9946
2026-01-30 02:50:00+00:00,0,normal,26.1599,7.6276,6.7264,11.1635,18.0053
2026-01-30 03:00:00+00:00,0,normal,26.193,7.6044,6.6844,11.1755,17.9965
2026-01-30 03:10:00+00:00,0,normal,26.1664,7.6159,6.7371,11.0554,17.9905
2026-01-30 03:20:00+00:00,0,normal,26.1828,7.6174,6.6907,10.8867,18.0042
2026-01-30 03:30:00+00:00,0,normal,26.2026,7.6353,6.6597,11.0473,18.0121
2026-01-30 03:40:00+00:00,0,normal,26.2586,7.6555,6.6629,11.0108,18.0138
2026-01-30 03:50:00+00:00,0,normal,26.2319,7.6962,6.6768,10.9823,18.012
2026-01-30 04:00:00+00:00,0,normal,26.3657,7.7082,6.6177,11.2398,18.0134
2026-01-30 04:10:00+00:00,0,normal,26.571,7.7083,6.578,11.44,18.007
2026-01-30 04:20:00+00:00,0,normal,26.665,7.7152,6.4878,11.2899,17.9877
2026-01-30 04:30:00+00:00,0,normal,26.7403,7.7197,6.4164,11.1951,17.9822
2026-01-30 04:40:00+00:00,0,normal,26.8674,7.7324,6.312,11.4174,17.989
2026-01-30 04:50:00+00:00,0,normal,26.9348,7.7403,6.1869,11.3694,17.9786
2026-01-30 05:00:00+00:00,0,normal,26.9534,7.7749,6.0923,11.5978,17.9801
2026-01-30 05:10:00+00:00,0,normal,26.9451,7.7722,6.1153,11.794,17.9673
2026-01-30 05:20:00+00:00,0,normal,27.009,7.7757,6.0524,11.827,17.9687
2026-01-30 05:30:00+00:00,0,normal,27.0722,7.7695,6.0053,11.8813,17.9467
2026-01-30 05:40:00+00:00,0,normal,27.1121,7.7547,6.0102,11.693,17.9326
2026-01-30 05:50:00+00:00,0,normal,27.118,7.7485,6.0964,11.3664,17.9333
2026-01-30 06:00:00+00:00,0,normal,27.1761,7.7446,6.0096,11.1628,17.9267
2026-01-30 06:10:00+00:00,0,normal,27.2735,7.7483,5.9962,11.2524,17.9451
2026-01-30 06:20:00+00:00,0,normal,27.354,7.7604,5.9638,10.9847,17.9558
2026-01-30 06:30:00+00:00,0,normal,27.3978,7.7864,5.9161,11.0086,17.9819
2026-01-30 06:40:00+00:00,0,normal,27.5097,7.7994,5.708,11.2227,17.9851
2026-01-30 06:50:00+00:00,0,normal,27.5439,7.8117,5.7584,11.2994,17.9868
2026-01-30 07:00:00+00:00,0,normal,27.5949,7.8202,5.6392,11.3195,17.9646
2026-01-30 07:10:00+00:00,0,normal,27.6115,7.8182,5.6457,11.3536,17.9717
2026-01-30 07:20:00+00:00,0,normal,27.751,7.8137,5.6386,11.2398,17.9683
2026-01-30 07:30:00+00:00,0,normal,27.6835,7.8103,5.681,11.0007,17.9702
2026-01-30 07:40:00+00:00,0,normal,27.708,7.8022,5.6708,10.9269,17.9705
2026-01-30 07:50:00+00:00,0,normal,27.6982,7.816,5.7108,10.7761,17.9761
2026-01-30 08:00:00+00:00,0,normal,27.7246,7.8141,5.5941,10.7626,17.9604
2026-01-30 08:10:00+00:00,0,normal,27.7067,7.8226,5.4975,10.5941,17.9597
2026-01-30 08:20:00+00:00,0,normal,27.7531,7.8317,5.5127,10.5675,17.9569
2026-01-30 08:30:00+00:00,0,normal,27.8359,7.8502,5.4404,10.6116,17.9464
2026-01-30 08:40:00+00:00,0,normal,27.886,7.851,5.3568,10.4686,17.9396
2026-01-30 08:50:00+00:00,0,normal,27.9182,7.8361,5.4014,10.4382,17.9309
2026-01-30 09:00:00+00:00,0,normal,27.8323,7.8206,5.4977,10.5517,17.925
2026-01-30 09:10:00+00:00,0,normal,27.9237,7.8233,5.4744,10.5972,17.9016
2026-01-30 09:20:00+00:00,0,normal,27.9497,7.822,5.4294,10.5271,17.9123
2026-01-30 09:30:00+00:00,0,normal,27.9415,7.8265,5.4914,10.6865,17.9118
2026-01-30 09:40:00+00:00,0,normal,27.9331,7.8551,5.5227,10.7437,17.9176
2026-01-30 09:50:00+00:00,0,normal,27.9832,7.8595,5.4954,10.69,17.9131
2026-01-30 10:00:00+00:00,0,normal,27.9346,7.8392,5.5097,10.6671,17.921
2026-01-30 10:10:00+00:00,0,normal,27.916,7.8191,5.5311,10.7573,17.9272
2026-01-30 10:20:00+00:00,0,normal,27.8957,7.7909,5.52,10.7054,17.9056
2026-01-30 10:30:00+00:00,0,normal,27.8556,7.7633,5.5101,10.6617,17.8964
2026-01-30 10:40:00+00:00,0,normal,27.8051,7.7459,5.4795,10.7044,17.8662
2026-01-30 10:50:00+00:00,0,normal,27.774,7.7312,5.4994,10.8281,17.8557
2026-01-30 11:00:00+00:00,0,normal,27.7496,7.7347,5.4572,10.4074,17.8257
2026-01-30 11:10:00+00:00,0,normal,27.7359,7.7459,5.4502,10.5356,17.8178
2026-01-30 11:20:00+00:00,0,normal,27.7603,7.7513,5.4296,10.4223,17.8019
2026-01-30 11:30:00+00:00,0,normal,27.7999,7.7475,5.452,10.3171,17.8096
2026-01-30 11:40:00+00:00,0,normal,27.7859,7.7558,5.4457,10.1279,17.8092
2026-01-30 11:50:00+00:00,0,normal,27.81,7.7479,5.5336,10.3509,17.8187
2026-01-30 12:00:00+00:00,0,normal,27.7786,7.722,5.5698,10.1908,17.8348
2026-01-30 12:10:00+00:00,0,normal,27.7303,7.7013,5.5739,10.2357,17.8519
2026-01-30 12:20:00+00:00,0,normal,27.7026,7.692,5.5713,10.2216,17.8407
2026-01-30 12:30:00+00:00,0,normal,27.63,7.6759,5.5783,10.4146,17.8263
2026-01-30 12:40:00+00:00,0,normal,27.5178,7.6591,5.6044,10.3669,17.8184
2026-01-30 12:50:00+00:00,0,normal,27.5298,7.6441,5.5684,10.2974,17.8059
2026-01-30 13:00:00+00:00,0,normal,27.4482,7.6245,5.63,10.2393,17.8045
2026-01-30 13:10:00+00:00,0,normal,27.4345,7.6188,5.7002,10.4264,17.8068
2026-01-30 13:20:00+00:00,0,normal,27.5168,7.6114,5.6861,10.3106,17.8152
2026-01-30 13:30:00+00:00,0,normal,27.4921,7.5965,5.6555,10.2931,17.807
2026-01-30 13:40:00+00:00,0,normal,27.4259,7.5799,5.7181,10.3061,17.8033
2026-01-30 13:50:00+00:00,0,normal,27.4859,7.5916,5.6341,10.4513,17.7893
2026-01-30 14:00:00+00:00,0,normal,27.3847,7.5836,5.6368,10.4815,17.7867
2026-01-30 14:10:00+00:00,0,normal,27.316,7.5489,5.7257,10.5134,17.7661
2026-01-30 14:20:00+00:00,0,normal,27.2583,7.5515,5.7588,10.5783,17.7651
2026-01-30 14:30:00+00:00,0,normal,27.1828,7.5466,5.7691,10.8583,17.7629
2026-01-30 14:40:00+00:00,0,normal,27.0648,7.522,5.8856,10.7659,17.7558
2026-01-30 14:50:00+00:00,0,normal,27.0441,7.5127,5.9385,10.6614,17.7266
2026-01-30 15:00:00+00:00,0,normal,27.0039,7.5345,5.9713,10.5917,17.7293
2026-01-30 15:10:00+00:00,0,normal,26.97,7.521,6.0519,10.6084,17.7286
2026-01-30 15:20:00+00:00,0,normal,26.8894,7.5123,6.1075,10.0137,17.7098
2026-01-30 15:30:00+00:00,0,normal,26.8266,7.4867,6.17,10.0715,17.7144
2026-01-30 15:40:00+00:00,0,normal,26.7755,7.4474,6.2349,9.9086,17.7297
2026-01-30 15:50:00+00:00,0,normal,26.7468,7.431,6.1975,9.8497,17.7246
2026-01-30 16:00:00+00:00,0,normal,26.7141,7.4246,6.2168,9.6553,17.7166
2026-01-30 16:10:00+00:00,0,normal,26.6922,7.4065,6.29,9.9093,17.7136
2026-01-30 16:20:00+00:00,0,normal,26.705,7.4098,6.2498,9.7598,17.7087
2026-01-30 16:30:00+00:00,0,normal,26.6285,7.4122,6.2742,9.9995,17.7223
2026-01-30 16:40:00+00:00,0,normal,26.495,7.3857,6.3876,10.2234,17.7121
2026-01-30 16:50:00+00:00,0,normal,26.3932,7.3718,6.3809,10.5951,17.7055
2026-01-30 17:00:00+00:00,0,normal,26.405,7.3756,6.34,10.6925,17.728
2026-01-30 17:10:00+00:00,0,normal,26.2337,7.3617,6.4521,10.712,17.7269
2026-01-30 17:20:00+00:00,0,normal,26.2193,7.3845,6.4655,10.7071,17.6984
2026-01-30 17:30:00+00:00,0,normal,26.1652,7.3691,6.4539,10.4795,17.7164
2026-01-30 17:40:00+00:00,0,normal,26.1347,7.3582,6.5593,10.1689,17.685
2026-01-30 17:50:00+00:00,0,normal,26.0956,7.3405,6.6287,10.1273,17.6714
2026-01-30 18:00:00+00:00,0,normal,26.113,7.3381,6.6685,10.1588,17.6518
2026-01-30 18:10:00+00:00,0,normal,26.0125,7.3069,6.721,9.8576,17.6686
2026-01-30 18:20:00+00:00,0,normal,25.9784,7.3226,6.7837,10.0818,17.6586
2026-01-30 18:30:00+00:00,0,normal,25.9632,7.3118,6.7912,10.2282,17.6891
2026-01-30 18:40:00+00:00,0,normal,25.8428,7.3096,6.8766,10.3709,17.6875
2026-01-30 18:50:00+00:00,0,normal,25.7698,7.3029,6.9284,10.2173,17.6895
2026-01-30 19:00:00+00:00,0,normal,25.7225,7.2879,6.9408,10.3877,17.6789
2026-01-30 19:10:00+00:00,0,normal,25.7344,7.2855,6.9257,10.2085,17.6841
2026-01-30 19:20:00+00:00,0,normal,25.6849,7.2872,7.0219,10.1775,17.6821
2026-01-30 19:30:00+00:00,0,normal,25.6814,7.294,7.0111,10.1043,17.6711
2026-01-30 19:40:00+00:00,0,normal,25.6949,7.2967,7.0535,10.3918,17.6735
2026-01-30 19:50:00+00:00,0,normal,25.6704,7.304,7.061,10.4954,17.6761
2026-01-30 20:00:00+00:00,0,normal,25.6547,7.3091,7.119,10.5128,17.6644
2026-01-30 20:10:00+00:00,0,normal,25.6173,7.3153,7.1438,10.7965,17.6682
2026-01-30 20:20:00+00:00,0,normal,25.5591,7.323,7.184,10.7923,17.6655
2026-01-30 20:30:00+00:00,0,normal,25.5842,7.3304,7.1171,10.6186,17.681
2026-01-30 20:40:00+00:00,0,normal,25.5602,7.3458,7.1454,10.4225,17.6857
2026-01-30 20:50:00+00:00,0,normal,25.4589,7.3294,7.1741,10.5365,17.6726
2026-01-30 21:00:00+00:00,0,normal,25.4488,7.3213,7.1401,10.3948,17.6716
2026-01-30 21:10:00+00:00,0,normal,25.4497,7.3232,7.1567,10.3217,17.6717
2026-01-30 21:20:00+00:00,0,normal,25.4069,7.3294,7.1914,10.5137,17.6585
2026-01-30 21:30:00+00:00,0,normal,25.4978,7.3237,7.2322,10.7538,17.6559
2026-01-30 21:40:00+00:00,0,normal,25.5232,7.3243,7.2206,10.5726,17.6794
2026-01-30 21:50:00+00:00,0,normal,25.4315,7.3249,7.2378,10.5894,17.6839
2026-01-30 22:00:00+00:00,0,normal,25.4399,7.314,7.2664,10.7096,17.6954
2026-01-30 22:10:00+00:00,0,normal,25.431,7.3275,7.3151,10.5409,17.714
2026-01-30 22:20:00+00:00,0,normal,25.3586,7.3396,7.3344,10.661,17.71
2026-01-30 22:30:00+00:00,0,normal,25.3591,7.3487,7.405,10.9831,17.7175
2026-01-30 22:40:00+00:00,0,normal,25.4499,7.3526,7.3963,10.8118,17.7254
2026-01-30 22:50:00+00:00,0,normal,25.4447,7.3587,7.3643,10.8969,17.7278
2026-01-30 23:00:00+00:00,0,normal,25.4763,7.3471,7.2626,11.0666,17.7162
2026-01-30 23:10:00+00:00,0,normal,25.4684,7.3461,7.1912,10.977,17.7328
2026-01-30 23:20:00+00:00,0,normal,25.4409,7.3696,7.1483,10.8401,17.7192
2026-01-30 23:30:00+00:00,0,normal,25.5685,7.3848,7.0396,10.9725,17.7036
2026-01-30 23:40:00+00:00,0,normal,25.5646,7.4206,6.9981,11.0657,17.698
2026-01-30 23:50:00+00:00,0,normal,25.5683,7.4259,7.057,11.1101,17.6981
2026-01-31 00:00:00+00:00,0,normal,25.5584,7.423,7.1134,10.9268,18.2369
2026-01-31 00:10:00+00:00,0,normal,25.6231,7.4403,7.0653,10.7686,18.2348
2026-01-31 00:20:00+00:00,0,normal,25.5092,7.4643,7.1799,10.6009,18.2317
2026-01-31 00:30:00+00:00,0,normal,25.5496,7.4533,7.2269,10.3679,18.2284
2026-01-31 00:40:00+00:00,0,normal,25.6162,7.4778,7.2254,10.2589,18.2216
2026-01-31 00:50:00+00:00,0,normal,25.7214,7.5088,7.2156,10.4396,18.2218
2026-01-31 01:00:00+00:00,0,normal,25.7739,7.507,7.2762,10.6859,18.2307
2026-01-31 01:10:00+00:00,0,normal,25.7818,7.4933,7.2601,10.9034,18.2345
2026-01-31 01:20:00+00:00,0,normal,25.9035,7.4883,7.1618,11.0637,18.2492
2026-01-31 01:30:00+00:00,0,normal,25.8643,7.4849,7.1366,11.288,18.274
2026-01-31 01:40:00+00:00,0,normal,25.9452,7.5112,7.0713,11.168,18.2921
2026-01-31 01:50:00+00:00,0,normal,26.0059,7.5393,6.9218,11.2258,18.2828
2026-01-31 02:00:00+00:00,0,normal,26.1362,7.5647,6.8748,11.2786,18.2882
2026-01-31 02:10:00+00:00,0,normal,26.0863,7.5854,6.8967,11.1571,18.2734
2026-01-31 02:20:00+00:00,0,normal,26.1828,7.6098,6.8467,11.1012,18.2585
2026-01-31 02:30:00+00:00,0,normal,26.1602,7.6056,6.7697,11.3368,18.2504
2026-01-31 02:40:00+00:00,0,normal,26.1748,7.6042,6.7375,11.3045,18.2623
2026-01-31 02:50:00+00:00,0,normal,26.1963,7.594,6.6603,11.0106,18.2563
2026-01-31 03:00:00+00:00,0,normal,26.2058,7.6405,6.6907,11.2628,18.2625
2026-01-31 03:10:00+00:00,0,normal,26.2936,7.6614,6.6078,11.2352,18.2699
2026-01-31 03:20:00+00:00,0,normal,26.3611,7.6677,6.6411,11.2439,18.2715
2026-01-31 03:30:00+00:00,0,normal,26.3966,7.6661,6.6354,10.8799,18.2624
2026-01-31 03:40:00+00:00,0,normal,26.4399,7.7081,6.5766,11.0905,18.2605
2026-01-31 03:50:00+00:00,0,normal,26.581,7.6992,6.4643,10.8289,18.2657
2026-01-31 04:00:00+00:00,0,normal,26.5634,7.6967,6.5024,10.9474,18.2559
2026-01-31 04:10:00+00:00,0,normal,26.5403,7.709,6.4532,10.7815,18.2405
2026-01-31 04:20:00+00:00,0,normal,26.6275,7.7261,6.4218,11.3162,18.2452
2026-01-31 04:30:00+00:00,0,normal,26.7214,7.7325,6.4495,11.4774,18.2519
2026-01-31 04:40:00+00:00,0,normal,26.7562,7.743,6.4137,11.6564,18.2466
2026-01-31 04:50:00+00:00,0,normal,26.8016,7.7539,6.3413,11.6348,18.2431
2026-01-31 05:00:00+00:00,0,normal,26.9402,7.7654,6.2204,11.6474,18.2562
2026-01-31 05:10:00+00:00,0,normal,26.9265,7.784,6.2478,11.3943,18.2587
2026-01-31 05:20:00+00:00,0,normal,26.9239,7.7713,6.1693,11.3838,18.2731
2026-01-31 05:30:00+00:00,0,normal,26.9565,7.7642,6.126,11.2479,18.2788
2026-01-31 05:40:00+00:00,0,normal,27.0798,7.7722,6.1032,10.968,18.2884
2026-01-31 05:50:00+00:00,0,normal,27.1142,7.7691,6.1747,11.0264,18.2723
2026-01-31 06:00:00+00:00,0,normal,27.2005,7.7612,6.0878,11.0025,18.271
2026-01-31 06:10:00+00:00,0,normal,27.3565,7.7985,6.0109,11.0943,18.2544
2026-01-31 06:20:00+00:00,0,normal,27.4437,7.8119,5.967,11.2701,18.257
2026-01-31 06:30:00+00:00,0,normal,27.4717,7.7993,5.8918,11.3389,18.2497
2026-01-31 06:40:00+00:00,0,normal,27.5163,7.8067,5.7804,11.2495,18.2734
2026-01-31 06:50:00+00:00,0,normal,27.5544,7.8146,5.7302,11.3684,18.261
2026-01-31 07:00:00+00:00,0,normal,27.4472,7.7995,5.7998,11.2776,18.2553
2026-01-31 07:10:00+00:00,0,normal,27.5097,7.8101,5.7555,11.2074,18.2489
2026-01-31 07:20:00+00:00,0,normal,27.5522,7.8337,5.7813,11.1485,18.2424
2026-01-31 07:30:00+00:00,0,normal,27.596,7.8387,5.7566,11.0823,18.2166
2026-01-31 07:40:00+00:00,0,normal,27.6476,7.8299,5.7205,10.9844,18.225
2026-01-31 07:50:00+00:00,0,normal,27.786,7.8319,5.6571,10.8689,18.2235
2026-01-31 08:00:00+00:00,0,normal,27.7264,7.8174,5.677,10.7649,18.2209
2026-01-31 08:10:00+00:00,0,normal,27.7183,7.8087,5.6226,10.9596,18.2031
2026-01-31 08:20:00+00:00,0,normal,27.7111,7.814,5.6206,11.1544,18.2051
2026-01-31 08:30:00+00:00,0,normal,27.8049,7.8309,5.6264,11.2003,18.1991
2026-01-31 08:40:00+00:00,0,normal,27.8329,7.841,5.5733,11.1993,18.201
2026-01-31 08:50:00+00:00,0,normal,27.8303,7.84,5.6052,11.0757,18.1991
2026-01-31 09:00:00+00:00,0,normal,27.8156,7.852,5.6004,10.8872,18.2078
2026-01-31 09:10:00+00:00,0,normal,27.868,7.8507,5.6025,10.6916,18.2101
2026-01-31 09:20:00+00:00,0,normal,27.8012,7.8405,5.5869,10.6843,18.2035
2026-01-31 09:30:00+00:00,0,normal,27.7336,7.8306,5.63,10.4921,18.2039
2026-01-31 09:40:00+00:00,0,normal,27.8922,7.831,5.5422,10.6302,18.1791
2026-01-31 09:50:00+00:00,0,normal,27.9649,7.7968,5.4809,10.643,18.153
2026-01-31 10:00:00+00:00,0,normal,27.9914,7.781,5.4315,10.7994,18.1554
2026-01-31 10:10:00+00:00,0,normal,27.9857,7.7805,5.4532,10.6015,18.1459
2026-01-31 10:20:00+00:00,0,normal,28.0592,7.7732,5.4235,10.74,18.119
2026-01-31 10:30:00+00:00,0,normal,27.9729,7.7671,5.4696,10.5894,18.1263
2026-01-31 10:40:00+00:00,0,normal,27.9465,7.7703,5.5132,10.4776,18.1399
2026-01-31 10:50:00+00:00,0,normal,27.9441,7.7508,5.5598,10.3723,18.1267
2026-01-31 11:00:00+00:00,0,normal,27.9007,7.7473,5.5273,10.6119,18.131
2026-01-31 11:10:00+00:00,0,normal,27.9202,7.738,5.4346,10.4464,18.1372
2026-01-31 11:20:00+00:00,0,normal,27.9262,7.7277,5.3834,10.3456,18.1417
2026-01-31 11:30:00+00:00,0,normal,27.9659,7.7231,5.4011,10.3251,18.1301
2026-01-31 11:40:00+00:00,0,normal,27.8864,7.7397,5.3554,10.2763,18.1003
2026-01-31 11:50:00+00:00,0,normal,27.8908,7.7264,5.3298,10.3287,18.0918
2026-01-31 12:00:00+00:00,0,normal,27.7683,7.7047,5.382,10.4427,18.0878
2026-01-31 12:10:00+00:00,0,normal,27.7454,7.709,5.4287,10.5346,18.057
2026-01-31 12:20:00+00:00,0,normal,27.6742,7.7011,5.3811,10.6028,18.068
2026-01-31 12:30:00+00:00,0,normal,27.6668,7.6747,5.4418,10.7983,18.0685
2026-01-31 12:40:00+00:00,0,normal,27.6322,7.6531,5.4998,10.5472,18.0608
2026-01-31 12:50:00+00:00,0,normal,27.5951,7.6435,5.5533,10.4609,18.0647
2026-01-31 13:00:00+00:00,0,normal,27.5492,7.6094,5.5256,10.4815,18.0787
2026-01-31 13:10:00+00:00,0,normal,27.4932,7.6053,5.6116,10.5566,18.0698
2026-01-31 13:20:00+00:00,0,normal,27.4466,7.597,5.5992,10.3097,18.0756
2026-01-31 13:30:00+00:00,0,normal,27.4986,7.5982,5.594,10.4167,18.073
2026-01-31 13:40:00+00:00,0,normal,27.4995,7.5982,5.64,10.5441,18.0655
2026-01-31 13:50:00+00:00,0,normal,27.5037,7.6057,5.699,10.6424,18.0524
2026-01-31 14:00:00+00:00,0,normal,27.4566,7.5684,5.7539,10.5282,18.0354
2026-01-31 14:10:00+00:00,0,normal,27.4442,7.5525,5.7994,10.4201,18.0419
2026-01-31 14:20:00+00:00,0,normal,27.3394,7.5374,5.825,10.2884,18.0522
2026-01-31 14:30:00+00:00,0,normal,27.233,7.5086,5.8873,10.0878,18.0564
2026-01-31 14:40:00+00:00,0,normal,27.1894,7.4956,5.9204,9.9254,18.0339
2026-01-31 14:50:00+00:00,0,normal,27.1535,7.4906,5.9132,9.9155,18.0508
2026-01-31 15:00:00+00:00,0,normal,27.1205,7.488,5.9264,10.1148,18.0336
2026-01-31 15:10:00+00:00,0,normal,27.0436,7.4847,6.0873,10.0646,18.0288
2026-01-31 15:20:00+00:00,0,normal,27.0463,7.4946,6.0428,9.9817,18.0018
2026-01-31 15:30:00+00:00,0,normal,26.9107,7.4594,6.1134,9.9577,18.0112
2026-01-31 15:40:00+00:00,0,normal,26.9067,7.4711,6.1682,10.1668,17.9955
2026-01-31 15:50:00+00:00,0,normal,26.8373,7.4758,6.2123,10.1723,17.9937
2026-01-31 16:00:00+00:00,0,normal,26.8236,7.4781,6.1481,10.1344,17.9706
2026-01-31 16:10:00+00:00,0,normal,26.8243,7.4679,6.1906,10.4274,17.9849
2026-01-31 16:20:00+00:00,0,normal,26.843,7.4659,6.1806,10.5075,18.0027
2026-01-31 16:30:00+00:00,0,normal,26.772,7.4517,6.2232,10.5742,17.9914
2026-01-31 16:40:00+00:00,0,normal,26.6557,7.4371,6.2959,10.5457,18.0066
2026-01-31 16:50:00+00:00,0,normal,26.5638,7.3993,6.4579,10.7174,17.9956
2026-01-31 17:00:00+00:00,0,normal,26.4256,7.3914,6.5346,10.6729,17.9788
2026-01-31 17:10:00+00:00,0,normal,26.3575,7.387,6.6249,10.8689,17.9877
2026-01-31 17:20:00+00:00,0,normal,26.2839,7.3774,6.6622,10.5772,17.997
2026-01-31 17:30:00+00:00,0,normal,26.2336,7.3331,6.7099,10.7105,17.9739
2026-01-31 17:40:00+00:00,0,normal,26.2012,7.3199,6.6871,10.5888,17.985
2026-01-31 17:50:00+00:00,0,normal,26.1338,7.3028,6.696,10.467,17.9947
2026-01-31 18:00:00+00:00,0,normal,26.057,7.2993,6.7154,10.3156,17.9729
2026-01-31 18:10:00+00:00,0,normal,25.9435,7.275,6.7416,10.4771,17.9793
2026-01-31 18:20:00+00:00,0,normal,25.9661,7.2909,6.728,10.2997,17.9757
2026-01-31 18:30:00+00:00,0,normal,25.9412,7.2984,6.6909,10.5636,17.9659
2026-01-31 18:40:00+00:00,0,normal,26.0198,7.2993,6.6889,10.7638,17.9502
2026-01-31 18:50:00+00:00,0,normal,26.0097,7.3006,6.6406,10.7826,17.9385
2026-01-31 19:00:00+00:00,0,normal,26.0131,7.3176,6.6876,10.5913,17.9262
2026-01-31 19:10:00+00:00,0,normal,25.9841,7.3164,6.7257,10.7547,17.9235
2026-01-31 19:20:00+00:00,0,normal,25.8824,7.3199,6.7909,10.3602,17.9312
2026-01-31 19:30:00+00:00,0,normal,25.7431,7.3045,6.9224,10.3142,17.9443
2026-01-31 19:40:00+00:00,0,normal,25.6904,7.3188,7.0258,10.2382,17.9403
2026-01-31 19:50:00+00:00,0,normal,25.5956,7.3181,7.0599,10.5023,17.9338
2026-01-31 20:00:00+00:00,0,normal,25.5344,7.3159,7.1989,10.26,17.9386
2026-01-31 20:10:00+00:00,0,normal,25.5196,7.3017,7.2585,10.4384,17.9339
2026-01-31 20:20:00+00:00,0,normal,25.5315,7.3149,7.317,10.4263,17.9268
2026-01-31 20:30:00+00:00,0,normal,25.4565,7.3014,7.3335,10.6049,17.9461
2026-01-31 20:40:00+00:00,0,normal,25.5273,7.3074,7.3266,10.42,17.9608
2026-01-31 20:50:00+00:00,0,normal,25.5095,7.3006,7.2062,10.5584,17.9585
2026-01-31 21:00:00+00:00,0,normal,25.5789,7.3141,7.1392,10.7589,17.9672
2026-01-31 21:10:00+00:00,0,normal,25.5601,7.296,7.0585,10.8446,17.9817
2026-01-31 21:20:00+00:00,0,normal,25.558,7.2931,7.1756,10.7632,17.9852
2026-01-31 21:30:00+00:00,0,normal,25.523,7.2991,7.1679,10.7889,17.979
2026-01-31 21:40:00+00:00,0,normal,25.4654,7.3005,7.2324,10.6986,17.9867
2026-01-31 21:50:00+00:00,0,normal,25.4235,7.2853,7.2209,10.6456,17.9688
2026-01-31 22:00:00+00:00,0,normal,25.4407,7.3129,7.2534,10.6482,17.9538
2026-01-31 22:10:00+00:00,0,normal,25.5559,7.3386,7.0798,10.7276,17.9306
2026-01-31 22:20:00+00:00,0,normal,25.5433,7.3341,7.1405,10.7166,17.9403
2026-01-31 22:30:00+00:00,0,normal,25.5854,7.3384,7.0741,11.0876,17.9397
2026-01-31 22:40:00+00:00,0,normal,25.5558,7.3431,7.1324,10.8521,17.9529
2026-01-31 22:50:00+00:00,0,normal,25.5503,7.3489,7.0603,10.883,17.9524
2026-01-31 23:00:00+00:00,0,normal,25.4855,7.33,7.104,10.9136,17.9546
2026-01-31 23:10:00+00:00,0,normal,25.5187,7.3376,7.0503,11.0901,17.9522
2026-01-31 23:20:00+00:00,0,normal,25.5825,7.3677,7.0585,10.8299,17.9607
2026-01-31 23:30:00+00:00,0,normal,25.5983,7.3874,7.038,11.0671,17.9714
2026-01-31 23:40:00+00:00,0,normal,25.6458,7.4136,7.1045,11.025,17.9627
2026-01-31 23:50:00+00:00,0,normal,25.6732,7.4395,7.1748,11.0134,17.9889
2026-02-01 00:00:00+00:00,0,normal,25.6986,7.4592,7.1801,10.7859,17.9829
2026-02-01 00:10:00+00:00,0,normal,25.6742,7.4734,7.1793,11.0816,17.9869
2026-02-01 00:20:00+00:00,0,normal,25.8118,7.4924,7.1297,11.1902,17.9564
2026-02-01 00:30:00+00:00,0,normal,25.777,7.4818,7.0984,11.1814,17.9774
2026-02-01 00:40:00+00:00,0,normal,25.8004,7.4842,7.041,11.2208,17.9664
2026-02-01 00:50:00+00:00,0,normal,25.8078,7.4892,7.0298,11.6217,17.9671
2026-02-01 01:00:00+00:00,0,normal,25.9193,7.4902,6.9489,11.3694,17.9607
2026-02-01 01:10:00+00:00,0,normal,25.9014,7.5157,6.9829,11.2083,17.9805
2026-02-01 01:20:00+00:00,0,normal,25.9457,7.5225,6.997,11.3143,17.9655
2026-02-01 01:30:00+00:00,0,normal,25.9943,7.5391,6.9856,11.3697,17.9561
2026-02-01 01:40:00+00:00,0,normal,26.073,7.5445,6.9148,11.0881,17.9596
2026-02-01 01:50:00+00:00,0,normal,26.034,7.5539,6.9834,11.3033,17.9735
2026-02-01 02:00:00+00:00,0,normal,26.0746,7.5695,6.8818,11.4552,17.99
2026-02-01 02:10:00+00:00,0,normal,26.1596,7.586,6.7997,11.275,18.0059
2026-02-01 02:20:00+00:00,0,normal,26.1967,7.5926,6.7367,11.2891,18.0138
2026-02-01 02:30:00+00:00,0,normal,26.2348,7.6,6.7041,11.4479,18.0331
2026-02-01 02:40:00+00:00,0,normal,26.3188,7.6178,6.6551,11.3276,18.0282
2026-02-01 02:50:00+00:00,0,normal,26.3506,7.6081,6.6717,11.3457,18.0243
2026-02-01 03:00:00+00:00,0,normal,26.3904,7.6129,6.6282,11.5206,18.0109
2026-02-01 03:10:00+00:00,0,normal,26.412,7.6217,6.6375,11.5735,18.0181
2026-02-01 03:20:00+00:00,0,normal,26.5275,7.6476,6.5842,11.5531,17.9887
2026-02-01 03:30:00+00:00,0,normal,26.5277,7.6649,6.564,11.5372,18.0016
2026-02-01 03:40:00+00:00,0,normal,26.5889,7.6773,6.4699,11.5244,17.9889
2026-02-01 03:50:00+00:00,0,normal,26.6295,7.698,6.4683,11.5886,17.9954
2026-02-01 04:00:00+00:00,0,normal,26.7705,7.7134,6.3294,11.5585,17.9872
2026-02-01 04:10:00+00:00,0,normal,26.7317,7.709,6.3711,11.5108,17.9947
2026-02-01 04:20:00+00:00,0,normal,26.7977,7.702,6.2801,11.5457,17.9817
2026-02-01 04:30:00+00:00,0,normal,26.802,7.695,6.3242,11.7005,17.9888
2026-02-01 04:40:00+00:00,0,normal,26.8796,7.6987,6.1874,11.6489,17.994
2026-02-01 04:50:00+00:00,0,normal,26.8209,7.7135,6.2346,11.5921,18.0055
2026-02-01 05:00:00+00:00,0,normal,26.89,7.7238,6.1518,11.7484,17.9942
2026-02-01 05:10:00+00:00,0,normal,26.8922,7.7348,6.1907,11.6763,17.9939
2026-02-01 05:20:00+00:00,0,normal,26.9884,7.7557,6.0986,11.5221,17.9938
2026-02-01 05:30:00+00:00,0,normal,27.0107,7.7794,6.113,11.6379,17.9857
2026-02-01 05:40:00+00:00,0,normal,27.0577,7.7699,6.0431,11.6839,17.9789
2026-02-01 05:50:00+00:00,0,normal,27.1642,7.7859,5.9912,11.7267,17.9919
2026-02-01 06:00:00+00:00,0,normal,27.2439,7.7963,5.9457,11.7661,17.9597
2026-02-01 06:10:00+00:00,0,normal,27.3121,7.8071,5.9289,11.6656,17.9689
2026-02-01 06:20:00+00:00,0,normal,27.3519,7.8033,5.8968,11.5741,17.984
2026-02-01 06:30:00+00:00,0,normal,27.5088,7.8227,5.8833,11.2873,17.9687
2026-02-01 06:40:00+00:00,0,normal,27.5411,7.8313,5.8592,11.1143,17.9585
2026-02-01 06:50:00+00:00,0,normal,27.5948,7.8363,5.7826,11.2215,17.9917
2026-02-01 07:00:00+00:00,0,normal,27.5746,7.8519,5.7825,11.3196,17.9826
2026-02-01 07:10:00+00:00,0,normal,27.6614,7.8556,5.7678,10.9437,17.9723
2026-02-01 07:20:00+00:00,0,normal,27.6325,7.839,5.7041,10.9791,17.9849
2026-02-01 07:30:00+00:00,0,normal,27.6359,7.838,5.6703,10.9284,17.9919
2026-02-01 07:40:00+00:00,0,normal,27.7526,7.8475,5.6562,10.8482,17.9668
2026-02-01 07:50:00+00:00,0,normal,27.7914,7.8335,5.6686,10.8233,17.9523
2026-02-01 08:00:00+00:00,0,normal,27.8037,7.8304,5.5785,11.0336,17.9542
2026-02-01 08:10:00+00:00,0,normal,27.8763,7.8289,5.5795,11.2413,17.9525
2026-02-01 08:20:00+00:00,0,normal,27.9382,7.807,5.5509,11.2806,17.9478
2026-02-01 08:30:00+00:00,0,normal,27.9113,7.8147,5.5297,11.1925,17.9476
2026-02-01 08:40:00+00:00,0,normal,27.9504,7.8085,5.4905,11.1729,17.9575
2026-02-01 08:50:00+00:00,0,normal,27.9048,7.8142,5.483,11.0799,17.9356
2026-02-01 09:00:00+00:00,0,normal,27.8505,7.8127,5.4866,11.0467,17.9387
2026-02-01 09:10:00+00:00,0,normal,27.8486,7.8169,5.5203,10.8823,17.9252
2026-02-01 09:20:00+00:00,0,normal,27.8629,7.8047,5.4772,10.9267,17.9186
2026-02-01 09:30:00+00:00,0,normal,27.8872,7.8057,5.3717,10.8948,17.9054
2026-02-01 09:40:00+00:00,0,normal,27.996,7.8024,5.4532,10.9094,17.9113
2026-02-01 09:50:00+00:00,0,normal,27.9978,7.8115,5.3649,10.8853,17.894
2026-02-01 10:00:00+00:00,0,normal,27.9819,7.8126,5.34,11.1242,17.8837
2026-02-01 10:10:00+00:00,0,normal,27.9954,7.7951,5.3846,10.9344,17.8904
2026-02-01 10:20:00+00:00,0,normal,27.9667,7.7776,5.4517,10.9644,17.8939
2026-02-01 10:30:00+00:00,0,normal,27.9778,7.7794,5.4094,11.0929,17.8861
2026-02-01 10:40:00+00:00,0,normal,28.0478,7.7902,5.4229,10.9765,17.8662
2026-02-01 10:50:00+00:00,0,normal,28.059,7.7761,5.4177,10.8712,17.871
2026-02-01 11:00:00+00:00,0,normal,28.1067,7.7672,5.3395,10.932,17.8517
2026-02-01 11:10:00+00:00,0,normal,28.0656,7.7651,5.327,10.942,17.8202
2026-02-01 11:20:00+00:00,0,normal,27.999,7.7443,5.3412,10.4983,17.8107
2026-02-01 11:30:00+00:00,0,normal,27.9625,7.7185,5.3184,10.6575,17.8339
2026-02-01 11:40:00+00:00,0,normal,27.8998,7.7209,5.3526,10.4249,17.8297
2026-02-01 11:50:00+00:00,0,normal,27.8245,7.718,5.333,10.441,17.832
2026-02-01 12:00:00+00:00,0,normal,27.815,7.7109,5.3706,10.192,17.8504
2026-02-01 12:10:00+00:00,0,normal,27.8143,7.7206,5.388,10.6371,17.8554
2026-02-01 12:20:00+00:00,0,normal,27.8114,7.7083,5.4175,10.4327,17.8222
2026-02-01 12:30:00+00:00,0,normal,27.8242,7.71,5.3586,10.4757,17.8344
2026-02-01 12:40:00+00:00,0,normal,27.7148,7.7087,5.4808,10.57,17.8333
2026-02-01 12:50:00+00:00,0,normal,27.6861,7.7034,5.509,10.7216,17.8297
2026-02-01 13:00:00+00:00,0,normal,27.646,7.6529,5.5306,10.5026,17.8136
2026-02-01 13:10:00+00:00,0,normal,27.5713,7.6446,5.5621,10.4018,17.8039
2026-02-01 13:20:00+00:00,0,normal,27.4254,7.6083,5.6799,10.3213,17.7808
2026-02-01 13:30:00+00:00,0,normal,27.4961,7.5894,5.6772,10.3229,17.7639
2026-02-01 13:40:00+00:00,0,normal,27.4936,7.5656,5.6738,10.2738,17.7612
2026-02-01 13:50:00+00:00,0,normal,27.4001,7.5755,5.6836,10.3157,17.7488
2026-02-01 14:00:00+00:00,0,normal,27.39,7.574,5.7387,10.466,17.7616
2026-02-01 14:10:00+00:00,0,normal,27.4162,7.581,5.763,10.3635,17.7632
2026-02-01 14:20:00+00:00,0,normal,27.2991,7.5621,5.8365,10.1764,17.7721
2026-02-01 14:30:00+00:00,0,normal,27.2583,7.5508,5.8726,10.0874,17.7524
2026-02-01 14:40:00+00:00,0,normal,27.3021,7.5401,5.9483,10.167,17.7445
2026-02-01 14:50:00+00:00,0,normal,27.2741,7.5365,5.9736,9.943,17.7261
2026-02-01 15:00:00+00:00,0,normal,27.2599,7.5169,5.9363,10.266,17.7095
2026-02-01 15:10:00+00:00,0,normal,27.249,7.5151,5.91,10.4929,17.6886
2026-02-01 15:20:00+00:00,0,normal,27.2117,7.512,5.9327,10.3313,17.6883
2026-02-01 15:30:00+00:00,0,normal,27.0489,7.4877,5.9225,10.221,17.6933
2026-02-01 15:40:00+00:00,0,normal,26.9597,7.4651,5.9618,10.4343,17.6913
2026-02-01 15:50:00+00:00,0,normal,26.8661,7.4508,6.0605,10.4123,17.6814
2026-02-01 16:00:00+00:00,0,normal,26.8065,7.4396,6.1664,9.9758,17.6761
2026-02-01 16:10:00+00:00,0,normal,26.7152,7.4342,6.1676,10.2019,17.6727
2026-02-01 16:20:00+00:00,0,normal,26.7239,7.435,6.2272,10.1771,17.6695
2026-02-01 16:30:00+00:00,0,normal,26.6504,7.4235,6.2834,10.093,17.678
2026-02-01 16:40:00+00:00,0,normal,26.5118,7.4032,6.3482,10.2277,17.6869
2026-02-01 16:50:00+00:00,0,normal,26.4527,7.382,6.3572,10.4462,17.6964
2026-02-01 17:00:00+00:00,0,normal,26.4303,7.3698,6.4307,10.4637,17.6999
2026-02-01 17:10:00+00:00,0,normal,26.3752,7.358,6.5123,10.4807,17.6905
2026-02-01 17:20:00+00:00,0,normal,26.3146,7.3399,6.5969,10.5455,17.6935
2026-02-01 17:30:00+00:00,0,normal,26.4324,7.3506,6.6249,10.3869,17.6953
2026-02-01 17:40:00+00:00,0,normal,26.3861,7.36,6.6561,10.518,17.6931
2026-02-01 17:50:00+00:00,0,normal,26.3285,7.3639,6.6851,10.3932,17.6778
2026-02-01 18:00:00+00:00,0,normal,26.3008,7.3714,6.6368,10.4342,17.6895
2026-02-01 18:10:00+00:00,0,normal,26.2694,7.3592,6.6092,10.4403,17.6858
2026-02-01 18:20:00+00:00,0,normal,26.1309,7.3365,6.6414,10.2111,17.668
2026-02-01 18:30:00+00:00,0,normal,25.9862,7.3157,6.7501,10.0217,17.6737
2026-02-01 18:40:00+00:00,0,normal,25.9088,7.2995,6.8342,10.2197,17.6953
2026-02-01 18:50:00+00:00,0,normal,25.8556,7.2801,6.8819,10.1676,17.6931
2026-02-01 19:00:00+00:00,0,normal,25.7884,7.282,6.9216,10.4504,17.6997
2026-02-01 19:10:00+00:00,0,normal,25.8097,7.2897,6.9644,10.7545,17.7156
2026-02-01 19:20:00+00:00,0,normal,25.8646,7.2987,6.8974,10.9268,17.7117
2026-02-01 19:30:00+00:00,0,normal,25.8917,7.2871,6.9209,11.0133,17.6891
2026-02-01 19:40:00+00:00,0,normal,25.819,7.3069,7.0004,11.1681,17.6861
2026-02-01 19:50:00+00:00,0,normal,25.8157,7.3124,7.011,10.9207,17.6652
2026-02-01 20:00:00+00:00,0,normal,25.7742,7.3235,6.9406,10.6794,17.6692
2026-02-01 20:10:00+00:00,0,normal,25.794,7.3163,6.9467,10.7236,17.66
2026-02-01 20:20:00+00:00,0,normal,25.6594,7.3285,6.9868,10.7324,17.6822
2026-02-01 20:30:00+00:00,0,normal,25.6288,7.309,6.9685,10.6039,17.6894
2026-02-01 20:40:00+00:00,0,normal,25.6199,7.3187,7.0549,10.4049,17.702
2026-02-01 20:50:00+00:00,0,normal,25.6369,7.3113,7.087,10.4654,17.682
2026-02-01 21:00:00+00:00,0,normal,25.5733,7.3308,7.1688,10.6086,17.6952
2026-02-01 21:10:00+00:00,0,normal,25.6083,7.3177,7.1667,10.4869,17.678
2026-02-01 21:20:00+00:00,0,normal,25.6384,7.331,7.2409,10.7361,17.6697
2026-02-01 21:30:00+00:00,0,normal,25.6278,7.3284,7.1884,10.9627,17.6611
2026-02-01 21:40:00+00:00,0,normal,25.5502,7.3221,7.24,11.0495,17.6627
2026-02-01 21:50:00+00:00,0,normal,25.5468,7.3308,7.1795,11.1147,17.6578
2026-02-01 22:00:00+00:00,0,normal,25.5956,7.3689,7.1451,11.089,17.6594
2026-02-01 22:10:00+00:00,0,normal,25.6345,7.3496,7.1158,10.925,17.6538
2026-02-01 22:20:00+00:00,0,normal,25.6305,7.3562,7.1421,10.9976,17.6655
2026-02-01 22:30:00+00:00,0,normal,25.6479,7.3792,7.2074,11.0442,17.6971
2026-02-01 22:40:00+00:00,0,normal,25.6392,7.372,7.2749,10.9188,17.6856
2026-02-01 22:50:00+00:00,0,normal,25.6244,7.3755,7.2626,11.0323,17.6874
2026-02-01 23:00:00+00:00,0,normal,25.5621,7.4102,7.2702,11.1366,17.7156
2026-02-01 23:10:00+00:00,0,normal,25.5544,7.4183,7.22,11.0413,17.7055
2026-02-01 23:20:00+00:00,0,normal,25.5293,7.4392,7.1315,10.9132,17.6918
2026-02-01 23:30:00+00:00,0,normal,25.5948,7.4551,7.0447,10.7587,17.7097
2026-02-01 23:40:00+00:00,0,normal,25.5527,7.4445,7.0801,10.6499,17.7182
2026-02-01 23:50:00+00:00,0,normal,25.5626,7.4369,7.0566,10.6505,17.7213
2026-02-02 00:00:00+00:00,0,normal,25.5827,7.4554,7.1297,10.65,18.2638
2026-02-02 00:10:00+00:00,0,normal,25.718,7.4435,7.0862,10.6925,18.2631
2026-02-02 00:20:00+00:00,0,normal,25.6837,7.4387,7.1045,10.6781,18.2567
2026-02-02 00:30:00+00:00,0,normal,25.7305,7.4513,7.1275,10.8223,18.2519
2026-02-02 00:40:00+00:00,0,normal,25.7578,7.4701,7.0171,10.8848,18.2374
2026-02-02 00:50:00+00:00,0,normal,25.8475,7.4711,6.9324,10.9371,18.2524
2026-02-02 01:00:00+00:00,0,normal,25.7099,7.4689,6.9991,11.072,18.2424
2026-02-02 01:10:00+00:00,0,normal,25.7261,7.4934,7.0161,11.2827,18.2391
2026-02-02 01:20:00+00:00,0,normal,25.8871,7.5096,6.9003,11.2745,18.26
2026-02-02 01:30:00+00:00,0,normal,25.9687,7.5382,6.9522,11.3448,18.2485
2026-02-02 01:40:00+00:00,0,normal,25.9111,7.5494,6.9845,11.3978,18.2635
2026-02-02 01:50:00+00:00,0,normal,26.0542,7.5894,6.883,11.3642,18.2652
2026-02-02 02:00:00+00:00,0,normal,26.1375,7.5984,6.7884,11.4291,18.2764
2026-02-02 02:10:00+00:00,0,normal,26.1157,7.6222,6.7706,11.3887,18.276
2026-02-02 02:20:00+00:00,0,normal,26.208,7.6232,6.681,11.1825,18.2966
2026-02-02 02:30:00+00:00,0,normal,26.3102,7.6371,6.5834,11.3083,18.2735
2026-02-02 02:40:00+00:00,0,normal,26.3417,7.6463,6.6137,11.5684,18.2806
2026-02-02 02:50:00+00:00,0,normal,26.4179,7.6759,6.6631,11.4773,18.2802
2026-02-02 03:00:00+00:00,0,normal,26.4135,7.6704,6.6907,11.4083,18.2724
2026-02-02 03:10:00+00:00,0,normal,26.362,7.6787,6.7651,11.6701,18.2662
2026-02-02 03:20:00+00:00,0,normal,26.3372,7.6839,6.7887,11.6186,18.2781
2026-02-02 03:30:00+00:00,0,normal,26.3534,7.6879,6.7632,11.4876,18.2969
2026-02-02 03:40:00+00:00,0,normal,26.3463,7.6738,6.7144,11.4262,18.3115
2026-02-02 03:50:00+00:00,0,normal,26.3828,7.6666,6.7094,11.663,18.3085
2026-02-02 04:00:00+00:00,0,normal,26.4854,7.6706,6.5881,11.3734,18.3024
2026-02-02 04:10:00+00:00,0,normal,26.5597,7.6909,6.5592,11.1996,18.2797
2026-02-02 04:20:00+00:00,0,normal,26.5571,7.6866,6.473,11.3828,18.2524
2026-02-02 04:30:00+00:00,0,normal,26.6059,7.7039,6.4463,11.3303,18.2237
2026-02-02 04:40:00+00:00,0,normal,26.6853,7.7356,6.2778,11.3085,18.2163
2026-02-02 04:50:00+00:00,0,normal,26.7059,7.7431,6.2441,11.5779,18.2295
2026-02-02 05:00:00+00:00,0,normal,26.857,7.7559,6.0972,11.7283,18.2702
2026-02-02 05:10:00+00:00,0,normal,27.0008,7.7818,6.0648,11.4168,18.2921
2026-02-02 05:20:00+00:00,0,normal,27.1223,7.7888,5.9837,11.5738,18.2984
2026-02-02 05:30:00+00:00,0,normal,27.19,7.8047,6.0712,11.6132,18.2999
2026-02-02 05:40:00+00:00,0,normal,27.2609,7.8165,6.0597,11.4901,18.2935
2026-02-02 05:50:00+00:00,0,normal,27.2259,7.7961,6.127,11.3747,18.26
2026-02-02 06:00:00+00:00,0,normal,27.2947,7.7939,6.0779,11.4943,18.2389
2026-02-02 06:10:00+00:00,0,normal,27.2831,7.7769,6.0796,11.2607,18.2394
2026-02-02 06:20:00+00:00,0,normal,27.3364,7.7794,5.967,10.9877,18.2541
2026-02-02 06:30:00+00:00,0,normal,27.3747,7.7904,5.9735,10.9078,18.2517
2026-02-02 06:40:00+00:00,0,normal,27.4147,7.818,5.883,10.9821,18.2515
2026-02-02 06:50:00+00:00,0,normal,27.495,7.8317,5.7491,10.8008,18.2529
2026-02-02 07:00:00+00:00,0,normal,27.5788,7.8624,5.6886,10.9644,18.2581
2026-02-02 07:10:00+00:00,0,normal,27.5959,7.8443,5.6054,11.112,18.2338
2026-02-02 07:20:00+00:00,0,normal,27.6474,7.8385,5.5759,11.0992,18.2241
2026-02-02 07:30:00+00:00,0,normal,27.7143,7.8209,5.5491,10.8366,18.2393
2026-02-02 07:40:00+00:00,0,normal,27.6815,7.8115,5.5974,10.9613,18.2524
2026-02-02 07:50:00+00:00,0,normal,27.7009,7.8178,5.65,11.1139,18.2559
2026-02-02 08:00:00+00:00,0,normal,27.725,7.842,5.6851,11.0866,18.2519
2026-02-02 08:10:00+00:00,0,normal,27.7141,7.847,5.6308,11.0912,18.2499
2026-02-02 08:20:00+00:00,0,normal,27.6849,7.8549,5.6755,11.2664,18.2366
2026-02-02 08:30:00+00:00,0,normal,27.7274,7.8491,5.7057,11.2966,18.2296
2026-02-02 08:40:00+00:00,0,normal,27.7673,7.8356,5.6282,11.0978,18.211
2026-02-02 08:50:00+00:00,0,normal,27.7845,7.8336,5.5696,11.1027,18.1922
2026-02-02 09:00:00+00:00,0,normal,27.9268,7.835,5.5199,10.9575,18.1937
2026-02-02 09:10:00+00:00,0,normal,28.0325,7.8238,5.4304,10.9886,18.1968
2026-02-02 09:20:00+00:00,0,normal,28.1053,7.8332,5.3343,10.851,18.1791
2026-02-02 09:30:00+00:00,0,normal,28.1243,7.8107,5.2843,10.8453,18.1947
2026-02-02 09:40:00+00:00,0,normal,28.2243,7.808,5.2171,10.5297,18.2024
2026-02-02 09:50:00+00:00,0,normal,28.1113,7.7871,5.2763,10.5832,18.206
2026-02-02 10:00:00+00:00,0,normal,27.9908,7.7788,5.3272,10.6056,18.1843
2026-02-02 10:10:00+00:00,0,normal,27.9291,7.7761,5.3658,10.7097,18.1854
2026-02-02 10:20:00+00:00,0,normal,27.9194,7.7916,5.3609,10.6415,18.1564
2026-02-02 10:30:00+00:00,0,normal,27.8546,7.7767,5.4406,10.594,18.1556
2026-02-02 10:40:00+00:00,0,normal,27.887,7.7974,5.4306,10.6839,18.1445
2026-02-02 10:50:00+00:00,0,normal,28.0185,7.8135,5.3429,10.7749,18.1462
2026-02-02 11:00:00+00:00,0,normal,28.0377,7.7938,5.3363,10.5818,18.1322
2026-02-02 11:10:00+00:00,0,normal,28.0334,7.7856,5.3356,10.5151,18.1321
2026-02-02 11:20:00+00:00,0,normal,27.9789,7.7702,5.3324,10.8185,18.1613
2026-02-02 11:30:00+00:00,0,normal,27.912,7.7504,5.3329,10.8171,18.1509
2026-02-02 11:40:00+00:00,0,normal,27.9028,7.7384,5.3508,10.7413,18.152
2026-02-02 11:50:00+00:00,0,normal,27.8707,7.7374,5.3353,10.9234,18.1568
2026-02-02 12:00:00+00:00,0,normal,27.7954,7.7072,5.3968,10.7804,18.1379
2026-02-02 12:10:00+00:00,0,normal,27.7806,7.7007,5.4909,10.6182,18.107
2026-02-02 12:20:00+00:00,0,normal,27.7683,7.6791,5.4973,10.5752,18.1062
2026-02-02 12:30:00+00:00,0,normal,27.6543,7.6525,5.5745,10.4253,18.0834
2026-02-02 12:40:00+00:00,0,normal,27.5722,7.6336,5.6588,10.3349,18.0958
2026-02-02 12:50:00+00:00,0,normal,27.5063,7.6379,5.6618,10.4707,18.1059
2026-02-02 13:00:00+00:00,0,normal,27.4856,7.6268,5.666,10.4578,18.0823
2026-02-02 13:10:00+00:00,0,normal,27.4498,7.6032,5.6912,10.3453,18.0735
2026-02-02 13:20:00+00:00,0,normal,27.4756,7.6017,5.6207,10.2151,18.0761
2026-02-02 13:30:00+00:00,0,normal,27.4912,7.5907,5.6643,10.0798,18.0348
2026-02-02 13:40:00+00:00,0,normal,27.5121,7.5799,5.7106,10.0721,18.0272
2026-02-02 13:50:00+00:00,0,normal,27.4481,7.568,5.7313,10.1009,18.0302
2026-02-02 14:00:00+00:00,0,normal,27.4196,7.566,5.6631,10.177,18.0082
2026-02-02 14:10:00+00:00,0,normal,27.3458,7.5512,5.777,10.257,18.0045
2026-02-02 14:20:00+00:00,0,normal,27.313,7.545,5.7932,10.5098,18.0049
2026-02-02 14:30:00+00:00,0,normal,27.2508,7.5394,5.8147,10.6423,17.9994
2026-02-02 14:40:00+00:00,0,normal,27.2662,7.5327,5.8066,10.5832,18.0026
2026-02-02 14:50:00+00:00,0,normal,27.2197,7.5378,5.9569,10.5343,18.0136
2026-02-02 15:00:00+00:00,0,normal,27.1832,7.5412,5.9906,10.6918,18.0159
2026-02-02 15:10:00+00:00,0,normal,27.087,7.5405,6.0576,10.4307,18.0044
2026-02-02 15:20:00+00:00,0,normal,26.9718,7.5297,6.1167,10.2079,18.0032
2026-02-02 15:30:00+00:00,0,normal,26.8887,7.5287,6.1644,10.4019,17.9834
2026-02-02 15:40:00+00:00,0,normal,26.8601,7.4958,6.191,10.453,17.9627
2026-02-02 15:50:00+00:00,0,normal,26.7976,7.4803,6.2165,10.4356,17.9671
2026-02-02 16:00:00+00:00,0,normal,26.7755,7.4689,6.1671,10.5397,17.9678
2026-02-02 16:10:00+00:00,0,normal,26.7732,7.4616,6.1774,10.5939,17.9653
2026-02-02 16:20:00+00:00,0,normal,26.6794,7.4286,6.2513,10.3043,17.9673
2026-02-02 16:30:00+00:00,0,normal,26.6181,7.4348,6.2951,10.2454,17.9708
2026-02-02 16:40:00+00:00,0,normal,26.5579,7.42,6.38,10.2659,17.9707
2026-02-02 16:50:00+00:00,0,normal,26.468,7.4148,6.469,10.3721,17.9743
2026-02-02 17:00:00+00:00,0,normal,26.4664,7.3836,6.479,10.5231,17.9657
2026-02-02 17:10:00+00:00,0,normal,26.41,7.375,6.4819,10.7635,17.9608
2026-02-02 17:20:00+00:00,0,normal,26.316,7.3427,6.5184,10.9988,17.9684
2026-02-02 17:30:00+00:00,0,normal,26.3072,7.3379,6.4549,10.7008,17.9535
2026-02-02 17:40:00+00:00,0,normal,26.3071,7.3369,6.4726,10.5985,17.9503
2026-02-02 17:50:00+00:00,0,normal,26.2036,7.3395,6.6315,10.3878,17.9446
2026-02-02 18:00:00+00:00,0,normal,26.196,7.3431,6.6204,10.483,17.9489
2026-02-02 18:10:00+00:00,0,normal,26.1739,7.3597,6.6419,10.1909,17.9396
2026-02-02 18:20:00+00:00,0,normal,25.9687,7.3439,6.8151,10.4854,17.9549
2026-02-02 18:30:00+00:00,0,normal,25.8586,7.3186,6.8952,10.4243,17.955
2026-02-02 18:40:00+00:00,0,normal,25.8248,7.3184,6.8024,10.5882,17.9649
2026-02-02 18:50:00+00:00,0,normal,25.7582,7.3047,6.9112,10.4209,17.9632
2026-02-02 19:00:00+00:00,0,normal,25.7196,7.2954,6.9201,10.4963,17.9654
2026-02-02 19:10:00+00:00,0,normal,25.8187,7.307,6.8296,10.439,17.957
2026-02-02 19:20:00+00:00,0,normal,25.8011,7.3104,6.8646,10.6072,17.9662
2026-02-02 19:30:00+00:00,0,normal,25.7279,7.3147,6.9627,10.5673,17.9676
2026-02-02 19:40:00+00:00,0,normal,25.7173,7.3249,6.932,10.6963,17.9729
2026-02-02 19:50:00+00:00,0,normal,25.6634,7.3268,6.968,10.8317,17.9606
2026-02-02 20:00:00+00:00,0,normal,25.5858,7.324,7.0418,10.7693,17.9562
2026-02-02 20:10:00+00:00,0,normal,25.5576,7.3103,6.9824,10.8963,17.9487
2026-02-02 20:20:00+00:00,0,normal,25.649,7.2992,6.9535,11.0115,17.939
2026-02-02 20:30:00+00:00,0,normal,25.5315,7.2914,7.0738,10.8878,17.9654
2026-02-02 20:40:00+00:00,0,normal,25.5062,7.2781,7.1013,10.8633,17.9669
2026-02-02 20:50:00+00:00,0,normal,25.4909,7.2773,7.1347,11.0459,17.9625
2026-02-02 21:00:00+00:00,0,normal,25.4546,7.2937,7.2158,10.9263,17.9637
2026-02-02 21:10:00+00:00,0,normal,25.3899,7.2935,7.2365,10.8897,17.9682
2026-02-02 21:20:00+00:00,0,normal,25.4858,7.3076,7.1307,10.5809,17.9287
2026-02-02 21:30:00+00:00,0,normal,25.4863,7.318,7.1631,10.4306,17.9448
2026-02-02 21:40:00+00:00,0,normal,25.4672,7.3091,7.141,10.4148,17.9364
2026-02-02 21:50:00+00:00,0,normal,25.4842,7.3243,7.1565,10.2652,17.9414
2026-02-02 22:00:00+00:00,0,normal,25.4434,7.3252,7.138,10.3235,17.9447
2026-02-02 22:10:00+00:00,0,normal,25.4089,7.314,7.1594,10.8245,17.9527
2026-02-02 22:20:00+00:00,0,normal,25.4039,7.3277,7.1485,10.9425,17.9513
2026-02-02 22:30:00+00:00,0,normal,25.4252,7.3469,7.1775,10.6977,17.9769
2026-02-02 22:40:00+00:00,0,normal,25.4611,7.3431,7.1446,10.749,17.9809
2026-02-02 22:50:00+00:00,0,normal,25.4277,7.3756,7.1669,10.7914,17.9825
2026-02-02 23:00:00+00:00,0,normal,25.4022,7.3863,7.2275,10.8558,17.9899
2026-02-02 23:10:00+00:00,0,normal,25.3578,7.3846,7.2585,10.6624,17.9924
2026-02-02 23:20:00+00:00,0,normal,25.394,7.4064,7.2803,10.8883,17.9847
2026-02-02 23:30:00+00:00,0,normal,25.3923,7.417,7.2825,10.8305,17.9755
2026-02-02 23:40:00+00:00,0,normal,25.4734,7.4186,7.2528,10.7873,17.9954
2026-02-02 23:50:00+00:00,0,normal,25.4806,7.4292,7.1975,10.6535,17.9949
2026-02-03 00:00:00+00:00,0,normal,25.6308,7.4608,7.0669,11.1635,18.0215
2026-02-03 00:10:00+00:00,0,normal,25.6028,7.4611,7.0491,11.1161,18.0381
2026-02-03 00:20:00+00:00,0,normal,25.627,7.4646,7.0531,11.4132,18.0406
2026-02-03 00:30:00+00:00,0,normal,25.6688,7.4634,7.0197,11.5339,18.0244
2026-02-03 00:40:00+00:00,0,normal,25.7159,7.4814,7.0438,11.5488,18.0276
2026-02-03 00:50:00+00:00,0,normal,25.665,7.4929,7.1045,11.3206,18.012
2026-02-03 01:00:00+00:00,0,normal,25.7283,7.4885,7.0813,11.3977,17.9947
2026-02-03 01:10:00+00:00,0,normal,25.8617,7.4958,7.015,11.2175,18.0116
2026-02-03 01:20:00+00:00,0,normal,25.8802,7.5059,6.9546,11.0314,17.995
2026-02-03 01:30:00+00:00,0,normal,26.0135,7.5175,6.9098,11.0232,17.9876
2026-02-03 01:40:00+00:00,0,normal,26.1181,7.5174,6.8664,10.8996,17.9787
2026-02-03 01:50:00+00:00,0,normal,26.1679,7.5479,6.7941,10.8583,17.9728
2026-02-03 02:00:00+00:00,0,normal,26.0737,7.5641,6.7837,10.9315,17.9475
2026-02-03 02:10:00+00:00,0,normal,26.1467,7.5834,6.8133,11.0527,17.9723
2026-02-03 02:20:00+00:00,0,normal,26.0818,7.5958,6.7831,11.1577,17.9688
2026-02-03 02:30:00+00:00,0,normal,26.144,7.614,6.7052,11.2715,17.9654
2026-02-03 02:40:00+00:00,0,normal,26.1869,7.6016,6.6681,11.2512,17.979
2026-02-03 02:50:00+00:00,0,normal,26.1771,7.6158,6.6435,11.3277,18.0063
2026-02-03 03:00:00+00:00,0,normal,26.1774,7.6168,6.6729,11.4042,17.9939
2026-02-03 03:10:00+00:00,0,normal,26.3064,7.6255,6.6188,11.3082,17.995
2026-02-03 03:20:00+00:00,0,normal,26.2923,7.6309,6.7142,11.2269,17.9942
2026-02-03 03:30:00+00:00,0,normal,26.3635,7.6574,6.7026,11.2666,17.9977
2026-02-03 03:40:00+00:00,0,normal,26.4814,7.6663,6.6869,11.203,17.9974
2026-02-03 03:50:00+00:00,0,normal,26.5001,7.6839,6.5873,11.2441,18.0055
2026-02-03 04:00:00+00:00,0,normal,26.5276,7.6945,6.5518,11.375,18.017
2026-02-03 04:10:00+00:00,0,normal,26.5911,7.7159,6.4386,11.4827,18.0122
2026-02-03 04:20:00+00:00,0,normal,26.6066,7.731,6.3847,11.7399,18.006
2026-02-03 04:30:00+00:00,0,normal,26.735,7.7427,6.2773,11.754,18.002
2026-02-03 04:40:00+00:00,0,normal,26.805,7.7578,6.2779,11.7805,17.9998
2026-02-03 04:50:00+00:00,0,normal,26.872,7.7638,6.2533,11.8344,17.9986
2026-02-03 05:00:00+00:00,0,normal,26.9262,7.7784,6.1685,11.9561,18.0003
2026-02-03 05:10:00+00:00,0,normal,26.935,7.7684,6.1791,11.7762,18.0055
2026-02-03 05:20:00+00:00,0,normal,26.8951,7.7701,6.2152,11.7857,17.985
2026-02-03 05:30:00+00:00,0,normal,26.9772,7.7705,6.1303,11.6226,17.982
2026-02-03 05:40:00+00:00,0,normal,27.0874,7.7841,6.0286,11.5726,17.9827
2026-02-03 05:50:00+00:00,0,normal,27.1552,7.7681,6.0397,11.3491,18.0006
2026-02-03 06:00:00+00:00,0,normal,27.1975,7.777,5.9144,11.2738,17.9977
2026-02-03 06:10:00+00:00,0,normal,27.1803,7.7894,5.8903,11.4324,18.0182
2026-02-03 06:20:00+00:00,0,normal,27.2523,7.7878,5.9141,11.4876,18.0135
2026-02-03 06:30:00+00:00,0,normal,27.2224,7.8009,5.853,11.4853,18.028
2026-02-03 06:40:00+00:00,0,normal,27.2861,7.8163,5.8221,11.4232,18.0251
2026-02-03 06:50:00+00:00,0,normal,27.3586,7.8254,5.875,11.3892,18.0099
2026-02-03 07:00:00+00:00,0,normal,27.5237,7.8293,5.7397,11.2264,17.9943
2026-02-03 07:10:00+00:00,0,normal,27.5668,7.842,5.6714,11.1363,18.001
2026-02-03 07:20:00+00:00,0,normal,27.5914,7.8252,5.7626,10.8789,17.9728
2026-02-03 07:30:00+00:00,0,normal,27.5705,7.8087,5.6959,11.0784,17.9483
2026-02-03 07:40:00+00:00,0,normal,27.6369,7.8212,5.6135,11.2255,17.9489
2026-02-03 07:50:00+00:00,0,normal,27.6756,7.8233,5.631,11.1377,17.9276
2026-02-03 08:00:00+00:00,0,normal,27.6746,7.8258,5.6351,11.2096,17.9204
2026-02-03 08:10:00+00:00,0,normal,27.7537,7.8348,5.5388,11.5468,17.9267
2026-02-03 08:20:00+00:00,0,normal,27.7782,7.8423,5.5536,11.6098,17.9319
2026-02-03 08:30:00+00:00,0,normal,27.7533,7.83,5.5568,11.4431,17.9375
2026-02-03 08:40:00+00:00,0,normal,27.8265,7.8099,5.5139,11.3309,17.9616
2026-02-03 08:50:00+00:00,0,normal,27.8247,7.8052,5.5083,11.2462,17.945
2026-02-03 09:00:00+00:00,0,normal,27.7864,7.8081,5.5386,11.2583,17.9353
2026-02-03 09:10:00+00:00,0,normal,27.8155,7.808,5.5075,11.2145,17.9286
2026-02-03 09:20:00+00:00,0,normal,27.8784,7.8259,5.4918,11.2169,17.9108
2026-02-03 09:30:00+00:00,0,normal,27.8036,7.8242,5.4934,11.4865,17.9088
2026-02-03 09:40:00+00:00,0,normal,27.8327,7.8143,5.4089,11.5659,17.9189
2026-02-03 09:50:00+00:00,0,normal,27.8574,7.8067,5.4274,11.0749,17.9072
2026-02-03 10:00:00+00:00,0,normal,27.8693,7.8033,5.4812,11.0206,17.909
2026-02-03 10:10:00+00:00,0,normal,27.7829,7.76,5.4607,11.0103,17.9002
2026-02-03 10:20:00+00:00,0,normal,27.863,7.7722,5.4647,10.7191,17.8804
2026-02-03 10:30:00+00:00,0,normal,27.8544,7.7734,5.5252,10.5767,17.8836
2026-02-03 10:40:00+00:00,0,normal,27.8705,7.747,5.4384,10.8074,17.9078
2026-02-03 10:50:00+00:00,0,normal,27.8059,7.7334,5.3992,10.5797,17.9165
2026-02-03 11:00:00+00:00,0,normal,27.8628,7.7386,5.4111,10.53,17.9206
2026-02-03 11:10:00+00:00,0,normal,27.7576,7.7161,5.5015,10.5657,17.9213
2026-02-03 11:20:00+00:00,0,normal,27.8002,7.696,5.5078,10.6203,17.9113
2026-02-03 11:30:00+00:00,0,normal,27.7403,7.7077,5.5458,10.519,17.8839
2026-02-03 11:40:00+00:00,0,normal,27.7971,7.7191,5.4898,10.3971,17.8497
2026-02-03 11:50:00+00:00,0,normal,27.7682,7.7187,5.5487,10.3393,17.8582
2026-02-03 12:00:00+00:00,0,normal,27.7516,7.6938,5.516,10.2503,17.8404
2026-02-03 12:10:00+00:00,0,normal,27.6632,7.695,5.5473,9.9997,17.8367
2026-02-03 12:20:00+00:00,0,normal,27.7018,7.6824,5.5294,10.1424,17.8373
2026-02-03 12:30:00+00:00,0,normal,27.5758,7.6411,5.6622,10.3981,17.8615
2026-02-03 12:40:00+00:00,0,normal,27.5191,7.6298,5.6456,10.3219,17.8475
2026-02-03 12:50:00+00:00,0,normal,27.4307,7.6433,5.6949,10.268,17.8476
2026-02-03 13:00:00+00:00,0,normal,27.3639,7.6219,5.6914,10.3813,17.8412
2026-02-03 13:10:00+00:00,0,normal,27.2503,7.5937,5.8456,10.0889,17.8258
2026-02-03 13:20:00+00:00,0,normal,27.2203,7.5744,5.8584,9.9576,17.795
2026-02-03 13:30:00+00:00,0,normal,27.1997,7.5546,5.8897,10.0563,17.7656
2026-02-03 13:40:00+00:00,0,normal,27.1542,7.5334,5.904,10.2148,17.7647
2026-02-03 13:50:00+00:00,0,normal,27.1121,7.5231,5.9307,10.2497,17.7347
2026-02-03 14:00:00+00:00,0,normal,27.1386,7.5235,5.8307,10.2965,17.7459
2026-02-03 14:10:00+00:00,0,normal,27.164,7.5385,5.8766,10.3188,17.7357
2026-02-03 14:20:00+00:00,0,normal,27.1487,7.5385,5.9557,10.4408,17.7439
2026-02-03 14:30:00+00:00,0,normal,27.1356,7.5317,5.9629,10.1664,17.7373
2026-02-03 14:40:00+00:00,0,normal,27.0663,7.531,6.0321,10.1556,17.7494
2026-02-03 14:50:00+00:00,0,normal,26.9306,7.5153,6.2092,10.1037,17.7241
2026-02-03 15:00:00+00:00,0,normal,26.8621,7.488,6.2311,10.2431,17.7441
2026-02-03 15:10:00+00:00,0,normal,26.8335,7.4688,6.196,10.1858,17.7446
2026-02-03 15:20:00+00:00,0,normal,26.8484,7.4538,6.2051,10.4976,17.7433
2026-02-03 15:30:00+00:00,0,normal,26.8721,7.4208,6.1302,10.3637,17.7318
2026-02-03 15:40:00+00:00,0,normal,26.8318,7.4115,6.1215,10.5192,17.7406
2026-02-03 15:50:00+00:00,0,normal,26.7792,7.4206,6.1598,10.4039,17.7391
2026-02-03 16:00:00+00:00,0,normal,26.6811,7.4199,6.2688,10.0521,17.7582
2026-02-03 16:10:00+00:00,0,normal,26.5859,7.4176,6.3521,9.9818,17.7463
2026-02-03 16:20:00+00:00,0,normal,26.5811,7.4298,6.435,10.1441,17.7474
2026-02-03 16:30:00+00:00,0,normal,26.4889,7.4361,6.4353,9.9616,17.722
2026-02-03 16:40:00+00:00,0,normal,26.4244,7.4067,6.4501,9.9897,17.7124
2026-02-03 16:50:00+00:00,0,normal,26.4247,7.3845,6.4045,10.2656,17.6728
2026-02-03 17:00:00+00:00,0,normal,26.3247,7.3788,6.4597,10.4066,17.6809
2026-02-03 17:10:00+00:00,0,normal,26.1742,7.3646,6.5081,10.2998,17.6905
2026-02-03 17:20:00+00:00,0,normal,26.1651,7.3397,6.5756,10.4821,17.7013
2026-02-03 17:30:00+00:00,0,normal,26.1128,7.3465,6.6466,10.4616,17.6844
2026-02-03 17:40:00+00:00,0,normal,25.9598,7.3389,6.764,10.1509,17.7062
2026-02-03 17:50:00+00:00,0,normal,25.983,7.3181,6.7616,9.9701,17.708
2026-02-03 18:00:00+00:00,0,normal,25.9801,7.306,6.8311,10.0361,17.6847
2026-02-03 18:10:00+00:00,0,normal,25.9685,7.3108,6.8909,9.7693,17.6879
2026-02-03 18:20:00+00:00,0,normal,25.8974,7.301,6.892,9.8188,17.6869
2026-02-03 18:30:00+00:00,0,normal,25.9114,7.3166,6.9042,10.1508,17.6831
2026-02-03 18:40:00+00:00,0,normal,25.8124,7.3142,7.0014,10.2132,17.6764
2026-02-03 18:50:00+00:00,0,normal,25.7326,7.3133,7.0437,10.2984,17.6991
2026-02-03 19:00:00+00:00,0,normal,25.7496,7.3227,6.9284,10.5286,17.6884
2026-02-03 19:10:00+00:00,0,normal,25.7437,7.3283,6.9246,10.4761,17.6971
2026-02-03 19:20:00+00:00,0,normal,25.6588,7.311,6.9836,10.5795,17.6867
2026-02-03 19:30:00+00:00,0,normal,25.6604,7.2993,6.934,10.5951,17.6872
2026-02-03 19:40:00+00:00,0,normal,25.5883,7.2913,7.0037,10.332,17.6679
2026-02-03 19:50:00+00:00,0,normal,25.434,7.2617,7.2097,10.4025,17.6557
2026-02-03 20:00:00+00:00,0,normal,25.3614,7.2505,7.2581,10.425,17.6595
2026-02-03 20:10:00+00:00,0,normal,25.3585,7.2459,7.213,10.4497,17.66
2026-02-03 20:20:00+00:00,0,normal,25.3581,7.2762,7.2245,10.4271,17.6502
2026-02-03 20:30:00+00:00,0,normal,25.4021,7.2737,7.1545,10.544,17.651
2026-02-03 20:40:00+00:00,0,normal,25.4407,7.2773,7.1356,10.4533,17.661
2026-02-03 20:50:00+00:00,0,normal,25.4174,7.2811,7.1406,10.6275,17.6385
2026-02-03 21:00:00+00:00,0,normal,25.395,7.2926,7.2159,10.5831,17.6479
2026-02-03 21:10:00+00:00,0,normal,25.3543,7.2567,7.2981,10.7971,17.6611
2026-02-03 21:20:00+00:00,0,normal,25.2965,7.2565,7.3713,11.0971,17.6542
2026-02-03 21:30:00+00:00,0,normal,25.2556,7.2671,7.3614,11.1461,17.6883
2026-02-03 21:40:00+00:00,0,normal,25.3013,7.2843,7.3741,10.921,17.6958
2026-02-03 21:50:00+00:00,0,normal,25.3008,7.3018,7.415,10.8991,17.6938
2026-02-03 22:00:00+00:00,0,normal,25.2941,7.3267,7.3704,10.8376,17.6898
2026-02-03 22:10:00+00:00,0,normal,25.3714,7.3506,7.343,10.5384,17.6917
2026-02-03 22:20:00+00:00,0,normal,25.375,7.3519,7.3256,10.6942,17.6734
2026-02-03 22:30:00+00:00,0,normal,25.4036,7.3534,7.2614,10.8528,17.6832
2026-02-03 22:40:00+00:00,0,normal,25.4408,7.3589,7.1786,10.7668,17.6723
2026-02-03 22:50:00+00:00,0,normal,25.3867,7.3784,7.2078,10.6029,17.6856
2026-02-03 23:00:00+00:00,0,normal,25.2988,7.3827,7.2141,10.8294,17.704
2026-02-03 23:10:00+00:00,0,normal,25.2865,7.3898,7.2039,11.0306,17.7088
2026-02-03 23:20:00+00:00,0,normal,25.2271,7.3891,7.3097,10.9766,17.71
2026-02-03 23:30:00+00:00,0,normal,25.2198,7.3956,7.3442,11.1593,17.7205
2026-02-03 23:40:00+00:00,0,normal,25.3131,7.3937,7.2947,11.2348,17.7099
2026-02-03 23:50:00+00:00,0,normal,25.4184,7.3915,7.2383,11.2337,17.7104
2026-02-04 00:00:00+00:00,0,normal,25.4822,7.4078,7.1934,10.9582,18.2467
2026-02-04 00:10:00+00:00,0,normal,25.5218,7.4161,7.1597,10.9829,18.2289
2026-02-04 00:20:00+00:00,0,normal,25.4769,7.3941,7.1965,11.2363,18.2395
2026-02-04 00:30:00+00:00,0,normal,25.4862,7.4094,7.2412,11.3343,18.2412
2026-02-04 00:40:00+00:00,0,normal,25.4728,7.439,7.2327,11.1553,18.2434
2026-02-04 00:50:00+00:00,0,normal,25.5011,7.4697,7.3109,11.3133,18.2475
2026-02-04 01:00:00+00:00,0,normal,25.6276,7.4761,7.2263,11.4837,18.2683
2026-02-04 01:10:00+00:00,0,normal,25.7835,7.5164,7.0707,11.3056,18.2712
2026-02-04 01:20:00+00:00,0,normal,25.8473,7.5357,6.9458,11.2906,18.276
2026-02-04 01:30:00+00:00,0,normal,25.8514,7.5457,6.9203,11.3772,18.2921
2026-02-04 01:40:00+00:00,0,normal,25.8676,7.5303,6.8509,11.2229,18.3075
2026-02-04 01:50:00+00:00,0,normal,25.831,7.5404,6.8617,11.0916,18.3047
2026-02-04 02:00:00+00:00,0,normal,25.8025,7.5429,6.8772,10.9899,18.2962
2026-02-04 02:10:00+00:00,0,normal,25.8376,7.5462,6.8671,10.96,18.3091
2026-02-04 02:20:00+00:00,0,normal,25.9317,7.5506,6.8127,11.2057,18.2923
2026-02-04 02:30:00+00:00,0,normal,25.9587,7.582,6.7499,11.4154,18.2909
2026-02-04 02:40:00+00:00,0,normal,26.0539,7.602,6.7351,11.5849,18.3105
2026-02-04 02:50:00+00:00,0,normal,26.1351,7.5972,6.7636,11.5468,18.2861
2026-02-04 03:00:00+00:00,0,normal,26.1053,7.6019,6.8517,11.5141,18.2779
2026-02-04 03:10:00+00:00,0,normal,26.1418,7.6219,6.8789,11.3952,18.2885
2026-02-04 03:20:00+00:00,0,normal,26.243,7.627,6.832,11.3448,18.2762
2026-02-04 03:30:00+00:00,0,normal,26.2873,7.6443,6.7444,11.2175,18.2732
2026-02-04 03:40:00+00:00,0,normal,26.3243,7.6849,6.6802,11.3455,18.2944
2026-02-04 03:50:00+00:00,0,normal,26.4695,7.6922,6.532,11.6233,18.2729
2026-02-04 04:00:00+00:00,0,normal,26.5314,7.6949,6.4806,11.5918,18.2678
2026-02-04 04:10:00+00:00,0,normal,26.5275,7.7131,6.5456,11.635,18.2744
2026-02-04 04:20:00+00:00,0,normal,26.495,7.698,6.5744,11.6831,18.2639
2026-02-04 04:30:00+00:00,0,normal,26.601,7.6963,6.5598,11.6534,18.2693
2026-02-04 04:40:00+00:00,0,normal,26.6675,7.7274,6.4863,11.5597,18.2753
2026-02-04 04:50:00+00:00,0,normal,26.7253,7.7515,6.4461,11.4951,18.2744
2026-02-04 05:00:00+00:00,0,normal,26.8791,7.7572,6.3088,11.2946,18.2653
2026-02-04 05:10:00+00:00,0,normal,27.0201,7.7939,6.1907,11.279,18.2785
2026-02-04 05:20:00+00:00,0,normal,27.0558,7.7922,6.1122,11.0812,18.2817
2026-02-04 05:30:00+00:00,0,normal,27.0307,7.7973,6.194,11.0456,18.3027
2026-02-04 05:40:00+00:00,0,normal,27.1314,7.7853,6.1891,10.9968,18.2984
2026-02-04 05:50:00+00:00,0,normal,27.146,7.7741,6.1709,11.2603,18.3012
2026-02-04 06:00:00+00:00,0,normal,27.1421,7.7752,6.1288,11.158,18.2792
2026-02-04 06:10:00+00:00,0,normal,27.1405,7.7836,6.1048,11.4861,18.26
2026-02-04 06:20:00+00:00,0,normal,27.2284,7.7806,6.025,11.3938,18.2424
2026-02-04 06:30:00+00:00,0,normal,27.1505,7.7941,5.9688,11.4763,18.2298
2026-02-04 06:40:00+00:00,0,normal,27.1996,7.8252,5.9262,11.39,18.2341
2026-02-04 06:50:00+00:00,0,normal,27.221,7.8286,5.9482,11.4504,18.2307
2026-02-04 07:00:00+00:00,0,normal,27.2987,7.8329,5.8796,11.267,18.2294
2026-02-04 07:10:00+00:00,0,normal,27.3094,7.8388,5.8706,11.2288,18.2247
2026-02-04 07:20:00+00:00,0,normal,27.397,7.8325,5.8697,11.1957,18.2208
2026-02-04 07:30:00+00:00,0,normal,27.3799,7.8241,5.8178,11.3414,18.2116
2026-02-04 07:40:00+00:00,0,normal,27.4419,7.8238,5.7765,11.1059,18.2208
2026-02-04 07:50:00+00:00,0,normal,27.5282,7.8367,5.6788,10.9613,18.215
2026-02-04 08:00:00+00:00,0,normal,27.6265,7.8185,5.6488,11.115,18.204
2026-02-04 08:10:00+00:00,0,normal,27.6765,7.8069,5.5986,11.2588,18.2057
2026-02-04 08:20:00+00:00,0,normal,27.7284,7.7859,5.5412,10.8768,18.1947
2026-02-04 08:30:00+00:00,0,normal,27.7881,7.8018,5.5184,10.8466,18.1975
2026-02-04 08:40:00+00:00,0,normal,27.7822,7.785,5.5537,11.0966,18.195
2026-02-04 08:50:00+00:00,0,normal,27.7216,7.8016,5.4899,10.8295,18.2021
2026-02-04 09:00:00+00:00,0,normal,27.723,7.8127,5.4865,10.6314,18.2035
2026-02-04 09:10:00+00:00,0,normal,27.6731,7.8177,5.5984,10.7203,18.1979
2026-02-04 09:20:00+00:00,0,normal,27.6955,7.7986,5.5917,10.7716,18.1737
2026-02-04 09:30:00+00:00,0,normal,27.7392,7.8213,5.5537,10.7097,18.1697
2026-02-04 09:40:00+00:00,0,normal,27.7797,7.8171,5.5332,10.8034,18.1716
2026-02-04 09:50:00+00:00,0,normal,27.7114,7.8177,5.5277,10.7365,18.1792
2026-02-04 10:00:00+00:00,0,normal,27.8019,7.8304,5.4343,10.6146,18.2024
2026-02-04 10:10:00+00:00,0,normal,27.7296,7.8155,5.4548,10.8513,18.2165
2026-02-04 10:20:00+00:00,0,normal,27.6296,7.7991,5.5358,10.695,18.2059
2026-02-04 10:30:00+00:00,0,normal,27.6452,7.7961,5.4971,10.7363,18.1859
2026-02-04 10:40:00+00:00,0,normal,27.7243,7.7977,5.433,10.8085,18.1767
2026-02-04 10:50:00+00:00,0,normal,27.676,7.7751,5.4673,10.6792,18.1686
2026-02-04 11:00:00+00:00,0,normal,27.6739,7.7693,5.5177,10.5952,18.159
2026-02-04 11:10:00+00:00,0,normal,27.6888,7.7449,5.5199,10.7208,18.1721
2026-02-04 11:20:00+00:00,0,normal,27.6357,7.7189,5.5938,10.833,18.1708
2026-02-04 11:30:00+00:00,0,normal,27.5685,7.6911,5.663,10.6025,18.1684
2026-02-04 11:40:00+00:00,0,normal,27.5537,7.6867,5.6694,10.4258,18.1427
2026-02-04 11:50:00+00:00,0,normal,27.5667,7.6807,5.6502,10.3922,18.1157
2026-02-04 12:00:00+00:00,0,normal,27.5311,7.6818,5.6565,10.1869,18.1102
2026-02-04 12:10:00+00:00,0,normal,27.4681,7.6814,5.7302,9.8061,18.1034
2026-02-04 12:20:00+00:00,0,normal,27.5147,7.6734,5.6568,10.0067,18.0709
2026-02-04 12:30:00+00:00,0,normal,27.3971,7.6452,5.6932,10.285,18.08
2026-02-04 12:40:00+00:00,0,normal,27.3359,7.6328,5.7012,10.0553,18.0727
2026-02-04 12:50:00+00:00,0,normal,27.2852,7.6101,5.7326,10.0937,18.0642
2026-02-04 13:00:00+00:00,0,normal,27.3047,7.5892,5.7662,10.2956,18.0602
2026-02-04 13:10:00+00:00,0,normal,27.2509,7.6018,5.7838,10.286,18.081
2026-02-04 13:20:00+00:00,0,normal,27.35,7.5932,5.7708,10.3393,18.072
2026-02-04 13:30:00+00:00,0,normal,27.2987,7.6013,5.7915,10.513,18.093
2026-02-04 13:40:00+00:00,0,normal,27.2988,7.6013,5.7921,10.3214,18.074
2026-02-04 13:50:00+00:00,0,normal,27.2558,7.6064,5.8,10.2396,18.0577
2026-02-04 14:00:00+00:00,0,normal,27.1278,7.583,5.9547,10.2339,18.0351
2026-02-04 14:10:00+00:00,0,normal,27.1082,7.5918,5.9238,10.1602,18.0316
2026-02-04 14:20:00+00:00,0,normal,27.0334,7.5754,6.0206,10.009,18.0178
2026-02-04 14:30:00+00:00,0,normal,26.9776,7.551,6.0981,10.1028,18.0332
2026-02-04 14:40:00+00:00,0,normal,26.9338,7.5292,6.0828,10.067,18.0487
2026-02-04 14:50:00+00:00,0,normal,26.9537,7.5056,6.006,10.1329,18.038
2026-02-04 15:00:00+00:00,0,normal,26.8149,7.4689,6.1287,10.3352,18.0322
2026-02-04 15:10:00+00:00,0,normal,26.8432,7.4406,6.0944,10.5658,18.0288
2026-02-04 15:20:00+00:00,0,normal,26.718,7.4523,6.1488,10.471,18.0257
2026-02-04 15:30:00+00:00,0,normal,26.6471,7.4401,6.1297,10.3957,18.0083
2026-02-04 15:40:00+00:00,0,normal,26.562,7.4532,6.2096,10.3643,18.0078
2026-02-04 15:50:00+00:00,0,normal,26.5002,7.4761,6.2919,10.3372,18.0034
2026-02-04 16:00:00+00:00,0,normal,26.4303,7.4977,6.3712,10.0842,18.0108
2026-02-04 16:10:00+00:00,0,normal,26.4697,7.4925,6.3493,10.276,17.994
2026-02-04 16:20:00+00:00,0,normal,26.4041,7.5047,6.4873,10.2558,18.0042
2026-02-04 16:30:00+00:00,0,normal,26.397,7.4825,6.5443,10.216,18.0072
2026-02-04 16:40:00+00:00,0,normal,26.3678,7.4576,6.5681,10.0052,18.0001
2026-02-04 16:50:00+00:00,0,normal,26.2652,7.4218,6.5867,10.1358,17.9947
2026-02-04 17:00:00+00:00,0,normal,26.1624,7.3934,6.6503,9.9875,17.9946
2026-02-04 17:10:00+00:00,0,normal,26.1099,7.3652,6.6135,9.9384,17.9825
2026-02-04 17:20:00+00:00,0,normal,26.0031,7.3583,6.686,10.256,17.9751
2026-02-04 17:30:00+00:00,0,normal,25.9638,7.3451,6.6479,10.3426,17.9703
2026-02-04 17:40:00+00:00,0,normal,25.9523,7.3247,6.6864,10.5664,17.9514
2026-02-04 17:50:00+00:00,0,normal,25.8532,7.3188,6.7172,10.8758,17.9461
2026-02-04 18:00:00+00:00,0,normal,25.7543,7.3023,6.8282,10.8867,17.9486
2026-02-04 18:10:00+00:00,0,normal,25.7455,7.2862,6.793,10.5976,17.9539
2026-02-04 18:20:00+00:00,0,normal,25.6528,7.2814,6.8738,10.4604,17.9461
2026-02-04 18:30:00+00:00,0,normal,25.6085,7.2854,6.8969,10.2068,17.947
2026-02-04 18:40:00+00:00,0,normal,25.6485,7.2918,6.9304,9.848,17.9444
2026-02-04 18:50:00+00:00,0,normal,25.6183,7.2931,6.981,9.8702,17.9358
2026-02-04 19:00:00+00:00,0,normal,25.5097,7.3019,7.0378,9.7525,17.9269
2026-02-04 19:10:00+00:00,0,normal,25.5585,7.3063,6.9964,9.8518,17.943
2026-02-04 19:20:00+00:00,0,normal,25.5212,7.3063,6.9832,9.9063,17.9582
2026-02-04 19:30:00+00:00,0,normal,25.4405,7.2935,6.9743,10.018,17.9581
2026-02-04 19:40:00+00:00,0,normal,25.4171,7.2823,7.0121,10.2266,17.9581
2026-02-04 19:50:00+00:00,0,normal,25.4158,7.2754,7.1038,10.4652,17.9622
2026-02-04 20:00:00+00:00,0,normal,25.2808,7.2754,7.1931,10.5756,17.9546
2026-02-04 20:10:00+00:00,0,normal,25.2702,7.286,7.2945,10.5847,17.9485
2026-02-04 20:20:00+00:00,0,normal,25.2295,7.2722,7.3984,10.7575,17.9478
2026-02-04 20:30:00+00:00,0,normal,25.2769,7.2747,7.284,10.605,17.9494
2026-02-04 20:40:00+00:00,0,normal,25.2573,7.2685,7.2263,10.6069,17.9725
2026-02-04 20:50:00+00:00,0,normal,25.2413,7.2755,7.2211,10.4676,17.9605
2026-02-04 21:00:00+00:00,0,normal,25.175,7.2687,7.2022,10.6686,17.9629
2026-02-04 21:10:00+00:00,0,normal,25.0917,7.2735,7.2077,10.7389,17.9805
2026-02-04 21:20:00+00:00,0,normal,25.0335,7.2754,7.2941,10.9814,17.9838
2026-02-04 21:30:00+00:00,0,normal,25.0295,7.2784,7.2705,10.9663,17.9665
2026-02-04 21:40:00+00:00,0,normal,25.0869,7.267,7.2573,11.1217,17.964
2026-02-04 21:50:00+00:00,0,normal,25.0268,7.2757,7.3013,10.8884,17.9571
2026-02-04 22:00:00+00:00,0,normal,25.158,7.3039,7.2649,10.7239,17.9552
2026-02-04 22:10:00+00:00,0,normal,25.1891,7.3151,7.1895,10.8794,17.9597
2026-02-04 22:20:00+00:00,0,normal,25.2399,7.3368,7.1933,10.8487,17.9573
2026-02-04 22:30:00+00:00,0,normal,25.2103,7.3545,7.2881,10.7502,17.9893
2026-02-04 22:40:00+00:00,0,normal,25.319,7.3478,7.1926,10.9173,17.9978
2026-02-04 22:50:00+00:00,0,normal,25.2309,7.3407,7.2142,11.0823,17.9951
2026-02-04 23:00:00+00:00,0,normal,25.2361,7.3609,7.235,10.8768,17.9882
2026-02-04 23:10:00+00:00,0,normal,25.1747,7.3603,7.3311,10.7899,17.9673
2026-02-04 23:20:00+00:00,0,normal,25.1308,7.3448,7.2535,11.0163,17.9566
2026-02-04 23:30:00+00:00,0,normal,25.0698,7.3617,7.3099,11.0861,17.9508
2026-02-04 23:40:00+00:00,0,normal,25.1412,7.3801,7.3058,11.106,17.9528
2026-02-04 23:50:00+00:00,0,normal,25.1063,7.3981,7.3812,11.1719,17.9628
2026-02-05 00:00:00+00:00,0,normal,25.1701,7.4025,7.3073,11.2059,17.9868
2026-02-05 00:10:00+00:00,0,normal,25.1892,7.4229,7.3371,11.1986,17.9853
2026-02-05 00:20:00+00:00,0,normal,25.1799,7.4284,7.3393,11.045,17.9768
2026-02-05 00:30:00+00:00,0,normal,25.2579,7.4384,7.2272,10.8892,17.9549
2026-02-05 00:40:00+00:00,0,normal,25.3508,7.439,7.1562,11.0242,17.9474
2026-02-05 00:50:00+00:00,0,normal,25.3322,7.459,7.1708,11.0154,17.9386
2026-02-05 01:00:00+00:00,0,normal,25.4316,7.4682,7.1273,10.7717,17.9393
2026-02-05 01:10:00+00:00,0,normal,25.5812,7.4907,7.0907,11.0025,17.9361
2026-02-05 01:20:00+00:00,0,normal,25.5848,7.4911,7.0882,10.9668,17.9498
2026-02-05 01:30:00+00:00,0,normal,25.5972,7.4992,7.0228,10.8156,17.9765
2026-02-05 01:40:00+00:00,0,normal,25.7155,7.5246,6.9453,10.823,17.987
2026-02-05 01:50:00+00:00,0,normal,25.7319,7.5326,6.9457,10.9659,17.9891
2026-02-05 02:00:00+00:00,0,normal,25.7403,7.5364,6.8965,11.0794,18.0051
2026-02-05 02:10:00+00:00,0,normal,25.7699,7.5426,6.902,11.2722,18.0123
2026-02-05 02:20:00+00:00,0,normal,25.8012,7.5563,6.8952,11.3658,17.9912
2026-02-05 02:30:00+00:00,0,normal,25.7953,7.5594,6.872,11.5834,17.9913
2026-02-05 02:40:00+00:00,0,normal,25.8729,7.5866,6.8051,11.6011,17.9868
2026-02-05 02:50:00+00:00,0,normal,25.9226,7.5997,6.7555,11.483,17.974
2026-02-05 03:00:00+00:00,0,normal,25.9358,7.6327,6.7769,11.5428,17.9832
2026-02-05 03:10:00+00:00,0,normal,26.0257,7.6476,6.7673,11.5924,17.9805
2026-02-05 03:20:00+00:00,0,normal,26.0563,7.6558,6.7545,11.4309,17.9968
2026-02-05 03:30:00+00:00,0,normal,26.0981,7.6712,6.7726,11.5551,17.9951
2026-02-05 03:40:00+00:00,0,normal,26.139,7.6567,6.7726,11.439,17.9964
2026-02-05 03:50:00+00:00,0,normal,26.2427,7.6572,6.6324,11.5241,18.0033
2026-02-05 04:00:00+00:00,0,normal,26.1908,7.6497,6.53,11.3828,17.9979
2026-02-05 04:10:00+00:00,0,normal,26.3115,7.6484,6.4348,11.6861,17.9628
2026-02-05 04:20:00+00:00,0,normal,26.3484,7.6644,6.3874,11.6735,17.9563
2026-02-05 04:30:00+00:00,0,normal,26.4563,7.6993,6.3374,11.6587,17.9668
2026-02-05 04:40:00+00:00,0,normal,26.4794,7.7248,6.3024,11.5047,17.9367
2026-02-05 04:50:00+00:00,0,normal,26.6068,7.7346,6.3538,11.5593,17.9442
2026-02-05 05:00:00+00:00,0,normal,26.6961,7.7429,6.3602,11.2614,17.9453
2026-02-05 05:10:00+00:00,0,normal,26.7625,7.7455,6.3405,11.2913,17.967
2026-02-05 05:20:00+00:00,0,normal,26.8146,7.7538,6.3036,11.2966,17.9708
2026-02-05 05:30:00+00:00,0,normal,26.884,7.748,6.3533,11.5289,17.9701
2026-02-05 05:40:00+00:00,0,normal,26.9506,7.7677,6.3024,11.4728,17.9528
2026-02-05 05:50:00+00:00,0,normal,26.9333,7.7796,6.2905,11.5186,17.9613
2026-02-05 06:00:00+00:00,0,normal,27.0218,7.7784,6.1798,11.3864,17.9555
2026-02-05 06:10:00+00:00,0,normal,26.9995,7.7855,6.1715,11.5814,17.9594
2026-02-05 06:20:00+00:00,0,normal,27.0085,7.7921,6.0673,11.1957,17.9666
2026-02-05 06:30:00+00:00,0,normal,27.0151,7.8107,6.0302,11.2399,17.9806
2026-02-05 06:40:00+00:00,0,normal,27.0593,7.8148,5.9988,11.2731,17.9811
2026-02-05 06:50:00+00:00,0,normal,27.0626,7.8161,6.0396,11.1814,17.9754
2026-02-05 07:00:00+00:00,0,normal,27.1531,7.8158,5.9432,11.2503,17.9709
2026-02-05 07:10:00+00:00,0,normal,27.2742,7.8304,5.9482,11.2901,17.9688
2026-02-05 07:20:00+00:00,0,normal,27.299,7.824,5.9223,11.2658,17.967
2026-02-05 07:30:00+00:00,0,normal,27.3043,7.8093,5.9219,11.3983,17.976
2026-02-05 07:40:00+00:00,0,normal,27.2939,7.7947,5.8441,11.4621,17.9834
2026-02-05 07:50:00+00:00,0,normal,27.373,7.7953,5.8348,11.1675,17.9694
2026-02-05 08:00:00+00:00,0,normal,27.3667,7.7829,5.7927,11.2117,17.9679
2026-02-05 08:10:00+00:00,0,normal,27.4467,7.779,5.7137,11.1814,17.9608
2026-02-05 08:20:00+00:00,0,normal,27.4505,7.7991,5.6653,11.0939,17.9506
2026-02-05 08:30:00+00:00,0,normal,27.5256,7.8165,5.689,11.067,17.9249
2026-02-05 08:40:00+00:00,0,normal,27.4922,7.8323,5.6394,10.7371,17.9362
2026-02-05 08:50:00+00:00,0,normal,27.4913,7.8341,5.5867,10.7488,17.9392
2026-02-05 09:00:00+00:00,0,normal,27.5297,7.8336,5.6116,10.7387,17.9572
2026-02-05 09:10:00+00:00,0,normal,27.6758,7.8428,5.4881,10.6181,17.947
2026-02-05 09:20:00+00:00,0,normal,27.6542,7.8243,5.4988,10.6209,17.9695
2026-02-05 09:30:00+00:00,0,normal,27.6091,7.8041,5.5949,10.7944,17.9542
2026-02-05 09:40:00+00:00,0,normal,27.5943,7.7928,5.6766,10.7473,17.9403
2026-02-05 09:50:00+00:00,0,normal,27.6188,7.7934,5.647,10.9106,17.9312
2026-02-05 10:00:00+00:00,0,normal,27.576,7.7599,5.769,10.8605,17.9222
2026-02-05 10:10:00+00:00,0,normal,27.6059,7.768,5.7443,10.9285,17.8989
2026-02-05 10:20:00+00:00,0,normal,27.6422,7.7679,5.658,10.8857,17.8902
2026-02-05 10:30:00+00:00,0,normal,27.6403,7.7642,5.669,10.8567,17.8901
2026-02-05 10:40:00+00:00,0,normal,27.608,7.761,5.6529,10.5287,17.8696
2026-02-05 10:50:00+00:00,0,normal,27.5479,7.7731,5.6195,10.652,17.8687
2026-02-05 11:00:00+00:00,0,normal,27.5322,7.7667,5.5255,10.3856,17.8597
2026-02-05 11:10:00+00:00,0,normal,27.5393,7.7618,5.5438,10.517,17.8532
2026-02-05 11:20:00+00:00,0,normal,27.5461,7.7481,5.4857,10.5637,17.8448
2026-02-05 11:30:00+00:00,0,normal,27.4874,7.7276,5.5285,10.6815,17.8551
2026-02-05 11:40:00+00:00,0,normal,27.4811,7.7193,5.5342,10.2591,17.8351
2026-02-05 11:50:00+00:00,0,normal,27.4966,7.7116,5.5683,10.186,17.8401
2026-02-05 12:00:00+00:00,0,normal,27.5092,7.7006,5.5623,10.1366,17.833
2026-02-05 12:10:00+00:00,0,normal,27.5102,7.7022,5.616,9.9767,17.8253
2026-02-05 12:20:00+00:00,0,normal,27.5186,7.6987,5.5969,9.8554,17.7986
2026-02-05 12:30:00+00:00,0,normal,27.4801,7.6915,5.6524,10.047,17.813
2026-02-05 12:40:00+00:00,0,normal,27.3931,7.6992,5.7234,10.1346,17.7972
2026-02-05 12:50:00+00:00,0,normal,27.3226,7.6894,5.7726,9.9685,17.7941
2026-02-05 13:00:00+00:00,0,normal,27.271,7.6645,5.761,10.0523,17.7957
2026-02-05 13:10:00+00:00,0,normal,27.1525,7.6472,5.8338,9.8964,17.8059
2026-02-05 13:20:00+00:00,0,normal,27.1077,7.6285,5.8489,9.8712,17.8131
2026-02-05 13:30:00+00:00,0,normal,27.0885,7.6026,5.8758,9.8982,17.8061
2026-02-05 13:40:00+00:00,0,normal,27.0033,7.5958,5.8863,10.0157,17.8092
2026-02-05 13:50:00+00:00,0,normal,27.0058,7.5754,5.8528,10.2645,17.8046
2026-02-05 14:00:00+00:00,0,normal,27.0281,7.5759,5.8781,10.3532,17.7947
2026-02-05 14:10:00+00:00,0,normal,27.0419,7.5796,5.892,10.4415,17.7922
2026-02-05 14:20:00+00:00,0,normal,27.0058,7.5679,5.935,10.5281,17.7869
2026-02-05 14:30:00+00:00,0,normal,26.9774,7.549,6.0235,10.5821,17.7774
2026-02-05 14:40:00+00:00,0,normal,26.8395,7.5459,6.1533,10.2869,17.7698
2026-02-05 14:50:00+00:00,0,normal,26.771,7.5198,6.1857,10.5452,17.7537
2026-02-05 15:00:00+00:00,0,normal,26.6695,7.4954,6.2206,10.5686,17.7455
2026-02-05 15:10:00+00:00,0,normal,26.5575,7.4816,6.2129,10.6152,17.746
2026-02-05 15:20:00+00:00,0,normal,26.4813,7.4703,6.2007,10.3928,17.7443
2026-02-05 15:30:00+00:00,0,normal,26.4489,7.468,6.2154,10.4227,17.7517
2026-02-05 15:40:00+00:00,0,normal,26.4085,7.4658,6.2475,10.2048,17.7605
2026-02-05 15:50:00+00:00,0,normal,26.3695,7.4566,6.2824,10.0325,17.7456
2026-02-05 16:00:00+00:00,0,normal,26.3423,7.4325,6.3047,9.8854,17.7434
2026-02-05 16:10:00+00:00,0,normal,26.3231,7.4251,6.3129,10.0348,17.7269
2026-02-05 16:20:00+00:00,0,normal,26.2726,7.4264,6.3771,10.0754,17.7058
2026-02-05 16:30:00+00:00,0,normal,26.0989,7.4024,6.4534,10.2415,17.6992
2026-02-05 16:40:00+00:00,0,normal,26.0095,7.3976,6.4846,10.4422,17.6965
2026-02-05 16:50:00+00:00,0,normal,26.0143,7.3924,6.5442,10.5475,17.7053
2026-02-05 17:00:00+00:00,0,normal,25.8822,7.372,6.6268,10.5649,17.7198
2026-02-05 17:10:00+00:00,0,normal,25.8387,7.3416,6.6723,10.4851,17.7152
2026-02-05 17:20:00+00:00,0,normal,25.9456,7.3542,6.6244,10.3571,17.7138
2026-02-05 17:30:00+00:00,0,normal,25.8828,7.3473,6.6898,10.1766,17.723
2026-02-05 17:40:00+00:00,0,normal,25.792,7.3455,6.7193,10.1064,17.6928
2026-02-05 17:50:00+00:00,0,normal,25.7544,7.3501,6.786,10.1493,17.6803
2026-02-05 18:00:00+00:00,0,normal,25.7588,7.367,6.7472,10.3655,17.6718
2026-02-05 18:10:00+00:00,0,normal,25.6497,7.3453,6.8512,10.3882,17.6922
2026-02-05 18:20:00+00:00,0,normal,25.6308,7.3276,6.9131,10.3981,17.6849
2026-02-05 18:30:00+00:00,0,normal,25.6328,7.3324,6.9281,10.5655,17.6944
2026-02-05 18:40:00+00:00,0,normal,25.6583,7.3132,6.9029,10.3209,17.6947
2026-02-05 18:50:00+00:00,0,normal,25.5243,7.2907,6.9838,10.2816,17.6979
2026-02-05 19:00:00+00:00,0,normal,25.4617,7.3056,7.0738,10.1567,17.6927
2026-02-05 19:10:00+00:00,0,normal,25.437,7.2976,7.0561,10.3347,17.6642
2026-02-05 19:20:00+00:00,0,normal,25.3267,7.2925,7.181,10.1934,17.6708
2026-02-05 19:30:00+00:00,0,normal,25.1893,7.2976,7.273,10.4673,17.6698
2026-02-05 19:40:00+00:00,0,normal,25.1834,7.295,7.3358,10.6007,17.6675
2026-02-05 19:50:00+00:00,0,normal,25.1197,7.2751,7.3424,10.6858,17.6469
2026-02-05 20:00:00+00:00,0,normal,25.1284,7.2968,7.3701,10.5237,17.6528
2026-02-05 20:10:00+00:00,0,normal,25.1275,7.2954,7.2957,10.6054,17.6638
2026-02-05 20:20:00+00:00,0,normal,25.1434,7.2997,7.2534,10.7592,17.6647
2026-02-05 20:30:00+00:00,0,normal,25.0946,7.3154,7.2817,10.5715,17.6824
2026-02-05 20:40:00+00:00,0,normal,25.0565,7.3115,7.3292,10.6907,17.6806
2026-02-05 20:50:00+00:00,0,normal,24.9375,7.2833,7.4524,10.8419,17.7076
2026-02-05 21:00:00+00:00,0,normal,24.9487,7.2983,7.4537,10.7456,17.6943
2026-02-05 21:10:00+00:00,0,normal,25.0448,7.3017,7.4833,10.6207,17.7044
2026-02-05 21:20:00+00:00,0,normal,25.0817,7.3014,7.4063,10.5812,17.7019
2026-02-05 21:30:00+00:00,0,normal,25.1343,7.3043,7.331,10.7454,17.7068
2026-02-05 21:40:00+00:00,0,normal,25.1485,7.3228,7.2367,10.8384,17.7046
2026-02-05 21:50:00+00:00,0,normal,25.07,7.2984,7.3378,10.8272,17.743
2026-02-05 22:00:00+00:00,0,normal,25.0588,7.3028,7.3108,10.8003,17.7242
2026-02-05 22:10:00+00:00,0,normal,25.0231,7.2931,7.365,10.9256,17.7192
2026-02-05 22:20:00+00:00,0,normal,25.1023,7.3023,7.3823,10.6961,17.709
2026-02-05 22:30:00+00:00,0,normal,25.1701,7.3061,7.406,10.5135,17.7051
2026-02-05 22:40:00+00:00,0,normal,25.1463,7.301,7.429,10.6321,17.6708
2026-02-05 22:50:00+00:00,0,normal,25.055,7.2926,7.5081,10.7248,17.6998
2026-02-05 23:00:00+00:00,0,normal,25.0469,7.3125,7.5071,10.8042,17.7
2026-02-05 23:10:00+00:00,0,normal,24.9793,7.3278,7.4935,10.9609,17.7217
2026-02-05 23:20:00+00:00,0,normal,24.9408,7.3269,7.4919,11.3734,17.7008
2026-02-05 23:30:00+00:00,0,normal,25.1274,7.37,7.3491,11.3723,17.7017
2026-02-05 23:40:00+00:00,0,normal,25.1309,7.3811,7.3351,11.4381,17.6779
2026-02-05 23:50:00+00:00,0,normal,25.1837,7.3917,7.2785,11.2238,17.6871
2026-02-06 00:00:00+00:00,0,normal,25.2315,7.3987,7.2703,11.3967,18.2405
2026-02-06 00:10:00+00:00,0,normal,25.2584,7.4157,7.2033,11.2962,18.2554
2026-02-06 00:20:00+00:00,0,normal,25.1814,7.4152,7.2552,11.4692,18.2605
2026-02-06 00:30:00+00:00,0,normal,25.2115,7.4568,7.211,11.2164,18.2667
2026-02-06 00:40:00+00:00,0,normal,25.2379,7.4541,7.2022,11.4348,18.2633
2026-02-06 00:50:00+00:00,0,normal,25.2669,7.4681,7.1813,11.1858,18.2581
2026-02-06 01:00:00+00:00,0,normal,25.3134,7.4898,7.1094,11.1039,18.256
2026-02-06 01:10:00+00:00,0,normal,25.3663,7.4942,7.0329,10.8827,18.2436
2026-02-06 01:20:00+00:00,0,normal,25.4928,7.4727,7.0142,11.1196,18.256
2026-02-06 01:30:00+00:00,0,normal,25.5624,7.4872,7.004,11.0189,18.2508
2026-02-06 01:40:00+00:00,0,normal,25.5878,7.5028,6.9631,11.0381,18.2599
2026-02-06 01:50:00+00:00,0,normal,25.5766,7.5017,7.0676,11.0671,18.2542
2026-02-06 02:00:00+00:00,0,normal,25.5786,7.518,7.094,11.2344,18.2728
2026-02-06 02:10:00+00:00,0,normal,25.5652,7.5493,7.0455,11.1942,18.2661
2026-02-06 02:20:00+00:00,0,normal,25.5872,7.558,6.9948,11.3253,18.2723
2026-02-06 02:30:00+00:00,0,normal,25.6151,7.5611,7.0548,11.6305,18.2631
2026-02-06 02:40:00+00:00,0,normal,25.6724,7.5627,6.9932,11.6049,18.2668
2026-02-06 02:50:00+00:00,0,normal,25.7009,7.5782,6.9947,11.4201,18.2692
2026-02-06 03:00:00+00:00,0,normal,25.6999,7.581,7.0162,11.2785,18.2659
2026-02-06 03:10:00+00:00,0,normal,25.7336,7.6059,6.9537,11.2113,18.2597
2026-02-06 03:20:00+00:00,0,normal,25.7498,7.6058,6.8532,11.12,18.2783
2026-02-06 03:30:00+00:00,0,normal,25.7999,7.6287,6.8238,11.1087,18.2884
2026-02-06 03:40:00+00:00,0,normal,25.8814,7.6266,6.7663,11.3668,18.2707
2026-02-06 03:50:00+00:00,0,normal,25.9459,7.6336,6.7783,11.5339,18.2819
2026-02-06 04:00:00+00:00,0,normal,26.0215,7.6513,6.7716,11.6332,18.2917
2026-02-06 04:10:00+00:00,0,normal,26.1546,7.6729,6.7453,11.5882,18.2811
2026-02-06 04:20:00+00:00,0,normal,26.2245,7.6731,6.71,11.4602,18.2846
2026-02-06 04:30:00+00:00,0,normal,26.2764,7.6881,6.6762,11.4511,18.3005
2026-02-06 04:40:00+00:00,0,normal,26.3972,7.6885,6.5458,11.2848,18.311
2026-02-06 04:50:00+00:00,0,normal,26.4108,7.6706,6.5325,11.2241,18.301
2026-02-06 05:00:00+00:00,0,normal,26.4087,7.6855,6.4254,11.1201,18.2869
2026-02-06 05:10:00+00:00,0,normal,26.5237,7.6962,6.3431,11.2438,18.2706
2026-02-06 05:20:00+00:00,0,normal,26.6228,7.7155,6.2918,11.223,18.2642
2026-02-06 05:30:00+00:00,0,normal,26.676,7.7379,6.2609,11.4155,18.2455
2026-02-06 05:40:00+00:00,0,normal,26.7851,7.7549,6.2073,11.513,18.2621
2026-02-06 05:50:00+00:00,0,normal,26.7913,7.7556,6.284,11.5377,18.2643
2026-02-06 06:00:00+00:00,0,normal,26.8451,7.7668,6.2058,11.5297,18.2761
2026-02-06 06:10:00+00:00,0,normal,26.8746,7.7765,6.2112,11.6284,18.2725
2026-02-06 06:20:00+00:00,0,normal,26.9353,7.7762,6.1187,11.7932,18.2671
2026-02-06 06:30:00+00:00,0,normal,26.9606,7.7815,6.0876,11.6216,18.2568
2026-02-06 06:40:00+00:00,0,normal,27.0769,7.7831,6.0111,11.547,18.2566
2026-02-06 06:50:00+00:00,0,normal,27.0602,7.7988,6.0165,11.4599,18.2597
2026-02-06 07:00:00+00:00,0,normal,27.0997,7.7997,5.962,11.3471,18.2531
2026-02-06 07:10:00+00:00,0,normal,27.0909,7.783,5.9738,11.0991,18.2573
2026-02-06 07:20:00+00:00,0,normal,27.1454,7.7922,5.9434,10.891,18.2565
2026-02-06 07:30:00+00:00,0,normal,27.1219,7.7802,5.9143,11.0525,18.2483
2026-02-06 07:40:00+00:00,0,normal,27.1459,7.772,5.8894,11.174,18.2394
2026-02-06 07:50:00+00:00,0,normal,27.2381,7.7701,5.8837,11.2309,18.2365
2026-02-06 08:00:00+00:00,0,normal,27.2566,7.7905,5.8482,11.381,18.2169
2026-02-06 08:10:00+00:00,0,normal,27.2446,7.7908,5.7662,11.5736,18.2032
2026-02-06 08:20:00+00:00,0,normal,27.2957,7.8137,5.7126,11.4574,18.2092
2026-02-06 08:30:00+00:00,0,normal,27.3509,7.8103,5.7002,11.4568,18.2135
2026-02-06 08:40:00+00:00,0,normal,27.2723,7.7975,5.6431,11.1748,18.2141
2026-02-06 08:50:00+00:00,0,normal,27.3075,7.7991,5.6777,10.9657,18.2118
2026-02-06 09:00:00+00:00,0,normal,27.3638,7.7801,5.7483,10.9153,18.2206
2026-02-06 09:10:00+00:00,0,normal,27.3853,7.7666,5.7464,10.9649,18.226
2026-02-06 09:20:00+00:00,0,normal,27.4141,7.7829,5.6681,10.7715,18.2192
2026-02-06 09:30:00+00:00,0,normal,27.4805,7.7754,5.6022,10.8032,18.2115
2026-02-06 09:40:00+00:00,0,normal,27.5331,7.7704,5.5386,10.7707,18.2081
2026-02-06 09:50:00+00:00,0,normal,27.5131,7.7727,5.461,10.805,18.1944
2026-02-06 10:00:00+00:00,0,normal,27.6581,7.7966,5.3881,10.6721,18.1684
2026-02-06 10:10:00+00:00,0,normal,27.6685,7.7742,5.4787,10.5478,18.1563
2026-02-06 10:20:00+00:00,0,normal,27.6491,7.7762,5.5363,10.4643,18.1629
2026-02-06 10:30:00+00:00,0,normal,27.5756,7.7598,5.5698,10.5028,18.1735
2026-02-06 10:40:00+00:00,0,normal,27.5607,7.7575,5.5913,10.446,18.1654
2026-02-06 10:50:00+00:00,0,normal,27.4867,7.7311,5.6415,10.4329,18.1654
2026-02-06 11:00:00+00:00,0,normal,27.4993,7.7211,5.5812,10.5173,18.1619
2026-02-06 11:10:00+00:00,0,normal,27.5275,7.728,5.5647,10.7186,18.1411
2026-02-06 11:20:00+00:00,0,normal,27.5716,7.734,5.5667,10.7213,18.1157
2026-02-06 11:30:00+00:00,0,normal,27.512,7.7305,5.6573,10.7169,18.1209
2026-02-06 11:40:00+00:00,0,normal,27.458,7.714,5.6822,10.7324,18.1253
2026-02-06 11:50:00+00:00,0,normal,27.3294,7.7091,5.7684,10.9381,18.1145
2026-02-06 12:00:00+00:00,0,normal,27.1981,7.683,5.8079,10.7175,18.1072
2026-02-06 12:10:00+00:00,0,normal,27.1518,7.6824,5.8458,10.6098,18.122
2026-02-06 12:20:00+00:00,0,normal,27.1872,7.6685,5.7768,10.5157,18.1032
2026-02-06 12:30:00+00:00,0,normal,27.1714,7.6616,5.7782,10.5936,18.0747
2026-02-06 12:40:00+00:00,0,normal,27.2013,7.6475,5.7931,10.3578,18.0708
2026-02-06 12:50:00+00:00,0,normal,27.2394,7.6372,5.7827,10.3648,18.0835
2026-02-06 13:00:00+00:00,0,normal,27.1589,7.6128,5.7473,10.3818,18.0654
2026-02-06 13:10:00+00:00,0,normal,27.0981,7.6065,5.7978,10.4133,18.0603
2026-02-06 13:20:00+00:00,0,normal,26.9715,7.5844,5.915,10.3903,18.0633
2026-02-06 13:30:00+00:00,0,normal,26.84,7.5735,5.8717,10.3742,18.0518
2026-02-06 13:40:00+00:00,0,normal,26.8044,7.5684,5.9156,10.3711,18.0226
2026-02-06 13:50:00+00:00,0,normal,26.7683,7.5581,5.9643,10.2689,18.0199
2026-02-06 14:00:00+00:00,0,normal,26.7575,7.5252,5.9869,10.2066,18.0081
2026-02-06 14:10:00+00:00,0,normal,26.8045,7.5159,5.92,10.3449,18.0039
2026-02-06 14:20:00+00:00,0,normal,26.8059,7.4931,6.0336,10.4176,18.0118
2026-02-06 14:30:00+00:00,0,normal,26.751,7.4797,6.0685,10.5489,18.0223
2026-02-06 14:40:00+00:00,0,normal,26.7038,7.4568,6.1545,10.6397,18.0188
2026-02-06 14:50:00+00:00,0,normal,26.5545,7.4511,6.2817,10.6845,18.0161
2026-02-06 15:00:00+00:00,0,normal,26.4667,7.4353,6.3466,10.4817,18.0116
2026-02-06 15:10:00+00:00,0,normal,26.419,7.4328,6.3391,10.4953,18.008
2026-02-06 15:20:00+00:00,0,normal,26.3283,7.4092,6.4043,10.4627,18.006
2026-02-06 15:30:00+00:00,0,normal,26.369,7.4177,6.3848,10.4603,18.0007
2026-02-06 15:40:00+00:00,0,normal,26.3259,7.4161,6.3403,10.4032,18.0012
2026-02-06 15:50:00+00:00,0,normal,26.2803,7.4179,6.3818,10.3612,18.0018
2026-02-06 16:00:00+00:00,0,normal,26.2062,7.4073,6.4333,10.3074,17.9917
2026-02-06 16:10:00+00:00,0,normal,26.1995,7.3912,6.4252,10.5036,17.9734
2026-02-06 16:20:00+00:00,0,normal,26.0838,7.3672,6.4525,10.6184,17.9752
2026-02-06 16:30:00+00:00,0,normal,26.0971,7.3497,6.4779,10.585,17.9784
2026-02-06 16:40:00+00:00,0,normal,25.9942,7.3388,6.5725,10.4128,17.9645
2026-02-06 16:50:00+00:00,0,normal,25.9477,7.3384,6.6051,10.3639,17.9589
2026-02-06 17:00:00+00:00,0,normal,25.894,7.3509,6.6947,10.0153,17.9635
2026-02-06 17:10:00+00:00,0,normal,25.8932,7.3606,6.7362,9.8555,17.9443
2026-02-06 17:20:00+00:00,0,normal,25.8435,7.3545,6.7576,9.8302,17.935
2026-02-06 17:30:00+00:00,0,normal,25.7927,7.3392,6.7618,9.931,17.9482
2026-02-06 17:40:00+00:00,0,normal,25.7806,7.3377,6.7556,9.9493,17.9472
2026-02-06 17:50:00+00:00,0,normal,25.7837,7.3321,6.7517,10.0948,17.9396
2026-02-06 18:00:00+00:00,0,normal,25.6738,7.3091,6.8059,10.1335,17.961
2026-02-06 18:10:00+00:00,0,normal,25.6603,7.3266,6.8901,10.1528,17.9689
2026-02-06 18:20:00+00:00,0,normal,25.6183,7.332,6.9634,10.3353,17.9678
2026-02-06 18:30:00+00:00,0,normal,25.5582,7.3152,6.9875,10.428,17.9636
2026-02-06 18:40:00+00:00,0,normal,25.4481,7.2997,7.0178,10.3665,17.9668
2026-02-06 18:50:00+00:00,0,normal,25.4151,7.3102,7.0144,10.3072,17.9558
2026-02-06 19:00:00+00:00,0,normal,25.2928,7.2878,7.1256,10.2612,17.9536
2026-02-06 19:10:00+00:00,0,normal,25.2498,7.2796,7.0983,9.9751,17.967
2026-02-06 19:20:00+00:00,0,normal,25.2481,7.2866,7.1252,10.0636,17.974
2026-02-06 19:30:00+00:00,0,normal,25.2316,7.2996,7.2314,10.2454,17.9857
2026-02-06 19:40:00+00:00,0,normal,25.2364,7.293,7.2565,10.2976,18.0059
2026-02-06 19:50:00+00:00,0,normal,25.2956,7.3026,7.1198,10.6289,18.0189
2026-02-06 20:00:00+00:00,0,normal,25.2981,7.3076,7.1067,10.8865,17.9995
2026-02-06 20:10:00+00:00,0,normal,25.2219,7.304,7.1991,10.8144,18.009
2026-02-06 20:20:00+00:00,0,normal,25.2002,7.2903,7.149,10.8269,18.0004
2026-02-06 20:30:00+00:00,0,normal,25.1461,7.3011,7.18,10.9809,17.9796
2026-02-06 20:40:00+00:00,0,normal,25.0227,7.2785,7.2823,10.8697,17.972
2026-02-06 20:50:00+00:00,0,normal,24.9596,7.2771,7.3587,10.798,17.979
2026-02-06 21:00:00+00:00,0,normal,24.9698,7.264,7.3999,10.7867,17.9737
2026-02-06 21:10:00+00:00,0,normal,24.8983,7.2699,7.4495,10.5382,17.9716
2026-02-06 21:20:00+00:00,0,normal,24.8575,7.2506,7.484,10.4055,17.9684
2026-02-06 21:30:00+00:00,0,normal,24.9197,7.2706,7.4701,10.6102,17.9507
2026-02-06 21:40:00+00:00,0,normal,24.9747,7.2786,7.4735,10.5694,17.9452
2026-02-06 21:50:00+00:00,0,normal,24.9977,7.2884,7.4795,10.4015,17.9437
2026-02-06 22:00:00+00:00,0,normal,24.9298,7.2913,7.4694,10.7018,17.9538
2026-02-06 22:10:00+00:00,0,normal,24.9375,7.3153,7.5235,10.8412,17.9461
2026-02-06 22:20:00+00:00,0,normal,24.9238,7.3078,7.5305,10.7007,17.9592
2026-02-06 22:30:00+00:00,0,normal,24.8439,7.2997,7.4933,10.7983,17.9572
2026-02-06 22:40:00+00:00,0,normal,24.7772,7.3196,7.4141,11.1259,17.9559
2026-02-06 22:50:00+00:00,0,normal,24.8236,7.33,7.4722,11.2183,17.961
2026-02-06 23:00:00+00:00,0,normal,24.8247,7.3263,7.4834,11.1571,17.9871
2026-02-06 23:10:00+00:00,0,normal,24.8701,7.3573,7.4545,11.2163,17.9968
2026-02-06 23:20:00+00:00,0,normal,25.0119,7.3729,7.4339,11.3796,18.001
2026-02-06 23:30:00+00:00,0,normal,25.0226,7.3692,7.4292,11.2384,18.0013
2026-02-06 23:40:00+00:00,0,normal,25.0904,7.3745,7.3779,11.2584,18.0025
2026-02-06 23:50:00+00:00,0,normal,25.1305,7.3806,7.3096,11.4602,18.0079
2026-02-07 00:00:00+00:00,0,normal,25.1089,7.3911,7.285,11.2753,18.0148
2026-02-07 00:10:00+00:00,0,normal,25.0755,7.3902,7.31,11.3485,18.0199
2026-02-07 00:20:00+00:00,0,normal,25.143,7.3965,7.2872,11.3014,18.0235
2026-02-07 00:30:00+00:00,0,normal,25.214,7.4028,7.2431,11.0795,18.0205
2026-02-07 00:40:00+00:00,0,normal,25.2647,7.4304,7.1805,11.051,18.0134
2026-02-07 00:50:00+00:00,0,normal,25.2457,7.4212,7.2436,11.3206,17.9969
2026-02-07 01:00:00+00:00,0,normal,25.2949,7.4455,7.1868,11.1738,17.9923
2026-02-07 01:10:00+00:00,0,normal,25.3528,7.4542,7.1217,11.2523,18.0208
2026-02-07 01:20:00+00:00,0,normal,25.3417,7.4731,7.1329,11.3156,18.0124
2026-02-07 01:30:00+00:00,0,normal,25.3828,7.48,7.174,11.2142,18.0146
2026-02-07 01:40:00+00:00,0,normal,25.4693,7.5017,7.0978,11.2068,18.0148
2026-02-07 01:50:00+00:00,0,normal,25.4909,7.5143,7.1081,11.1651,18.0167
2026-02-07 02:00:00+00:00,0,normal,25.5076,7.5252,7.1803,11.1756,17.9821
2026-02-07 02:10:00+00:00,0,normal,25.4693,7.5322,7.1707,11.0538,17.9785
2026-02-07 02:20:00+00:00,0,normal,25.4726,7.5353,7.1799,11.0412,17.9774
2026-02-07 02:30:00+00:00,0,normal,25.4898,7.5343,7.1908,10.9458,17.9874
2026-02-07 02:40:00+00:00,0,normal,25.4889,7.5503,7.1593,10.8753,18.0059
2026-02-07 02:50:00+00:00,0,normal,25.5862,7.5863,7.1021,10.7633,18.0151
2026-02-07 03:00:00+00:00,0,normal,25.7279,7.6006,6.9957,11.0409,18.0254
2026-02-07 03:10:00+00:00,0,normal,25.7813,7.6173,6.8691,11.0025,18.02
2026-02-07 03:20:00+00:00,0,normal,25.8372,7.6367,6.856,10.8767,18.0071
2026-02-07 03:30:00+00:00,0,normal,25.9434,7.6549,6.8223,11.1779,17.9962
2026-02-07 03:40:00+00:00,0,normal,25.9806,7.6753,6.7182,11.4664,17.9946
2026-02-07 03:50:00+00:00,0,normal,25.9863,7.6785,6.6937,11.4735,17.9803
2026-02-07 04:00:00+00:00,0,normal,26.0409,7.6894,6.7128,11.6402,17.9905
2026-02-07 04:10:00+00:00,0,normal,26.1464,7.715,6.5609,11.9285,17.9939
2026-02-07 04:20:00+00:00,0,normal,26.12,7.7018,6.5174,11.8521,17.9912
2026-02-07 04:30:00+00:00,0,normal,26.136,7.6861,6.6402,11.7187,17.9955
2026-02-07 04:40:00+00:00,0,normal,26.204,7.7008,6.6055,11.4857,18.0097
2026-02-07 04:50:00+00:00,0,normal,26.2528,7.7015,6.5787,11.2849,17.9899
2026-02-07 05:00:00+00:00,0,normal,26.2564,7.6928,6.6603,11.1201,18.0067
2026-02-07 05:10:00+00:00,0,normal,26.3836,7.7118,6.582,10.8957,17.9961
2026-02-07 05:20:00+00:00,0,normal,26.5068,7.7361,6.4338,10.8387,17.9694
2026-02-07 05:30:00+00:00,0,normal,26.5618,7.7321,6.4702,10.9309,17.9738
2026-02-07 05:40:00+00:00,0,normal,26.6275,7.7325,6.4053,11.2167,17.9886
2026-02-07 05:50:00+00:00,0,normal,26.7669,7.753,6.3542,11.0558,17.9636
2026-02-07 06:00:00+00:00,0,normal,26.7907,7.7649,6.3374,11.169,17.9683
2026-02-07 06:10:00+00:00,0,normal,26.8343,7.7535,6.352,11.1072,17.9982
2026-02-07 06:20:00+00:00,0,normal,26.8925,7.7817,6.2457,11.0499,18.0011
2026-02-07 06:30:00+00:00,0,normal,26.9911,7.8101,6.1611,10.9847,17.997
2026-02-07 06:40:00+00:00,0,normal,26.99,7.8059,6.0927,11.0429,18.0127
2026-02-07 06:50:00+00:00,0,normal,27.0632,7.7975,6.0623,10.9953,18.0166
2026-02-07 07:00:00+00:00,0,normal,27.0363,7.8151,6.0013,11.1323,18.0029
2026-02-07 07:10:00+00:00,0,normal,27.0528,7.8275,5.9957,11.2537,17.9776
2026-02-07 07:20:00+00:00,0,normal,27.0289,7.8071,5.9468,11.0735,17.9667
2026-02-07 07:30:00+00:00,0,normal,27.0699,7.8102,5.8696,11.2871,17.9662
2026-02-07 07:40:00+00:00,0,normal,27.0924,7.83,5.8741,11.2481,17.9664
2026-02-07 07:50:00+00:00,0,normal,27.1155,7.8238,5.8865,11.2662,17.966
2026-02-07 08:00:00+00:00,0,normal,27.1591,7.7938,5.8513,11.148,17.9692
2026-02-07 08:10:00+00:00,0,normal,27.2202,7.8074,5.8792,11.269,17.9835
2026-02-07 08:20:00+00:00,0,normal,27.2582,7.7983,5.89,11.3321,17.9706
2026-02-07 08:30:00+00:00,0,normal,27.2587,7.7749,5.8877,11.3288,17.9624
2026-02-07 08:40:00+00:00,0,normal,27.2679,7.7562,5.7969,11.2516,17.9456
2026-02-07 08:50:00+00:00,0,normal,27.3103,7.7817,5.741,11.2024,17.9439
2026-02-07 09:00:00+00:00,0,normal,27.347,7.7686,5.7048,11.0336,17.9337
2026-02-07 09:10:00+00:00,0,normal,27.3594,7.7772,5.685,10.7105,17.9158
2026-02-07 09:20:00+00:00,0,normal,27.3512,7.7893,5.5836,10.7155,17.9052
2026-02-07 09:30:00+00:00,0,normal,27.3764,7.803,5.571,10.6082,17.9151
2026-02-07 09:40:00+00:00,0,normal,27.3375,7.7881,5.5988,10.5498,17.9238
2026-02-07 09:50:00+00:00,0,normal,27.2788,7.7908,5.6554,10.2422,17.918
2026-02-07 10:00:00+00:00,0,normal,27.2989,7.7845,5.6219,10.4475,17.9406
2026-02-07 10:10:00+00:00,0,normal,27.2939,7.7662,5.6663,10.6063,17.9435
2026-02-07 10:20:00+00:00,0,normal,27.2439,7.7483,5.7431,10.7392,17.9428
2026-02-07 10:30:00+00:00,0,normal,27.244,7.7381,5.7304,10.7013,17.9162
2026-02-07 10:40:00+00:00,0,normal,27.2581,7.7274,5.7176,10.8867,17.8934
2026-02-07 10:50:00+00:00,0,normal,27.2144,7.7207,5.7426,10.5386,17.8881
2026-02-07 11:00:00+00:00,0,normal,27.2707,7.7328,5.7015,10.4047,17.8713
2026-02-07 11:10:00+00:00,0,normal,27.3583,7.7402,5.6896,10.4493,17.8531
2026-02-07 11:20:00+00:00,0,normal,27.3094,7.7235,5.7626,10.5408,17.8356
2026-02-07 11:30:00+00:00,0,normal,27.3243,7.6975,5.6982,10.7516,17.8486
2026-02-07 11:40:00+00:00,0,normal,27.2709,7.6757,5.7442,10.9504,17.818
2026-02-07 11:50:00+00:00,0,normal,27.2595,7.6446,5.7771,10.7736,17.8093
2026-02-07 12:00:00+00:00,0,normal,27.1454,7.6204,5.807,10.7241,17.8187
2026-02-07 12:10:00+00:00,0,normal,27.1828,7.6228,5.7259,10.7891,17.8142
2026-02-07 12:20:00+00:00,0,normal,27.1202,7.631,5.8175,10.5655,17.8115
2026-02-07 12:30:00+00:00,0,normal,27.1427,7.6466,5.8376,10.5857,17.8087
2026-02-07 12:40:00+00:00,0,normal,27.027,7.648,5.8765,10.6352,17.8094
2026-02-07 12:50:00+00:00,0,normal,27.0415,7.6631,5.8583,10.477,17.7872
2026-02-07 13:00:00+00:00,0,normal,26.9663,7.6541,5.9666,10.3982,17.7898
2026-02-07 13:10:00+00:00,0,normal,26.9381,7.6521,5.9269,10.5298,17.7655
2026-02-07 13:20:00+00:00,0,normal,26.885,7.62,5.8995,10.5225,17.7603
2026-02-07 13:30:00+00:00,0,normal,26.9473,7.5995,5.9307,10.4298,17.7454
2026-02-07 13:40:00+00:00,0,normal,26.8843,7.5655,5.9613,10.5061,17.7612
2026-02-07 13:50:00+00:00,0,normal,26.9126,7.5508,5.8684,10.3218,17.7594
2026-02-07 14:00:00+00:00,0,normal,26.8979,7.5251,5.9068,10.2496,17.7442
2026-02-07 14:10:00+00:00,0,normal,26.764,7.5031,6.0561,10.1275,17.7282
2026-02-07 14:20:00+00:00,0,normal,26.6917,7.5035,6.145,10.3165,17.7384
2026-02-07 14:30:00+00:00,0,normal,26.6963,7.4894,6.1389,10.2451,17.7042
2026-02-07 14:40:00+00:00,0,normal,26.6035,7.4618,6.2144,10.3347,17.7067
2026-02-07 14:50:00+00:00,0,normal,26.4598,7.4411,6.2882,10.5029,17.7368
2026-02-07 15:00:00+00:00,0,normal,26.501,7.441,6.2834,10.4608,17.7526
2026-02-07 15:10:00+00:00,0,normal,26.3832,7.4137,6.3113,10.296,17.7473
2026-02-07 15:20:00+00:00,0,normal,26.289,7.4073,6.435,10.0834,17.7539
2026-02-07 15:30:00+00:00,0,normal,26.2431,7.4158,6.5307,10.0841,17.7513
2026-02-07 15:40:00+00:00,0,normal,26.2582,7.4236,6.5098,9.8207,17.7277
2026-02-07 15:50:00+00:00,0,normal,26.1471,7.4061,6.4868,9.8382,17.725
2026-02-07 16:00:00+00:00,0,normal,26.1109,7.3937,6.4683,9.9153,17.7332
2026-02-07 16:10:00+00:00,0,normal,26.0659,7.3808,6.4397,10.0023,17.7306
2026-02-07 16:20:00+00:00,0,normal,26.0487,7.3732,6.4084,9.9367,17.7202
2026-02-07 16:30:00+00:00,0,normal,26.0504,7.3691,6.4464,9.8661,17.7181
2026-02-07 16:40:00+00:00,0,normal,25.9641,7.3673,6.5517,9.8407,17.7208
2026-02-07 16:50:00+00:00,0,normal,25.9457,7.3825,6.6015,9.7146,17.6998
2026-02-07 17:00:00+00:00,0,normal,25.8491,7.3924,6.7165,10.0749,17.7032
2026-02-07 17:10:00+00:00,0,normal,25.796,7.3737,6.7855,10.3371,17.7121
2026-02-07 17:20:00+00:00,0,normal,25.627,7.3653,6.8744,10.6678,17.7296
2026-02-07 17:30:00+00:00,0,normal,25.6048,7.3536,6.885,10.5896,17.7268
2026-02-07 17:40:00+00:00,0,normal,25.5209,7.3431,6.8856,10.6832,17.7197
2026-02-07 17:50:00+00:00,0,normal,25.5068,7.3289,6.7937,10.325,17.6954
2026-02-07 18:00:00+00:00,0,normal,25.4322,7.3078,6.855,10.3734,17.6902
2026-02-07 18:10:00+00:00,0,normal,25.435,7.2823,6.9224,10.3291,17.6627
2026-02-07 18:20:00+00:00,0,normal,25.4119,7.2693,6.9435,10.3686,17.6483
2026-02-07 18:30:00+00:00,0,normal,25.3392,7.2377,7.0267,10.4425,17.6457
2026-02-07 18:40:00+00:00,0,normal,25.3236,7.2361,7.0787,10.4264,17.6595
2026-02-07 18:50:00+00:00,0,normal,25.2668,7.2678,7.1351,10.224,17.6521
2026-02-07 19:00:00+00:00,0,normal,25.2496,7.2718,7.1395,10.1295,17.6564
2026-02-07 19:10:00+00:00,0,normal,25.1842,7.2861,7.1895,10.3436,17.6538
2026-02-07 19:20:00+00:00,0,normal,25.136,7.3123,7.2366,10.4292,17.6555
2026-02-07 19:30:00+00:00,0,normal,25.0719,7.3028,7.3062,10.6129,17.6641
2026-02-07 19:40:00+00:00,0,normal,25.0856,7.2848,7.2388,10.6223,17.6683
2026-02-07 19:50:00+00:00,0,normal,25.0166,7.282,7.2744,10.3054,17.6691
2026-02-07 20:00:00+00:00,0,normal,25.0039,7.2795,7.2647,10.416,17.6744
2026-02-07 20:10:00+00:00,0,normal,25.0012,7.2753,7.2631,10.2558,17.6727
2026-02-07 20:20:00+00:00,0,normal,25.0387,7.2812,7.326,10.2861,17.6809
2026-02-07 20:30:00+00:00,0,normal,24.9301,7.2821,7.4197,10.5809,17.6994
2026-02-07 20:40:00+00:00,0,normal,24.8755,7.2837,7.3674,10.8276,17.7108
2026-02-07 20:50:00+00:00,0,normal,24.8826,7.2679,7.3729,10.6807,17.6957
2026-02-07 21:00:00+00:00,0,normal,24.8288,7.2689,7.3872,10.8305,17.6983
2026-02-07 21:10:00+00:00,0,normal,24.7954,7.2553,7.3508,10.9626,17.6924
2026-02-07 21:20:00+00:00,0,normal,24.8412,7.2635,7.2926,10.7377,17.6681
2026-02-07 21:30:00+00:00,0,normal,24.8883,7.2776,7.3698,11.022,17.6514
2026-02-07 21:40:00+00:00,0,normal,24.8787,7.2862,7.3876,10.9977,17.6559
2026-02-07 21:50:00+00:00,0,normal,24.933,7.2806,7.3847,11.0267,17.6596
2026-02-07 22:00:00+00:00,0,normal,24.8445,7.3125,7.4393,10.9761,17.6469
2026-02-07 22:10:00+00:00,0,normal,24.815,7.3106,7.5,10.9899,17.6332
2026-02-07 22:20:00+00:00,0,normal,24.748,7.2958,7.516,10.9202,17.6511
2026-02-07 22:30:00+00:00,0,normal,24.7482,7.3198,7.5209,10.8936,17.6685
2026-02-07 22:40:00+00:00,0,normal,24.7882,7.3272,7.5192,10.8247,17.6611
2026-02-07 22:50:00+00:00,0,normal,24.8872,7.303,7.4813,10.6613,17.6777
2026-02-07 23:00:00+00:00,0,normal,24.9155,7.3172,7.4785,10.6462,17.7018
2026-02-07 23:10:00+00:00,0,normal,24.9961,7.3317,7.482,10.759,17.7033
2026-02-07 23:20:00+00:00,0,normal,24.9824,7.3346,7.4775,10.9243,17.7077
2026-02-07 23:30:00+00:00,0,normal,24.953,7.341,7.4981,11.0136,17.7143
2026-02-07 23:40:00+00:00,0,normal,24.9359,7.3722,7.5715,11.0015,17.7141
2026-02-07 23:50:00+00:00,0,normal,24.9298,7.3774,7.5636,11.107,17.7209
2026-02-08 00:00:00+00:00,0,normal,24.9297,7.3711,7.5245,10.9962,18.2716
2026-02-08 00:10:00+00:00,0,normal,24.9277,7.3805,7.4988,11.0299,18.2755
2026-02-08 00:20:00+00:00,0,normal,24.9408,7.3949,7.458,11.1684,18.3028
2026-02-08 00:30:00+00:00,0,normal,24.9763,7.4123,7.3551,11.319,18.3069
2026-02-08 00:40:00+00:00,0,normal,25.0537,7.4273,7.3323,11.2682,18.2949
2026-02-08 00:50:00+00:00,0,normal,25.0421,7.4663,7.3524,11.3945,18.2886
2026-02-08 01:00:00+00:00,0,normal,25.1398,7.4708,7.3516,11.2867,18.2716
2026-02-08 01:10:00+00:00,0,normal,25.1895,7.4783,7.37,11.1612,18.2652
2026-02-08 01:20:00+00:00,0,normal,25.206,7.4757,7.326,11.0028,18.2504
2026-02-08 01:30:00+00:00,0,normal,25.2656,7.4815,7.2888,11.019,18.2788
2026-02-08 01:40:00+00:00,0,normal,25.3721,7.5017,7.2105,11.0762,18.2759
2026-02-08 01:50:00+00:00,0,normal,25.4201,7.5187,7.1726,11.1933,18.2862
2026-02-08 02:00:00+00:00,0,normal,25.5529,7.5309,7.0643,11.2956,18.2722
2026-02-08 02:10:00+00:00,0,normal,25.5731,7.5342,7.0461,11.6324,18.2746
2026-02-08 02:20:00+00:00,0,normal,25.534,7.5536,6.9987,11.8258,18.2507
2026-02-08 02:30:00+00:00,0,normal,25.5274,7.5491,7.0003,11.6543,18.2563
2026-02-08 02:40:00+00:00,0,normal,25.5391,7.5583,6.9952,11.7303,18.2577
2026-02-08 02:50:00+00:00,0,normal,25.4361,7.5828,7.038,11.8868,18.2588
2026-02-08 03:00:00+00:00,0,normal,25.5053,7.5945,7.0238,11.786,18.2686
2026-02-08 03:10:00+00:00,0,normal,25.5732,7.5779,6.9956,11.4986,18.269
2026-02-08 03:20:00+00:00,0,normal,25.6801,7.5857,6.9392,11.4766,18.2672
2026-02-08 03:30:00+00:00,0,normal,25.7551,7.6021,6.8773,11.4287,18.2832
2026-02-08 03:40:00+00:00,0,normal,25.8719,7.6044,6.8024,11.0019,18.2821
2026-02-08 03:50:00+00:00,0,normal,25.9546,7.6107,6.7786,10.923,18.2766
2026-02-08 04:00:00+00:00,0,normal,26.0545,7.6527,6.7623,11.033,18.271
2026-02-08 04:10:00+00:00,0,normal,26.053,7.6693,6.6835,11.1106,18.2678
2026-02-08 04:20:00+00:00,0,normal,26.0769,7.6791,6.6576,11.2557,18.2549
2026-02-08 04:30:00+00:00,0,normal,26.0727,7.6919,6.626,11.5121,18.2548
2026-02-08 04:40:00+00:00,0,normal,26.0663,7.7006,6.591,11.4703,18.2467
2026-02-08 04:50:00+00:00,0,normal,26.0674,7.7007,6.4543,11.9279,18.2595
2026-02-08 05:00:00+00:00,0,normal,26.1512,7.7176,6.4564,11.9088,18.2658
2026-02-08 05:10:00+00:00,0,normal,26.1878,7.7319,6.4459,11.5202,18.2669
2026-02-08 05:20:00+00:00,0,normal,26.3018,7.7457,6.4057,11.3232,18.2593
2026-02-08 05:30:00+00:00,0,normal,26.3486,7.7694,6.3277,11.3239,18.2805
2026-02-08 05:40:00+00:00,0,normal,26.4324,7.7599,6.4379,10.7411,18.2713
2026-02-08 05:50:00+00:00,0,normal,26.495,7.7591,6.4251,10.7892,18.2563
2026-02-08 06:00:00+00:00,0,normal,26.5926,7.749,6.326,10.6697,18.2582
2026-02-08 06:10:00+00:00,0,normal,26.6594,7.7609,6.276,10.88,18.2794
2026-02-08 06:20:00+00:00,0,normal,26.6948,7.7714,6.2194,11.0703,18.2621
2026-02-08 06:30:00+00:00,0,normal,26.7119,7.7821,6.1501,11.1546,18.2567
2026-02-08 06:40:00+00:00,0,normal,26.726,7.7849,6.049,11.1843,18.2673
2026-02-08 06:50:00+00:00,0,normal,26.7398,7.7983,6.0675,11.3421,18.2435
2026-02-08 07:00:00+00:00,0,normal,26.7833,7.7986,6.0755,11.1252,18.2517
2026-02-08 07:10:00+00:00,0,normal,26.9297,7.7818,6.0563,11.0791,18.2423
2026-02-08 07:20:00+00:00,0,normal,27.0192,7.7756,5.9534,11.0886,18.25
2026-02-08 07:30:00+00:00,0,normal,27.0346,7.7774,6.0178,10.9008,18.2414
2026-02-08 07:40:00+00:00,0,normal,27.1079,7.756,5.951,10.9895,18.2418
2026-02-08 07:50:00+00:00,0,normal,27.1609,7.7514,5.8853,11.2076,18.207
2026-02-08 08:00:00+00:00,0,normal,27.1112,7.7683,5.8696,11.2677,18.2228
2026-02-08 08:10:00+00:00,0,normal,27.1411,7.7994,5.8854,11.3169,18.2192
2026-02-08 08:20:00+00:00,0,normal,27.1975,7.7945,5.8029,11.3253,18.2105
2026-02-08 08:30:00+00:00,0,normal,27.1468,7.814,5.774,11.3734,18.2098
2026-02-08 08:40:00+00:00,0,normal,27.1625,7.8166,5.7975,11.1113,18.2068
2026-02-08 08:50:00+00:00,0,normal,27.2195,7.8005,5.8487,11.0766,18.2004
2026-02-08 09:00:00+00:00,0,normal,27.1987,7.7932,5.8766,11.1114,18.201
2026-02-08 09:10:00+00:00,0,normal,27.2188,7.7984,5.8941,11.3398,18.2076
2026-02-08 09:20:00+00:00,0,normal,27.257,7.7893,5.9685,11.1708,18.2104
2026-02-08 09:30:00+00:00,0,normal,27.2737,7.781,5.878,11.1401,18.2187
2026-02-08 09:40:00+00:00,0,normal,27.2731,7.7853,5.7823,11.0484,18.1913
2026-02-08 09:50:00+00:00,0,normal,27.2936,7.7799,5.7218,10.8898,18.1806
2026-02-08 10:00:00+00:00,0,normal,27.3119,7.7695,5.6905,10.7633,18.1806
2026-02-08 10:10:00+00:00,0,normal,27.2978,7.7703,5.6271,10.9725,18.1754
2026-02-08 10:20:00+00:00,0,normal,27.243,7.7544,5.6499,11.2377,18.1652
2026-02-08 10:30:00+00:00,0,normal,27.1619,7.7366,5.7185,11.1596,18.1692
2026-02-08 10:40:00+00:00,0,normal,27.1707,7.7247,5.7226,11.2627,18.1565
2026-02-08 10:50:00+00:00,0,normal,27.1064,7.7094,5.7681,11.0723,18.1369
2026-02-08 11:00:00+00:00,0,normal,27.1426,7.709,5.7615,10.9278,18.1316
2026-02-08 11:10:00+00:00,0,normal,27.1756,7.7138,5.7178,10.7115,18.1214
2026-02-08 11:20:00+00:00,0,normal,27.2621,7.7118,5.6907,10.6704,18.1054
2026-02-08 11:30:00+00:00,0,normal,27.1813,7.7,5.7826,10.7516,18.1124
2026-02-08 11:40:00+00:00,0,normal,27.2033,7.6938,5.7483,10.6387,18.1164
2026-02-08 11:50:00+00:00,0,normal,27.2372,7.6653,5.7653,10.5925,18.1122
2026-02-08 12:00:00+00:00,0,normal,27.2618,7.6471,5.8017,10.5829,18.1027
2026-02-08 12:10:00+00:00,0,normal,27.2499,7.644,5.8167,10.6446,18.1093
2026-02-08 12:20:00+00:00,0,normal,27.2776,7.6391,5.7338,10.3031,18.1014
2026-02-08 12:30:00+00:00,0,normal,27.2138,7.635,5.7592,10.3981,18.0916
2026-02-08 12:40:00+00:00,0,normal,27.1477,7.645,5.756,10.3141,18.0767
2026-02-08 12:50:00+00:00,0,normal,27.0466,7.627,5.84,10.042,18.0915
2026-02-08 13:00:00+00:00,0,normal,26.9957,7.6121,5.8257,10.0814,18.083
2026-02-08 13:10:00+00:00,0,normal,26.9234,7.609,5.8431,10.0234,18.0462
2026-02-08 13:20:00+00:00,0,normal,26.9144,7.5803,5.8781,9.8637,18.0416
2026-02-08 13:30:00+00:00,0,normal,26.8538,7.5554,5.9358,10.018,18.0439
2026-02-08 13:40:00+00:00,0,normal,26.8261,7.5436,5.9458,10.2143,18.0276
2026-02-08 13:50:00+00:00,0,normal,26.7801,7.5334,6.0326,10.0396,18.0338
2026-02-08 14:00:00+00:00,0,normal,26.737,7.503,6.1027,10.1574,18.0507
2026-02-08 14:10:00+00:00,0,normal,26.6485,7.5118,6.1477,10.4399,18.0542
2026-02-08 14:20:00+00:00,0,normal,26.6536,7.509,6.1312,10.2638,18.0359
2026-02-08 14:30:00+00:00,0,normal,26.6857,7.4992,6.1158,10.3559,18.0305
2026-02-08 14:40:00+00:00,0,normal,26.6344,7.4839,6.1321,10.2542,18.0166
2026-02-08 14:50:00+00:00,0,normal,26.557,7.4748,6.2588,10.3132,18.0262
2026-02-08 15:00:00+00:00,0,normal,26.5261,7.4655,6.3002,10.2871,18.0053
2026-02-08 15:10:00+00:00,0,normal,26.4337,7.4717,6.3842,10.4961,18.014
2026-02-08 15:20:00+00:00,0,normal,26.3396,7.4764,6.4736,10.255,18.0107
2026-02-08 15:30:00+00:00,0,normal,26.2265,7.4585,6.453,10.3437,18.014
2026-02-08 15:40:00+00:00,0,normal,26.216,7.4489,6.4092,10.48,17.9944
2026-02-08 15:50:00+00:00,0,normal,26.1968,7.4349,6.4373,10.48,18.001
2026-02-08 16:00:00+00:00,0,normal,26.1553,7.3984,6.4556,10.3024,17.9969
2026-02-08 16:10:00+00:00,0,normal,26.0402,7.3831,6.4967,10.4732,17.9956
2026-02-08 16:20:00+00:00,0,normal,25.9731,7.3611,6.587,10.5395,18.0046
2026-02-08 16:30:00+00:00,0,normal,25.9456,7.3586,6.5902,10.3247,18.0089
2026-02-08 16:40:00+00:00,0,normal,25.9249,7.3449,6.5586,10.2866,17.9935
2026-02-08 16:50:00+00:00,0,normal,25.8369,7.3378,6.6431,10.3666,18.0078
2026-02-08 17:00:00+00:00,0,normal,25.8104,7.3394,6.7196,10.2487,18.0107
2026-02-08 17:10:00+00:00,0,normal,25.7966,7.3421,6.8327,10.1683,17.9996
2026-02-08 17:20:00+00:00,0,normal,25.6914,7.3289,6.8826,10.1666,17.9944
2026-02-08 17:30:00+00:00,0,normal,25.6361,7.3325,6.9281,10.0864,18.0075
2026-02-08 17:40:00+00:00,0,normal,25.6022,7.3287,6.9025,10.0713,17.9691
2026-02-08 17:50:00+00:00,0,normal,25.5552,7.2943,6.8581,10.2239,17.972
2026-02-08 18:00:00+00:00,0,normal,25.5774,7.315,6.7684,10.2096,17.9722
2026-02-08 18:10:00+00:00,0,normal,25.5219,7.3043,6.819,10.419,17.9704
2026-02-08 18:20:00+00:00,0,normal,25.4184,7.2841,6.9302,10.4605,17.9699
2026-02-08 18:30:00+00:00,0,normal,25.3646,7.2743,6.9699,10.6055,17.9925
2026-02-08 18:40:00+00:00,0,normal,25.2825,7.279,7.0878,10.7587,17.9681
2026-02-08 18:50:00+00:00,0,normal,25.2139,7.2507,7.2087,10.7367,17.9604
2026-02-08 19:00:00+00:00,0,normal,25.2039,7.2521,7.2521,10.5515,17.9643
2026-02-08 19:10:00+00:00,0,normal,25.1485,7.2476,7.3019,10.522,17.9544
2026-02-08 19:20:00+00:00,0,normal,25.1072,7.2536,7.3129,10.4132,17.946
2026-02-08 19:30:00+00:00,0,normal,25.0975,7.261,7.278,10.353,17.9626
2026-02-08 19:40:00+00:00,0,normal,25.0686,7.285,7.2655,10.5047,17.962
2026-02-08 19:50:00+00:00,0,normal,25.057,7.2816,7.2803,10.5177,17.9752
2026-02-08 20:00:00+00:00,0,normal,25.0788,7.2818,7.2877,10.7654,17.9703
2026-02-08 20:10:00+00:00,0,normal,25.0594,7.263,7.3189,10.7035,17.9759
2026-02-08 20:20:00+00:00,0,normal,25.02,7.2779,7.3478,10.7265,17.9595
2026-02-08 20:30:00+00:00,0,normal,24.9361,7.2672,7.3872,10.728,17.9642
2026-02-08 20:40:00+00:00,0,normal,24.9101,7.2642,7.3846,10.8035,17.9375
2026-02-08 20:50:00+00:00,0,normal,24.8615,7.2873,7.3365,10.7185,17.9464
2026-02-08 21:00:00+00:00,0,normal,24.893,7.3177,7.3469,10.9593,17.9538
2026-02-08 21:10:00+00:00,0,normal,24.9325,7.2916,7.3456,10.9345,17.9632
2026-02-08 21:20:00+00:00,0,normal,24.9678,7.2848,7.3854,10.9082,17.9489
2026-02-08 21:30:00+00:00,0,normal,24.9601,7.294,7.3793,11.1018,17.9682
2026-02-08 21:40:00+00:00,0,normal,24.9603,7.2741,7.4444,11.1058,17.9698
2026-02-08 21:50:00+00:00,0,normal,24.8479,7.2606,7.5574,10.9787,17.9594
2026-02-08 22:00:00+00:00,0,normal,24.7879,7.2818,7.581,11.0822,17.9513
2026-02-08 22:10:00+00:00,0,normal,24.7673,7.2812,7.5565,11.1954,17.9468
2026-02-08 22:20:00+00:00,0,normal,24.7628,7.291,7.613,11.3268,17.9598
2026-02-08 22:30:00+00:00,0,normal,24.7862,7.3189,7.592,11.2966,17.9527
2026-02-08 22:40:00+00:00,0,normal,24.8704,7.3345,7.5173,11.4281,17.9459
2026-02-08 22:50:00+00:00,0,normal,24.8613,7.3341,7.5176,11.3873,17.9588
2026-02-08 23:00:00+00:00,0,normal,24.8434,7.347,7.5395,11.4236,17.9656
2026-02-08 23:10:00+00:00,0,normal,24.9001,7.3624,7.4832,11.1367,17.9513
2026-02-08 23:20:00+00:00,0,normal,24.9259,7.3505,7.4586,11.1201,17.9701
2026-02-08 23:30:00+00:00,0,normal,24.896,7.3558,7.4742,11.0708,17.9711
2026-02-08 23:40:00+00:00,0,normal,24.9366,7.3671,7.5029,10.9489,17.9671
2026-02-08 23:50:00+00:00,0,normal,24.9792,7.394,7.5214,10.8591,17.9817
2026-02-09 00:00:00+00:00,0,normal,24.952,7.3886,7.5192,10.9219,17.9679
2026-02-09 00:10:00+00:00,0,normal,24.9673,7.4044,7.5092,11.1184,17.9491
2026-02-09 00:20:00+00:00,0,normal,25.1008,7.4068,7.3904,11.0929,17.9591
2026-02-09 00:30:00+00:00,0,normal,25.1416,7.4218,7.3867,11.2152,17.981
2026-02-09 00:40:00+00:00,0,normal,25.2012,7.4201,7.2935,11.1811,17.971
2026-02-09 00:50:00+00:00,0,normal,25.1734,7.4256,7.3142,11.3844,17.9809
2026-02-09 01:00:00+00:00,0,normal,25.1748,7.4327,7.3068,11.3875,18.0129
2026-02-09 01:10:00+00:00,0,normal,25.1654,7.4578,7.3547,11.5298,18.0226
2026-02-09 01:20:00+00:00,0,normal,25.2123,7.4558,7.2544,11.3791,17.9911
2026-02-09 01:30:00+00:00,0,normal,25.0714,7.4531,7.3475,11.5497,17.998
2026-02-09 01:40:00+00:00,0,normal,25.1989,7.4849,7.3101,11.2746,18.0071
2026-02-09 01:50:00+00:00,0,normal,25.3293,7.5064,7.2641,11.2515,17.999
2026-02-09 02:00:00+00:00,0,normal,25.2586,7.5162,7.2617,11.1656,18.0056
2026-02-09 02:10:00+00:00,0,normal,25.3455,7.5367,7.2113,11.3945,18.0269
2026-02-09 02:20:00+00:00,0,normal,25.4515,7.5606,7.11,11.2881,18.0365
2026-02-09 02:30:00+00:00,0,normal,25.51,7.5662,7.0769,11.2872,18.0204
2026-02-09 02:40:00+00:00,0,normal,25.4907,7.5884,7.065,11.141,18.002
2026-02-09 02:50:00+00:00,0,normal,25.5289,7.6026,7.0323,11.1477,17.9785
2026-02-09 03:00:00+00:00,0,normal,25.542,7.6258,7.0587,11.0713,17.9833
2026-02-09 03:10:00+00:00,0,normal,25.7358,7.6387,6.9293,11.1842,17.9808
2026-02-09 03:20:00+00:00,0,normal,25.7682,7.6386,6.8545,11.1912,17.9938
2026-02-09 03:30:00+00:00,0,normal,25.8433,7.6452,6.7956,11.2652,18.0142
2026-02-09 03:40:00+00:00,0,normal,25.9672,7.6603,6.7124,11.3879,18.0309
2026-02-09 03:50:00+00:00,0,normal,25.9386,7.667,6.6594,11.4533,18.0319
2026-02-09 04:00:00+00:00,0,normal,25.9768,7.6824,6.7085,11.4699,18.0352
2026-02-09 04:10:00+00:00,0,normal,26.0815,7.7106,6.711,11.6269,18.0417
2026-02-09 04:20:00+00:00,0,normal,26.156,7.7215,6.7305,11.5704,18.018
2026-02-09 04:30:00+00:00,0,normal,26.154,7.7173,6.7687,11.5943,18.0215
2026-02-09 04:40:00+00:00,0,normal,26.2211,7.7186,6.7747,11.594,18.0148
2026-02-09 04:50:00+00:00,0,normal,26.2201,7.7257,6.7057,11.5659,18.0036
2026-02-09 05:00:00+00:00,0,normal,26.1536,7.7148,6.6666,11.592,18.0011
2026-02-09 05:10:00+00:00,0,normal,26.168,7.7084,6.5997,11.7456,18.021
2026-02-09 05:20:00+00:00,0,normal,26.3066,7.713,6.5503,11.4219,18.0101
2026-02-09 05:30:00+00:00,0,normal,26.3618,7.7047,6.5147,11.3807,17.9977
2026-02-09 05:40:00+00:00,0,normal,26.4716,7.7153,6.4276,11.5979,17.9935
2026-02-09 05:50:00+00:00,0,normal,26.601,7.7328,6.3771,11.6943,17.9731
2026-02-09 06:00:00+00:00,0,normal,26.6292,7.7512,6.2971,11.5681,17.9582
2026-02-09 06:10:00+00:00,0,normal,26.6572,7.7738,6.2159,11.7732,17.9624
2026-02-09 06:20:00+00:00,0,normal,26.6858,7.8047,6.2157,11.7183,17.9826
2026-02-09 06:30:00+00:00,0,normal,26.6918,7.8192,6.1874,11.4976,17.9794
2026-02-09 06:40:00+00:00,0,normal,26.7151,7.8163,6.2198,11.2505,17.9928
2026-02-09 06:50:00+00:00,0,normal,26.7841,7.8019,6.2168,11.1945,17.9919
2026-02-09 07:00:00+00:00,0,normal,26.8457,7.8035,6.1707,11.0332,17.9838
2026-02-09 07:10:00+00:00,0,normal,26.9648,7.8111,6.0528,11.2372,17.9515
2026-02-09 07:20:00+00:00,0,normal,27.0057,7.8151,6.0379,11.1278,17.9466
2026-02-09 07:30:00+00:00,0,normal,27.0525,7.8289,5.9172,11.2854,17.9566
2026-02-09 07:40:00+00:00,0,normal,27.1174,7.8269,5.8603,11.2712,17.9621
2026-02-09 07:50:00+00:00,0,normal,27.1333,7.8221,5.8458,11.2566,17.9613
2026-02-09 08:00:00+00:00,0,normal,27.1671,7.8154,5.7872,11.0942,17.9756
2026-02-09 08:10:00+00:00,0,normal,27.199,7.8128,5.7768,10.9834,17.9877
2026-02-09 08:20:00+00:00,0,normal,27.1925,7.8192,5.7451,10.9097,17.9635
2026-02-09 08:30:00+00:00,0,normal,27.2002,7.8435,5.6888,10.9204,17.9468
2026-02-09 08:40:00+00:00,0,normal,27.2065,7.8327,5.6463,10.8978,17.9346
2026-02-09 08:50:00+00:00,0,normal,27.2296,7.8165,5.7103,10.7482,17.9277
2026-02-09 09:00:00+00:00,0,normal,27.2558,7.808,5.7103,11.085,17.9064
2026-02-09 09:10:00+00:00,0,normal,27.2843,7.7856,5.7507,10.985,17.9
2026-02-09 09:20:00+00:00,0,normal,27.2675,7.7857,5.7925,10.9681,17.9037
2026-02-09 09:30:00+00:00,0,normal,27.2807,7.7717,5.8372,11.1011,17.9014
2026-02-09 09:40:00+00:00,0,normal,27.2168,7.778,5.845,11.069,17.8794
2026-02-09 09:50:00+00:00,0,normal,27.2364,7.7717,5.8308,10.953,17.8815
2026-02-09 10:00:00+00:00,0,normal,27.2602,7.7726,5.8487,10.9289,17.8875
2026-02-09 10:10:00+00:00,0,normal,27.3048,7.7472,5.8226,10.7611,17.8791
2026-02-09 10:20:00+00:00,0,normal,27.3037,7.7377,5.8227,10.5827,17.862
2026-02-09 10:30:00+00:00,0,normal,27.4285,7.7275,5.7475,10.5309,17.8819
2026-02-09 10:40:00+00:00,0,normal,27.3961,7.7115,5.7174,10.3913,17.878
2026-02-09 10:50:00+00:00,0,normal,27.3489,7.7138,5.6865,10.2843,17.8709
2026-02-09 11:00:00+00:00,0,normal,27.2728,7.7038,5.663,10.3136,17.874
2026-02-09 11:10:00+00:00,0,normal,27.2175,7.716,5.665,10.3809,17.8828
2026-02-09 11:20:00+00:00,0,normal,27.1901,7.6998,5.6466,10.4833,17.851
2026-02-09 11:30:00+00:00,0,normal,27.2366,7.7029,5.6453,10.5849,17.8636
2026-02-09 11:40:00+00:00,0,normal,27.2709,7.6661,5.6169,10.7781,17.8353
2026-02-09 11:50:00+00:00,0,normal,27.2533,7.6826,5.7027,10.8625,17.8175
2026-02-09 12:00:00+00:00,0,normal,27.3578,7.6737,5.6335,10.864,17.8249
2026-02-09 12:10:00+00:00,0,normal,27.2646,7.6466,5.7485,10.6835,17.8304
2026-02-09 12:20:00+00:00,0,normal,27.1782,7.6224,5.8216,10.6068,17.8035
2026-02-09 12:30:00+00:00,0,normal,27.1789,7.6255,5.8135,10.5042,17.816
2026-02-09 12:40:00+00:00,0,normal,27.2035,7.5927,5.8121,10.5833,17.812
2026-02-09 12:50:00+00:00,0,normal,27.1843,7.5803,5.8872,10.4763,17.7873
2026-02-09 13:00:00+00:00,0,normal,27.1708,7.5894,5.8524,10.5807,17.7826
2026-02-09 13:10:00+00:00,0,normal,27.1294,7.5769,5.8284,10.4551,17.7927
2026-02-09 13:20:00+00:00,0,normal,27.017,7.5591,5.9852,10.5514,17.7847
2026-02-09 13:30:00+00:00,0,normal,26.8867,7.5563,6.0533,10.4622,17.7856
2026-02-09 13:40:00+00:00,0,normal,26.7557,7.5543,6.0507,10.3166,17.7801
2026-02-09 13:50:00+00:00,0,normal,26.7447,7.5478,6.06,10.4064,17.7932
2026-02-09 14:00:00+00:00,0,normal,26.736,7.545,6.0991,10.3746,17.787
2026-02-09 14:10:00+00:00,0,normal,26.7129,7.5346,6.0487,10.3241,17.7861
2026-02-09 14:20:00+00:00,0,normal,26.6966,7.5176,6.0084,10.3411,17.7825
2026-02-09 14:30:00+00:00,0,normal,26.6666,7.4981,6.0751,10.6319,17.7997
2026-02-09 14:40:00+00:00,0,normal,26.6126,7.4864,6.0783,10.6661,17.7736
2026-02-09 14:50:00+00:00,0,normal,26.5565,7.4783,6.1121,10.8119,17.7511
2026-02-09 15:00:00+00:00,0,normal,26.5108,7.4799,6.1577,10.8101,17.7509
2026-02-09 15:10:00+00:00,0,normal,26.4662,7.4587,6.2139,10.8343,17.7291
2026-02-09 15:20:00+00:00,0,normal,26.437,7.4573,6.2294,10.6163,17.6973
2026-02-09 15:30:00+00:00,0,normal,26.2349,7.4389,6.3886,10.372,17.6878
2026-02-09 15:40:00+00:00,0,normal,26.1799,7.4394,6.4103,10.1744,17.6946
2026-02-09 15:50:00+00:00,0,normal,26.2128,7.434,6.3759,10.1278,17.6691
2026-02-09 16:00:00+00:00,0,normal,26.1333,7.4495,6.4016,9.7925,17.6734
2026-02-09 16:10:00+00:00,0,normal,26.0395,7.4371,6.4421,9.8671,17.6529
2026-02-09 16:20:00+00:00,0,normal,26.098,7.4367,6.4075,9.9647,17.6678
2026-02-09 16:30:00+00:00,0,normal,26.0136,7.4039,6.5098,10.1926,17.6677
2026-02-09 16:40:00+00:00,0,normal,25.9047,7.3817,6.5695,10.1025,17.6809
2026-02-09 16:50:00+00:00,0,normal,25.9226,7.3632,6.6357,10.3106,17.6922
2026-02-09 17:00:00+00:00,0,normal,25.8837,7.3459,6.6981,10.4622,17.7273
2026-02-09 17:10:00+00:00,0,normal,25.8602,7.3317,6.6754,10.4875,17.7135
2026-02-09 17:20:00+00:00,0,normal,25.8255,7.3386,6.6913,10.3322,17.6985
2026-02-09 17:30:00+00:00,0,normal,25.8515,7.3415,6.7581,10.2995,17.7059
2026-02-09 17:40:00+00:00,0,normal,25.7895,7.3365,6.7213,10.3806,17.6991
2026-02-09 17:50:00+00:00,0,normal,25.7415,7.3197,6.8188,10.2094,17.6874
2026-02-09 18:00:00+00:00,0,normal,25.6026,7.3231,6.9219,10.1945,17.6767
2026-02-09 18:10:00+00:00,0,normal,25.535,7.3132,6.9091,10.3939,17.6911
2026-02-09 18:20:00+00:00,0,normal,25.4155,7.3145,6.9444,10.4659,17.6821
2026-02-09 18:30:00+00:00,0,normal,25.317,7.3081,7.0909,10.3989,17.6739
2026-02-09 18:40:00+00:00,0,normal,25.1886,7.3073,7.0906,10.3405,17.6494
2026-02-09 18:50:00+00:00,0,normal,25.2091,7.2959,7.1242,10.4138,17.6688
2026-02-09 19:00:00+00:00,0,normal,25.2372,7.3073,7.245,10.2089,17.6588
2026-02-09 19:10:00+00:00,0,normal,25.1583,7.2889,7.2964,10.1799,17.6524
2026-02-09 19:20:00+00:00,0,normal,25.1568,7.286,7.3785,10.1532,17.6446
2026-02-09 19:30:00+00:00,0,normal,25.1319,7.2818,7.4517,10.3027,17.6705
2026-02-09 19:40:00+00:00,0,normal,25.1131,7.2658,7.4639,10.1565,17.6694
2026-02-09 19:50:00+00:00,0,normal,25.0555,7.2364,7.4434,10.283,17.6662
2026-02-09 20:00:00+00:00,0,normal,24.9597,7.2388,7.4816,10.2836,17.6758
2026-02-09 20:10:00+00:00,0,normal,24.9846,7.241,7.3934,10.4769,17.6729
2026-02-09 20:20:00+00:00,0,normal,25.053,7.2534,7.3495,10.5299,17.666
2026-02-09 20:30:00+00:00,0,normal,25.0535,7.2827,7.3444,10.7064,17.6682
2026-02-09 20:40:00+00:00,0,normal,25.0289,7.2986,7.3113,10.7764,17.6682
2026-02-09 20:50:00+00:00,0,normal,25.097,7.2944,7.3412,11.0303,17.679
2026-02-09 21:00:00+00:00,0,normal,25.0575,7.2949,7.3906,11.1138,17.6924
2026-02-09 21:10:00+00:00,0,normal,25.0461,7.296,7.3401,10.9394,17.6884
2026-02-09 21:20:00+00:00,0,normal,24.9271,7.2787,7.4202,10.8848,17.6688
2026-02-09 21:30:00+00:00,0,normal,24.8415,7.2797,7.543,10.7623,17.6803
2026-02-09 21:40:00+00:00,0,normal,24.7833,7.2894,7.5629,10.685,17.6603
2026-02-09 21:50:00+00:00,0,normal,24.7541,7.2824,7.5282,10.5119,17.6671
2026-02-09 22:00:00+00:00,0,normal,24.7334,7.2839,7.6191,10.6183,17.6738
2026-02-09 22:10:00+00:00,0,normal,24.8095,7.3116,7.5831,10.6282,17.6912
2026-02-09 22:20:00+00:00,0,normal,24.9051,7.3308,7.5221,10.7382,17.6824
2026-02-09 22:30:00+00:00,0,normal,24.9767,7.3419,7.4329,10.7616,17.6914
2026-02-09 22:40:00+00:00,0,normal,24.9561,7.3538,7.3305,10.7096,17.6911
2026-02-09 22:50:00+00:00,0,normal,24.9591,7.3498,7.2742,10.7384,17.6975
2026-02-09 23:00:00+00:00,0,normal,24.9277,7.3584,7.3061,10.6342,17.7027
2026-02-09 23:10:00+00:00,0,normal,24.8939,7.3613,7.3029,10.3614,17.6919
2026-02-09 23:20:00+00:00,0,normal,24.8796,7.3736,7.3592,10.3678,17.6949
2026-02-09 23:30:00+00:00,0,normal,24.806,7.3571,7.5635,10.5583,17.6901
2026-02-09 23:40:00+00:00,0,normal,24.9042,7.3837,7.5309,10.656,17.6891
2026-02-09 23:50:00+00:00,0,normal,24.9773,7.3793,7.4639,11.0608,17.6632
2026-02-10 00:00:00+00:00,0,normal,24.987,7.3853,7.393,11.1609,18.2151
2026-02-10 00:10:00+00:00,0,normal,25.0712,7.3876,7.2802,10.8996,18.2149
2026-02-10 00:20:00+00:00,0,normal,25.21,7.422,7.1338,10.7616,18.2195
2026-02-10 00:30:00+00:00,0,normal,25.1585,7.4339,7.181,10.5291,18.2271
2026-02-10 00:40:00+00:00,0,normal,25.1531,7.4371,7.1814,10.3062,18.2501
2026-02-10 00:50:00+00:00,0,normal,25.2685,7.4409,7.1751,10.573,18.2558
2026-02-10 01:00:00+00:00,0,normal,25.2316,7.4544,7.2141,10.8522,18.246
2026-02-10 01:10:00+00:00,0,normal,25.2875,7.4808,7.1991,11.1058,18.2253
2026-02-10 01:20:00+00:00,0,normal,25.3659,7.496,7.1669,11.3959,18.2241
2026-02-10 01:30:00+00:00,0,normal,25.4458,7.5263,7.135,11.4344,18.2427
2026-02-10 01:40:00+00:00,0,normal,25.4273,7.5407,7.1834,11.3271,18.2539
2026-02-10 01:50:00+00:00,0,normal,25.5155,7.5664,7.0841,11.3564,18.2576
2026-02-10 02:00:00+00:00,0,normal,25.6473,7.5548,7.0555,11.088,18.2779
2026-02-10 02:10:00+00:00,0,normal,25.6624,7.576,6.9931,10.7097,18.2766
2026-02-10 02:20:00+00:00,0,normal,25.6938,7.5967,6.9558,10.8082,18.2449
2026-02-10 02:30:00+00:00,0,normal,25.7514,7.6124,6.9297,10.902,18.2489
2026-02-10 02:40:00+00:00,0,normal,25.809,7.6186,6.9492,11.0357,18.2556
2026-02-10 02:50:00+00:00,0,normal,25.7474,7.6399,6.9642,11.2889,18.2545
2026-02-10 03:00:00+00:00,0,normal,25.7782,7.6303,6.9205,11.6797,18.2742
2026-02-10 03:10:00+00:00,0,normal,25.7716,7.614,6.921,11.6087,18.2895
2026-02-10 03:20:00+00:00,0,normal,25.7764,7.6183,6.8115,11.4989,18.304
2026-02-10 03:30:00+00:00,0,normal,25.7647,7.6237,6.8141,11.2997,18.2978
2026-02-10 03:40:00+00:00,0,normal,25.8388,7.6397,6.763,11.3313,18.2859
2026-02-10 03:50:00+00:00,0,normal,25.9674,7.674,6.7579,11.3504,18.2607
2026-02-10 04:00:00+00:00,0,normal,26.0972,7.6946,6.6568,11.4886,18.2721
2026-02-10 04:10:00+00:00,0,normal,26.1622,7.6925,6.6466,11.5896,18.2486
2026-02-10 04:20:00+00:00,0,normal,26.2099,7.7119,6.5914,11.5205,18.2429
2026-02-10 04:30:00+00:00,0,normal,26.3166,7.7094,6.5073,11.5411,18.259
2026-02-10 04:40:00+00:00,0,normal,26.3485,7.6948,6.4117,11.6047,18.2622
2026-02-10 04:50:00+00:00,0,normal,26.385,7.7046,6.3373,11.5182,18.256
2026-02-10 05:00:00+00:00,0,normal,26.4562,7.7313,6.2732,11.5625,18.2559
2026-02-10 05:10:00+00:00,0,normal,26.5768,7.7153,6.222,11.7103,18.2593
2026-02-10 05:20:00+00:00,0,normal,26.5448,7.7234,6.2253,11.524,18.27
2026-02-10 05:30:00+00:00,0,normal,26.5709,7.7214,6.247,11.3695,18.2646
2026-02-10 05:40:00+00:00,0,normal,26.7035,7.7359,6.2673,11.2399,18.2503
2026-02-10 05:50:00+00:00,0,normal,26.7777,7.7508,6.2375,11.1396,18.2589
2026-02-10 06:00:00+00:00,0,normal,26.7591,7.7558,6.1823,11.1868,18.2402
2026-02-10 06:10:00+00:00,0,normal,26.8585,7.78,6.1399,11.3189,18.2299
2026-02-10 06:20:00+00:00,0,normal,26.8751,7.8057,6.1,11.3961,18.2514
2026-02-10 06:30:00+00:00,0,normal,26.7895,7.7926,6.0902,11.588,18.2644
2026-02-10 06:40:00+00:00,0,normal,26.8524,7.7696,6.1009,11.5622,18.2484
2026-02-10 06:50:00+00:00,0,normal,26.9642,7.7785,6.1012,11.3044,18.2644
2026-02-10 07:00:00+00:00,0,normal,26.9804,7.7665,6.0715,11.1784,18.2556
2026-02-10 07:10:00+00:00,0,normal,27.0242,7.7753,6.044,11.0915,18.24
2026-02-10 07:20:00+00:00,0,normal,27.0787,7.7836,6.0418,11.0427,18.2437
2026-02-10 07:30:00+00:00,0,normal,27.0852,7.793,5.9655,11.1207,18.264
2026-02-10 07:40:00+00:00,0,normal,27.06,7.8026,5.9226,11.342,18.2652
2026-02-10 07:50:00+00:00,0,normal,27.0682,7.7961,5.8959,11.1179,18.2564
2026-02-10 08:00:00+00:00,0,normal,27.1814,7.7916,5.7899,11.0185,18.2425
2026-02-10 08:10:00+00:00,0,normal,27.2624,7.7865,5.7134,10.9134,18.2301
2026-02-10 08:20:00+00:00,0,normal,27.3158,7.7889,5.7038,10.8886,18.2218
2026-02-10 08:30:00+00:00,0,normal,27.3933,7.7926,5.6845,10.986,18.2204
2026-02-10 08:40:00+00:00,0,normal,27.4806,7.8218,5.6311,11.078,18.2211
2026-02-10 08:50:00+00:00,0,normal,27.4187,7.8308,5.7415,11.0652,18.2429
2026-02-10 09:00:00+00:00,0,normal,27.4305,7.8274,5.7595,11.0058,18.2389
2026-02-10 09:10:00+00:00,0,normal,27.4168,7.8251,5.7521,10.8479,18.2063
2026-02-10 09:20:00+00:00,0,normal,27.415,7.8221,5.7511,10.4964,18.2008
2026-02-10 09:30:00+00:00,0,normal,27.4115,7.8121,5.8019,10.5853,18.198
2026-02-10 09:40:00+00:00,0,normal,27.4222,7.7685,5.7195,10.7478,18.1718
2026-02-10 09:50:00+00:00,0,normal,27.3718,7.7708,5.6765,10.7836,18.1723
2026-02-10 10:00:00+00:00,0,normal,27.3917,7.7672,5.6731,10.7471,18.1829
2026-02-10 10:10:00+00:00,0,normal,27.3711,7.7382,5.6889,10.7992,18.1694
2026-02-10 10:20:00+00:00,0,normal,27.2908,7.7054,5.694,10.6559,18.1561
2026-02-10 10:30:00+00:00,0,normal,27.3207,7.7147,5.7228,10.632,18.1595
2026-02-10 10:40:00+00:00,0,normal,27.3987,7.7114,5.6922,10.7569,18.1308
2026-02-10 10:50:00+00:00,0,normal,27.4775,7.7217,5.6022,10.6523,18.1241
2026-02-10 11:00:00+00:00,0,normal,27.4614,7.7339,5.5768,10.6757,18.1353
2026-02-10 11:10:00+00:00,0,normal,27.4984,7.7486,5.5626,10.6811,18.1242
2026-02-10 11:20:00+00:00,0,normal,27.4263,7.7424,5.5403,10.557,18.1034
2026-02-10 11:30:00+00:00,0,normal,27.3828,7.7252,5.523,10.3632,18.095
2026-02-10 11:40:00+00:00,0,normal,27.2806,7.701,5.6215,10.369,18.086
2026-02-10 11:50:00+00:00,0,normal,27.2449,7.6937,5.6409,10.455,18.0683
2026-02-10 12:00:00+00:00,0,normal,27.2351,7.6852,5.5745,10.5026,18.073
2026-02-10 12:10:00+00:00,0,normal,27.1789,7.6719,5.636,10.4232,18.0687
2026-02-10 12:20:00+00:00,0,normal,27.1777,7.6608,5.6903,10.4251,18.0751
2026-02-10 12:30:00+00:00,0,normal,27.1137,7.6531,5.7738,10.4572,18.0866
2026-02-10 12:40:00+00:00,0,normal,27.1107,7.6416,5.8017,10.2849,18.089
2026-02-10 12:50:00+00:00,0,normal,27.0327,7.6301,5.9177,10.0811,18.105
2026-02-10 13:00:00+00:00,0,normal,27.0483,7.6167,5.9143,9.8558,18.1019
2026-02-10 13:10:00+00:00,0,normal,26.9684,7.6055,5.9516,9.7193,18.096
2026-02-10 13:20:00+00:00,0,normal,26.9575,7.5992,5.8951,9.7403,18.0834
2026-02-10 13:30:00+00:00,0,normal,26.9362,7.5805,5.9451,9.5517,18.0706
2026-02-10 13:40:00+00:00,0,normal,26.9981,7.5589,5.9307,9.6845,18.046
2026-02-10 13:50:00+00:00,0,normal,27.0026,7.5669,5.8909,9.8713,18.0298
2026-02-10 14:00:00+00:00,0,normal,27.0031,7.5511,5.8798,9.9583,18.0255
2026-02-10 14:10:00+00:00,0,normal,27.0101,7.5536,5.8644,10.0724,18.0271
2026-02-10 14:20:00+00:00,0,normal,26.9666,7.5402,5.8945,10.4428,18.0441
2026-02-10 14:30:00+00:00,0,normal,26.8657,7.5376,5.8729,10.5345,18.0526
2026-02-10 14:40:00+00:00,0,normal,26.8268,7.5142,5.9752,10.4757,18.0664
2026-02-10 14:50:00+00:00,0,normal,26.7811,7.5176,6.061,10.5476,18.0695
2026-02-10 15:00:00+00:00,0,normal,26.7018,7.4838,6.1528,10.6268,18.0602
2026-02-10 15:10:00+00:00,0,normal,26.5776,7.482,6.1737,10.309,18.0337
2026-02-10 15:20:00+00:00,0,normal,26.4966,7.4584,6.3174,10.1395,18.0078
2026-02-10 15:30:00+00:00,0,normal,26.3979,7.4408,6.3547,10.0873,18.0048
2026-02-10 15:40:00+00:00,0,normal,26.3344,7.4433,6.3385,9.9487,17.9956
2026-02-10 15:50:00+00:00,0,normal,26.257,7.434,6.3446,9.8335,17.9963
2026-02-10 16:00:00+00:00,0,normal,26.2968,7.4144,6.3029,10.1188,17.9761
2026-02-10 16:10:00+00:00,0,normal,26.3209,7.3978,6.3065,10.334,17.9796
2026-02-10 16:20:00+00:00,0,normal,26.3203,7.4125,6.3631,10.5337,17.9848
2026-02-10 16:30:00+00:00,0,normal,26.2821,7.3823,6.4762,10.6029,17.9877
2026-02-10 16:40:00+00:00,0,normal,26.1922,7.3894,6.5665,10.608,17.9681
2026-02-10 16:50:00+00:00,0,normal,26.1156,7.3888,6.6235,10.4985,17.9747
2026-02-10 17:00:00+00:00,0,normal,25.9937,7.3914,6.6222,10.5489,17.973
2026-02-10 17:10:00+00:00,0,normal,25.839,7.3627,6.631,10.5104,17.9664
2026-02-10 17:20:00+00:00,0,normal,25.7336,7.3769,6.6581,10.5413,17.9633
2026-02-10 17:30:00+00:00,0,normal,25.7678,7.3353,6.7061,10.4615,17.9707
2026-02-10 17:40:00+00:00,0,normal,25.7169,7.3264,6.8342,10.4336,17.986
2026-02-10 17:50:00+00:00,0,normal,25.7622,7.3207,6.8461,10.2721,17.9866
2026-02-10 18:00:00+00:00,0,normal,25.7797,7.3142,6.8126,10.1546,17.9829
2026-02-10 18:10:00+00:00,0,normal,25.8311,7.2946,6.7674,10.2338,17.9849
2026-02-10 18:20:00+00:00,0,normal,25.7438,7.3044,6.8154,10.4553,17.9782
2026-02-10 18:30:00+00:00,0,normal,25.6834,7.2984,6.8204,10.4525,17.9629
2026-02-10 18:40:00+00:00,0,normal,25.5213,7.2901,6.9129,10.5318,17.9657
2026-02-10 18:50:00+00:00,0,normal,25.513,7.2779,6.9882,10.7728,17.9545
2026-02-10 19:00:00+00:00,0,normal,25.3664,7.2711,7.0822,10.6772,17.9275
2026-02-10 19:10:00+00:00,0,normal,25.2979,7.2754,7.0501,10.5512,17.9434
2026-02-10 19:20:00+00:00,0,normal,25.3061,7.2686,7.1178,10.5492,17.9529
2026-02-10 19:30:00+00:00,0,normal,25.3585,7.2879,7.1723,10.4705,17.9476
2026-02-10 19:40:00+00:00,0,normal,25.3256,7.3103,7.1866,10.4521,17.95
2026-02-10 19:50:00+00:00,0,normal,25.299,7.3136,7.1782,10.5439,17.9747
2026-02-10 20:00:00+00:00,0,normal,25.2907,7.3152,7.237,10.6448,17.95
2026-02-10 20:10:00+00:00,0,normal,25.2146,7.318,7.2116,10.689,17.9477
2026-02-10 20:20:00+00:00,0,normal,25.1754,7.3113,7.2049,10.6387,17.9484
2026-02-10 20:30:00+00:00,0,normal,25.1669,7.3152,7.2721,10.7249,17.9552
2026-02-10 20:40:00+00:00,0,normal,25.1717,7.3177,7.2977,10.6099,17.9325
2026-02-10 20:50:00+00:00,0,normal,25.2254,7.3108,7.3172,10.4483,17.9498
2026-02-10 21:00:00+00:00,0,normal,25.2428,7.3145,7.3107,10.413,17.9465
2026-02-10 21:10:00+00:00,0,normal,25.1914,7.3106,7.3413,10.3764,17.9387
2026-02-10 21:20:00+00:00,0,normal,25.1528,7.3062,7.3303,10.254,17.9204
2026-02-10 21:30:00+00:00,0,normal,25.1908,7.3047,7.3862,10.4265,17.9567
2026-02-10 21:40:00+00:00,0,normal,25.1838,7.3093,7.2787,10.4853,17.9511
2026-02-10 21:50:00+00:00,0,normal,25.1888,7.3295,7.3166,10.7149,17.9581
2026-02-10 22:00:00+00:00,0,normal,25.195,7.3206,7.2722,11.0711,17.9555
2026-02-10 22:10:00+00:00,0,normal,25.1567,7.3086,7.3046,11.2169,17.957
2026-02-10 22:20:00+00:00,0,normal,25.1177,7.3017,7.3362,10.9599,17.9454
2026-02-10 22:30:00+00:00,0,normal,25.11,7.3045,7.3923,11.1892,17.9357
2026-02-10 22:40:00+00:00,0,normal,25.0893,7.3073,7.3496,11.0397,17.9466
2026-02-10 22:50:00+00:00,0,normal,25.1135,7.3369,7.3546,11.1076,17.9737
2026-02-10 23:00:00+00:00,0,normal,25.1343,7.3532,7.3296,10.9667,17.9819
2026-02-10 23:10:00+00:00,0,normal,25.1152,7.3763,7.2651,11.1874,17.9719
2026-02-10 23:20:00+00:00,0,normal,25.0649,7.3901,7.3169,11.0624,17.9627
2026-02-10 23:30:00+00:00,0,normal,25.0722,7.3767,7.3482,11.0085,17.9368
2026-02-10 23:40:00+00:00,0,normal,25.1379,7.3968,7.3429,10.6678,17.9278
2026-02-10 23:50:00+00:00,0,normal,25.1499,7.419,7.3226,10.4923,17.9477
2026-02-11 00:00:00+00:00,0,normal,25.1883,7.4284,7.3053,10.8538,17.9464
2026-02-11 00:10:00+00:00,0,normal,25.1897,7.4298,7.2938,10.6812,17.9652
2026-02-11 00:20:00+00:00,0,normal,25.2395,7.4501,7.2537,10.622,17.9682
2026-02-11 00:30:00+00:00,0,normal,25.2577,7.434,7.2183,10.8828,17.9539
2026-02-11 00:40:00+00:00,0,normal,25.3577,7.4368,7.1704,11.009,17.9561
2026-02-11 00:50:00+00:00,0,normal,25.3978,7.4478,7.1866,10.5256,17.9674
2026-02-11 01:00:00+00:00,0,normal,25.4862,7.4663,7.1129,10.4107,17.9584
2026-02-11 01:10:00+00:00,0,normal,25.4933,7.4652,7.1063,10.6419,17.9792
2026-02-11 01:20:00+00:00,0,normal,25.5031,7.5007,7.0913,10.4775,18.0121
2026-02-11 01:30:00+00:00,0,normal,25.4976,7.5112,7.1071,10.7204,17.998
2026-02-11 01:40:00+00:00,0,normal,25.5356,7.524,7.1081,10.9037,17.9905
2026-02-11 01:50:00+00:00,0,normal,25.5645,7.5343,7.0734,11.2431,18.0131
2026-02-11 02:00:00+00:00,0,normal,25.6324,7.5463,6.9597,11.174,18.0182
2026-02-11 02:10:00+00:00,0,normal,25.6502,7.5368,6.9319,11.2734,18.0053
2026-02-11 02:20:00+00:00,0,normal,25.6787,7.5426,6.8722,11.1153,18.007
2026-02-11 02:30:00+00:00,0,normal,25.7878,7.5596,6.6764,11.0458,18.0101
2026-02-11 02:40:00+00:00,0,normal,25.9311,7.588,6.6968,10.9251,17.9902
2026-02-11 02:50:00+00:00,0,normal,25.9231,7.6177,6.7828,11.1498,17.9708
2026-02-11 03:00:00+00:00,0,normal,25.9409,7.6372,6.8026,11.1438,17.9672
2026-02-11 03:10:00+00:00,0,normal,25.9684,7.6665,6.8049,10.9994,17.9658
2026-02-11 03:20:00+00:00,0,normal,25.9571,7.6717,6.9069,11.1211,17.9722
2026-02-11 03:30:00+00:00,0,normal,25.9461,7.6813,6.8291,11.1573,17.9858
2026-02-11 03:40:00+00:00,0,normal,26.0656,7.6931,6.7687,10.9891,17.9976
2026-02-11 03:50:00+00:00,0,normal,26.1723,7.6805,6.6904,11.0051,17.9945
2026-02-11 04:00:00+00:00,0,normal,26.2812,7.6761,6.6342,11.4193,18.006
2026-02-11 04:10:00+00:00,0,normal,26.3155,7.674,6.5919,11.3487,18.0112
2026-02-11 04:20:00+00:00,0,normal,26.3301,7.6742,6.6312,11.5258,18.0128
2026-02-11 04:30:00+00:00,0,normal,26.3635,7.6713,6.5805,11.6068,18.0099
2026-02-11 04:40:00+00:00,0,normal,26.3556,7.7001,6.5305,11.4831,18.0087
2026-02-11 04:50:00+00:00,0,normal,26.3497,7.7164,6.5303,11.3357,17.9942
2026-02-11 05:00:00+00:00,0,normal,26.3889,7.7431,6.5119,11.2893,17.9954
2026-02-11 05:10:00+00:00,0,normal,26.4793,7.7658,6.404,11.0604,17.9894
2026-02-11 05:20:00+00:00,0,normal,26.5424,7.7664,6.3531,10.8426,17.9886
2026-02-11 05:30:00+00:00,0,normal,26.6742,7.7618,6.2765,11.0751,17.9891
2026-02-11 05:40:00+00:00,0,normal,26.7018,7.7854,6.2414,11.336,17.9974
2026-02-11 05:50:00+00:00,0,normal,26.7399,7.7898,6.1547,11.3207,17.9884
2026-02-11 06:00:00+00:00,0,normal,26.7865,7.7835,6.1154,11.4664,17.9904
2026-02-11 06:10:00+00:00,0,normal,26.7267,7.7995,6.1088,11.6211,18.0046
2026-02-11 06:20:00+00:00,0,normal,26.7967,7.8164,6.128,11.4596,18.0016
2026-02-11 06:30:00+00:00,0,normal,26.8439,7.7778,6.1387,11.31,17.9942
2026-02-11 06:40:00+00:00,0,normal,26.973,7.7705,6.0678,11.6256,18.0056
2026-02-11 06:50:00+00:00,0,normal,26.961,7.7688,6.0677,11.5208,17.9972
2026-02-11 07:00:00+00:00,0,normal,27.1412,7.7726,5.9831,11.6612,17.9958
2026-02-11 07:10:00+00:00,0,normal,27.2534,7.7746,5.902,11.6424,17.9743
2026-02-11 07:20:00+00:00,0,normal,27.2763,7.8169,5.8323,11.3632,17.9699
2026-02-11 07:30:00+00:00,0,normal,27.3083,7.8235,5.8296,11.0879,17.9355
2026-02-11 07:40:00+00:00,0,normal,27.3108,7.827,5.8197,11.2302,17.927
2026-02-11 07:50:00+00:00,0,normal,27.3221,7.8356,5.8061,11.0083,17.9114
2026-02-11 08:00:00+00:00,0,normal,27.2309,7.8406,5.873,11.1294,17.9284
2026-02-11 08:10:00+00:00,0,normal,27.3472,7.8177,5.7804,11.2403,17.9228
2026-02-11 08:20:00+00:00,0,normal,27.317,7.8279,5.8048,11.3832,17.9487
2026-02-11 08:30:00+00:00,0,normal,27.4358,7.8331,5.7538,11.3242,17.9672
2026-02-11 08:40:00+00:00,0,normal,27.3918,7.8145,5.7858,11.4819,17.9585
2026-02-11 08:50:00+00:00,0,normal,27.4652,7.8089,5.683,11.2839,17.9355
2026-02-11 09:00:00+00:00,0,normal,27.4649,7.8082,5.7442,11.2137,17.9452
2026-02-11 09:10:00+00:00,0,normal,27.464,7.7912,5.662,11.0415,17.9218
2026-02-11 09:20:00+00:00,0,normal,27.5078,7.7898,5.5836,10.8658,17.9097
2026-02-11 09:30:00+00:00,0,normal,27.5697,7.8056,5.5559,10.563,17.9127
2026-02-11 09:40:00+00:00,0,normal,27.6035,7.808,5.5159,10.6756,17.9206
2026-02-11 09:50:00+00:00,0,normal,27.6697,7.8106,5.4064,10.7473,17.9187
2026-02-11 10:00:00+00:00,0,normal,27.6966,7.8091,5.4413,10.7359,17.9147
2026-02-11 10:10:00+00:00,0,normal,27.6388,7.7763,5.4737,10.9223,17.912
2026-02-11 10:20:00+00:00,0,normal,27.646,7.7717,5.4662,10.8877,17.9065
2026-02-11 10:30:00+00:00,0,normal,27.6302,7.7641,5.5278,10.7788,17.9133
2026-02-11 10:40:00+00:00,0,normal,27.5976,7.7436,5.5736,10.552,17.9123
2026-02-11 10:50:00+00:00,0,normal,27.626,7.7396,5.6078,10.5313,17.9031
2026-02-11 11:00:00+00:00,0,normal,27.6128,7.7567,5.5938,10.4451,17.8828
2026-02-11 11:10:00+00:00,0,normal,27.5952,7.7517,5.5838,10.6908,17.8678
2026-02-11 11:20:00+00:00,0,normal,27.5735,7.7429,5.6085,10.5815,17.8816
2026-02-11 11:30:00+00:00,0,normal,27.5418,7.7449,5.6526,10.7296,17.8727
2026-02-11 11:40:00+00:00,0,normal,27.503,7.7405,5.6844,10.8501,17.8698
2026-02-11 11:50:00+00:00,0,normal,27.4695,7.7217,5.7278,10.6645,17.8715
2026-02-11 12:00:00+00:00,0,normal,27.4287,7.7041,5.7765,10.3596,17.8688
2026-02-11 12:10:00+00:00,0,normal,27.3066,7.6789,5.7796,10.3061,17.8385
2026-02-11 12:20:00+00:00,0,normal,27.2526,7.6742,5.7965,10.3136,17.8267
2026-02-11 12:30:00+00:00,0,normal,27.292,7.644,5.7793,10.0561,17.8324
2026-02-11 12:40:00+00:00,0,normal,27.2741,7.6439,5.7865,10.1998,17.841
2026-02-11 12:50:00+00:00,0,normal,27.2867,7.6315,5.6981,10.2936,17.8538
2026-02-11 13:00:00+00:00,0,normal,27.2134,7.6327,5.8113,10.6362,17.8448
2026-02-11 13:10:00+00:00,0,normal,27.2246,7.6067,5.81,10.6371,17.8319
2026-02-11 13:20:00+00:00,0,normal,27.1269,7.6075,5.8174,10.6123,17.8173
2026-02-11 13:30:00+00:00,0,normal,27.0774,7.5887,5.8688,10.511,17.7988
2026-02-11 13:40:00+00:00,0,normal,27.0174,7.5798,5.8976,10.6068,17.779
2026-02-11 13:50:00+00:00,0,normal,27.0462,7.5535,5.8413,10.2774,17.7809
2026-02-11 14:00:00+00:00,0,normal,26.9053,7.5497,5.8835,10.3078,17.7934
2026-02-11 14:10:00+00:00,0,normal,26.899,7.5225,5.9018,10.3567,17.7854
2026-02-11 14:20:00+00:00,0,normal,26.8786,7.5055,5.9282,10.4678,17.7863
2026-02-11 14:30:00+00:00,0,normal,26.8131,7.4749,5.9286,10.3493,17.7707
2026-02-11 14:40:00+00:00,0,normal,26.7476,7.4792,5.9794,10.4001,17.764
2026-02-11 14:50:00+00:00,0,normal,26.7215,7.4667,6.0265,10.1861,17.768
2026-02-11 15:00:00+00:00,0,normal,26.646,7.4747,6.0823,10.397,17.7687
2026-02-11 15:10:00+00:00,0,normal,26.6442,7.485,6.0891,10.2693,17.7832
2026-02-11 15:20:00+00:00,0,normal,26.611,7.486,6.227,10.6245,17.779
2026-02-11 15:30:00+00:00,0,normal,26.5437,7.4722,6.2612,10.6946,17.7671
2026-02-11 15:40:00+00:00,0,normal,26.552,7.4614,6.2738,10.6735,17.736
2026-02-11 15:50:00+00:00,0,normal,26.4889,7.4453,6.3216,10.3064,17.735
2026-02-11 16:00:00+00:00,0,normal,26.4086,7.432,6.3875,10.4734,17.7078
2026-02-11 16:10:00+00:00,0,normal,26.3697,7.4441,6.4773,10.1131,17.7186
2026-02-11 16:20:00+00:00,0,normal,26.2586,7.4219,6.5141,10.1879,17.6946
2026-02-11 16:30:00+00:00,0,normal,26.2167,7.4198,6.5272,10.539,17.6855
2026-02-11 16:40:00+00:00,0,normal,26.1293,7.4123,6.621,10.7901,17.6978
2026-02-11 16:50:00+00:00,0,normal,25.9941,7.3904,6.684,10.6957,17.6835
2026-02-11 17:00:00+00:00,0,normal,25.913,7.3638,6.7067,10.857,17.6706
2026-02-11 17:10:00+00:00,0,normal,25.9833,7.3625,6.7168,10.8612,17.6981
2026-02-11 17:20:00+00:00,0,normal,25.8532,7.3108,6.7962,10.474,17.7039
2026-02-11 17:30:00+00:00,0,normal,25.864,7.3172,6.7834,10.5552,17.6767
2026-02-11 17:40:00+00:00,0,normal,25.8927,7.3048,6.8065,10.5222,17.6911
2026-02-11 17:50:00+00:00,0,normal,25.8521,7.294,6.7609,10.5669,17.6997
2026-02-11 18:00:00+00:00,0,normal,25.7581,7.2864,6.8199,10.5453,17.6868
2026-02-11 18:10:00+00:00,0,normal,25.7349,7.3069,6.8203,10.8272,17.6891
2026-02-11 18:20:00+00:00,0,normal,25.7007,7.2904,6.8594,10.6688,17.7028
2026-02-11 18:30:00+00:00,0,normal,25.5742,7.2872,6.9711,10.5207,17.707
2026-02-11 18:40:00+00:00,0,normal,25.5677,7.2802,7.0969,10.4277,17.7014
2026-02-11 18:50:00+00:00,0,normal,25.5512,7.2808,7.1239,10.4948,17.721
2026-02-11 19:00:00+00:00,0,normal,25.5428,7.2856,7.1581,10.3186,17.7166
2026-02-11 19:10:00+00:00,0,normal,25.4057,7.2838,7.2037,10.3379,17.6991
2026-02-11 19:20:00+00:00,0,normal,25.4178,7.2721,7.1245,10.2789,17.6866
2026-02-11 19:30:00+00:00,0,normal,25.3664,7.2684,7.1755,10.2181,17.6936
2026-02-11 19:40:00+00:00,0,normal,25.2908,7.27,7.2489,9.9922,17.6696
2026-02-11 19:50:00+00:00,0,normal,25.2806,7.2645,7.2896,10.1299,17.6487
2026-02-11 20:00:00+00:00,0,normal,25.3157,7.2508,7.3061,10.2094,17.6614
2026-02-11 20:10:00+00:00,0,normal,25.2701,7.2567,7.352,10.4754,17.6593
2026-02-11 20:20:00+00:00,0,normal,25.2532,7.264,7.2594,10.6592,17.6686
2026-02-11 20:30:00+00:00,0,normal,25.1986,7.256,7.1851,10.845,17.6792
2026-02-11 20:40:00+00:00,0,normal,25.1718,7.2612,7.1995,10.8315,17.7108
2026-02-11 20:50:00+00:00,0,normal,25.2077,7.2649,7.1531,10.8526,17.7027
2026-02-11 21:00:00+00:00,0,normal,25.2658,7.2835,7.1668,10.8097,17.7125
2026-02-11 21:10:00+00:00,0,normal,25.2344,7.2985,7.2247,10.7964,17.6962
2026-02-11 21:20:00+00:00,0,normal,25.2905,7.2892,7.2919,10.6925,17.707
2026-02-11 21:30:00+00:00,0,normal,25.2451,7.2794,7.3425,10.7414,17.6984
2026-02-11 21:40:00+00:00,0,normal,25.1682,7.2987,7.3436,10.8639,17.699
2026-02-11 21:50:00+00:00,0,normal,25.1306,7.3093,7.3773,10.8389,17.704
2026-02-11 22:00:00+00:00,0,normal,25.0845,7.2815,7.3897,10.6062,17.6953
2026-02-11 22:10:00+00:00,0,normal,25.122,7.3139,7.3778,10.6161,17.6766
2026-02-11 22:20:00+00:00,0,normal,25.2235,7.354,7.3413,10.7935,17.6757
2026-02-11 22:30:00+00:00,0,normal,25.2363,7.3444,7.4177,10.6163,17.6788
2026-02-11 22:40:00+00:00,0,normal,25.1749,7.3483,7.4244,10.621,17.671
2026-02-11 22:50:00+00:00,0,normal,25.1644,7.3725,7.4494,10.8326,17.6728
2026-02-11 23:00:00+00:00,0,normal,25.1764,7.376,7.4567,10.6713,17.6916
2026-02-11 23:10:00+00:00,0,normal,25.111,7.3593,7.4062,10.3896,17.7035
2026-02-11 23:20:00+00:00,0,normal,25.1607,7.3865,7.3195,10.635,17.7154
2026-02-11 23:30:00+00:00,0,normal,25.208,7.3903,7.2835,10.6846,17.7234
2026-02-11 23:40:00+00:00,0,normal,25.3067,7.4207,7.188,10.6378,17.7143
2026-02-11 23:50:00+00:00,0,normal,25.2956,7.4389,7.1534,10.9915,17.7068
2026-02-12 00:00:00+00:00,0,normal,25.2962,7.4541,7.1877,11.1502,18.2562
2026-02-12 00:10:00+00:00,0,normal,25.2771,7.481,7.226,10.9569,18.2624
2026-02-12 00:20:00+00:00,0,normal,25.2821,7.495,7.2265,11.1424,18.2555
2026-02-12 00:30:00+00:00,0,normal,25.3548,7.4971,7.265,11.3498,18.2854
2026-02-12 00:40:00+00:00,0,normal,25.39,7.4863,7.2704,11.2197,18.2887
2026-02-12 00:50:00+00:00,0,normal,25.4744,7.4862,7.2336,11.1524,18.2592
2026-02-12 01:00:00+00:00,0,normal,25.5062,7.4563,7.1988,11.2172,18.2478
2026-02-12 01:10:00+00:00,0,normal,25.5498,7.4474,7.1717,11.2511,18.2435
2026-02-12 01:20:00+00:00,0,normal,25.5099,7.4625,7.1471,11.1119,18.2276
2026-02-12 01:30:00+00:00,0,normal,25.5948,7.4897,7.1619,11.2301,18.2357
2026-02-12 01:40:00+00:00,0,normal,25.5962,7.5077,7.108,11.1276,18.2629
2026-02-12 01:50:00+00:00,0,normal,25.6289,7.5307,7.0646,11.0283,18.2603
2026-02-12 02:00:00+00:00,0,normal,25.7186,7.5508,6.9806,10.9855,18.263
2026-02-12 02:10:00+00:00,0,normal,25.7924,7.5588,6.9458,10.9373,18.2735
2026-02-12 02:20:00+00:00,0,normal,25.8606,7.5593,6.8304,10.9248,18.2634
2026-02-12 02:30:00+00:00,0,normal,25.9418,7.5814,6.8101,11.0986,18.2679
2026-02-12 02:40:00+00:00,0,normal,26.0471,7.5998,6.8083,11.4901,18.2659
2026-02-12 02:50:00+00:00,0,normal,26.1192,7.6072,6.8092,11.4224,18.2693
2026-02-12 03:00:00+00:00,0,normal,26.1123,7.6229,6.8214,11.6387,18.2559
2026-02-12 03:10:00+00:00,0,normal,26.0718,7.6349,6.8584,11.8271,18.253
2026-02-12 03:20:00+00:00,0,normal,26.0739,7.6316,6.7945,11.9276,18.2668
2026-02-12 03:30:00+00:00,0,normal,26.0573,7.6442,6.782,11.581,18.2679
2026-02-12 03:40:00+00:00,0,normal,26.1149,7.6635,6.6888,11.654,18.2672
2026-02-12 03:50:00+00:00,0,normal,26.2221,7.6662,6.6035,11.4606,18.2699
2026-02-12 04:00:00+00:00,0,normal,26.3151,7.6707,6.5058,11.5388,18.2731
2026-02-12 04:10:00+00:00,0,normal,26.3164,7.6945,6.5582,11.4956,18.2526
2026-02-12 04:20:00+00:00,0,normal,26.494,7.7225,6.4015,11.5643,18.2698
2026-02-12 04:30:00+00:00,0,normal,26.4887,7.7174,6.4636,11.7435,18.2699
2026-02-12 04:40:00+00:00,0,normal,26.6075,7.7295,6.345,11.7446,18.2777
2026-02-12 04:50:00+00:00,0,normal,26.6075,7.7395,6.3566,11.5796,18.2617
2026-02-12 05:00:00+00:00,0,normal,26.7263,7.7684,6.2423,11.6065,18.2537
2026-02-12 05:10:00+00:00,0,normal,26.6272,7.7608,6.3111,11.662,18.2514
2026-02-12 05:20:00+00:00,0,normal,26.726,7.785,6.2755,11.4468,18.2461
2026-02-12 05:30:00+00:00,0,normal,26.6653,7.7728,6.4055,11.5695,18.2506
2026-02-12 05:40:00+00:00,0,normal,26.731,7.7789,6.2848,11.4304,18.2576
2026-02-12 05:50:00+00:00,0,normal,26.762,7.7673,6.2791,11.4656,18.2622
2026-02-12 06:00:00+00:00,0,normal,26.9195,7.7557,6.176,11.3853,18.266
2026-02-12 06:10:00+00:00,0,normal,26.9812,7.7478,6.1477,11.5323,18.2784
2026-02-12 06:20:00+00:00,0,normal,27.1341,7.7697,5.9854,11.5424,18.2518
2026-02-12 06:30:00+00:00,0,normal,27.1947,7.7856,6.0297,11.6583,18.2868
2026-02-12 06:40:00+00:00,0,normal,27.2974,7.7898,6.0009,11.5113,18.2766
2026-02-12 06:50:00+00:00,0,normal,27.2669,7.7985,5.9797,11.6482,18.2754
2026-02-12 07:00:00+00:00,0,normal,27.2716,7.8205,5.8326,11.5477,18.2619
2026-02-12 07:10:00+00:00,0,normal,27.2285,7.8116,5.8221,11.0618,18.2655
2026-02-12 07:20:00+00:00,0,normal,27.3091,7.8208,5.8122,10.8938,18.2295
2026-02-12 07:30:00+00:00,0,normal,27.3753,7.8229,5.7682,10.9039,18.2298
2026-02-12 07:40:00+00:00,0,normal,27.493,7.838,5.7743,10.7944,18.2047
2026-02-12 07:50:00+00:00,0,normal,27.5084,7.8406,5.7698,10.7897,18.2058
2026-02-12 08:00:00+00:00,0,normal,27.5948,7.8476,5.7283,11.2937,18.2176
2026-02-12 08:10:00+00:00,0,normal,27.6063,7.8352,5.6632,11.4274,18.2307
2026-02-12 08:20:00+00:00,0,normal,27.5858,7.8152,5.6193,11.1583,18.2347
2026-02-12 08:30:00+00:00,0,normal,27.5502,7.7876,5.5902,11.1276,18.2363
2026-02-12 08:40:00+00:00,0,normal,27.5839,7.7745,5.5828,11.1614,18.2252
2026-02-12 08:50:00+00:00,0,normal,27.632,7.777,5.5889,10.9807,18.2142
2026-02-12 09:00:00+00:00,0,normal,27.6637,7.7714,5.554,10.9157,18.1925
2026-02-12 09:10:00+00:00,0,normal,27.6985,7.7766,5.5872,11.0674,18.1738
2026-02-12 09:20:00+00:00,0,normal,27.7291,7.8059,5.5961,11.1267,18.1915
2026-02-12 09:30:00+00:00,0,normal,27.8495,7.8168,5.5552,10.9305,18.1956
2026-02-12 09:40:00+00:00,0,normal,27.8436,7.8012,5.5577,10.9596,18.1957
2026-02-12 09:50:00+00:00,0,normal,27.8141,7.8003,5.5344,10.9605,18.2063
2026-02-12 10:00:00+00:00,0,normal,27.8031,7.8056,5.533,10.9969,18.1906
2026-02-12 10:10:00+00:00,0,normal,27.8076,7.7805,5.436,10.9217,18.1828
2026-02-12 10:20:00+00:00,0,normal,27.7252,7.7549,5.454,10.9588,18.1678
2026-02-12 10:30:00+00:00,0,normal,27.651,7.753,5.5274,11.0101,18.1525
2026-02-12 10:40:00+00:00,0,normal,27.6883,7.7617,5.5465,11.0136,18.1315
2026-02-12 10:50:00+00:00,0,normal,27.7437,7.7643,5.5191,11.0984,18.1584
2026-02-12 11:00:00+00:00,0,normal,27.6951,7.7535,5.5774,10.9377,18.1523
2026-02-12 11:10:00+00:00,0,normal,27.6378,7.7543,5.5925,10.8014,18.1694
2026-02-12 11:20:00+00:00,0,normal,27.6319,7.7491,5.5131,10.6449,18.1677
2026-02-12 11:30:00+00:00,0,normal,27.5844,7.7196,5.5144,10.6303,18.1511
2026-02-12 11:40:00+00:00,0,normal,27.5859,7.698,5.5572,10.5522,18.1331
2026-02-12 11:50:00+00:00,0,normal,27.6488,7.6878,5.5896,10.5319,18.1026
2026-02-12 12:00:00+00:00,0,normal,27.7008,7.688,5.6073,10.6873,18.0677
2026-02-12 12:10:00+00:00,0,normal,27.6839,7.6923,5.6293,10.5906,18.0719
2026-02-12 12:20:00+00:00,0,normal,27.6625,7.6875,5.6698,10.562,18.0827
2026-02-12 12:30:00+00:00,0,normal,27.5095,7.6675,5.6417,10.5154,18.0856
2026-02-12 12:40:00+00:00,0,normal,27.4708,7.6771,5.5709,10.5542,18.0925
2026-02-12 12:50:00+00:00,0,normal,27.4218,7.6657,5.6199,10.391,18.1082
2026-02-12 13:00:00+00:00,0,normal,27.4431,7.6333,5.617,10.4569,18.097
2026-02-12 13:10:00+00:00,0,normal,27.4095,7.6245,5.5735,10.375,18.1065
2026-02-12 13:20:00+00:00,0,normal,27.4187,7.6207,5.5523,10.2121,18.0924
2026-02-12 13:30:00+00:00,0,normal,27.3571,7.5916,5.6791,10.2876,18.0749
2026-02-12 13:40:00+00:00,0,normal,27.3303,7.5732,5.6598,10.4592,18.0615
2026-02-12 13:50:00+00:00,0,normal,27.1885,7.5602,5.745,10.5254,18.0619
2026-02-12 14:00:00+00:00,0,normal,27.1785,7.5466,5.793,10.538,18.0483
2026-02-12 14:10:00+00:00,0,normal,27.1376,7.5347,5.8881,10.5916,18.0448
2026-02-12 14:20:00+00:00,0,normal,27.0468,7.5143,5.8932,10.5284,18.0428
2026-02-12 14:30:00+00:00,0,normal,26.8921,7.4752,5.9899,10.3765,18.0519
2026-02-12 14:40:00+00:00,0,normal,26.8914,7.4805,6.0075,10.2863,18.0307
2026-02-12 14:50:00+00:00,0,normal,26.8674,7.4684,6.0302,10.3464,18.0447
2026-02-12 15:00:00+00:00,0,normal,26.878,7.4801,6.0282,10.3768,18.0407
2026-02-12 15:10:00+00:00,0,normal,26.8778,7.5024,6.0795,10.1542,18.0374
2026-02-12 15:20:00+00:00,0,normal,26.9716,7.5124,6.0734,10.2514,18.0248
2026-02-12 15:30:00+00:00,0,normal,26.9227,7.5143,6.0544,10.2772,18.0372
2026-02-12 15:40:00+00:00,0,normal,26.8521,7.5176,6.1084,10.1875,18.0026
2026-02-12 15:50:00+00:00,0,normal,26.7224,7.4781,6.1759,10.0681,18.0045
2026-02-12 16:00:00+00:00,0,normal,26.6378,7.4251,6.2099,10.1776,17.9942
2026-02-12 16:10:00+00:00,0,normal,26.4893,7.4209,6.3168,10.0109,17.9819
2026-02-12 16:20:00+00:00,0,normal,26.3632,7.3866,6.4372,9.904,17.9593
2026-02-12 16:30:00+00:00,0,normal,26.3218,7.373,6.541,9.8356,17.9631
2026-02-12 16:40:00+00:00,0,normal,26.2617,7.367,6.6071,9.8379,17.9553
2026-02-12 16:50:00+00:00,0,normal,26.1984,7.3704,6.6452,10.1703,17.9425
2026-02-12 17:00:00+00:00,0,normal,26.1278,7.3508,6.646,10.4193,17.9389
2026-02-12 17:10:00+00:00,0,normal,26.1425,7.3519,6.6471,10.5202,17.9504
2026-02-12 17:20:00+00:00,0,normal,26.1082,7.3377,6.6188,10.5776,17.9542
2026-02-12 17:30:00+00:00,0,normal,26.1559,7.3339,6.5728,10.9167,17.9418
2026-02-12 17:40:00+00:00,0,normal,26.075,7.3218,6.6226,10.8677,17.955
2026-02-12 17:50:00+00:00,0,normal,26.0557,7.3212,6.6236,10.6312,17.9491
2026-02-12 18:00:00+00:00,0,normal,25.9777,7.297,6.7024,10.639,17.9539
2026-02-12 18:10:00+00:00,0,normal,25.9027,7.3011,6.6793,10.6346,17.9383
2026-02-12 18:20:00+00:00,0,normal,25.7918,7.2891,6.7813,10.4169,17.9528
2026-02-12 18:30:00+00:00,0,normal,25.7841,7.2969,6.7577,10.2338,17.9508
2026-02-12 18:40:00+00:00,0,normal,25.7562,7.3118,6.8213,10.3204,17.9439
2026-02-12 18:50:00+00:00,0,normal,25.7345,7.3161,6.7991,10.3317,17.9356
2026-02-12 19:00:00+00:00,0,normal,25.7167,7.3014,6.824,10.3918,17.9298
2026-02-12 19:10:00+00:00,0,normal,25.6873,7.3107,6.8756,10.5965,17.9343
2026-02-12 19:20:00+00:00,0,normal,25.6973,7.2971,6.8516,10.5436,17.9531
2026-02-12 19:30:00+00:00,0,normal,25.5634,7.2819,6.9106,10.6778,17.9735
2026-02-12 19:40:00+00:00,0,normal,25.5447,7.2928,6.966,10.5553,17.9679
2026-02-12 19:50:00+00:00,0,normal,25.5299,7.3013,7.0864,10.5772,17.9784
2026-02-12 20:00:00+00:00,0,normal,25.5283,7.2666,7.0166,10.554,17.9707
2026-02-12 20:10:00+00:00,0,normal,25.41,7.2758,7.1456,10.7261,17.964
2026-02-12 20:20:00+00:00,0,normal,25.469,7.2578,7.1643,10.6062,17.9566
2026-02-12 20:30:00+00:00,0,normal,25.4046,7.258,7.2183,10.7775,17.9662
2026-02-12 20:40:00+00:00,0,normal,25.3698,7.2636,7.2404,10.9554,17.9511
2026-02-12 20:50:00+00:00,0,normal,25.3116,7.2976,7.4092,10.7981,17.9511
2026-02-12 21:00:00+00:00,0,normal,25.3335,7.2936,7.4075,10.8207,17.9341
2026-02-12 21:10:00+00:00,0,normal,25.3313,7.3222,7.3933,10.9848,17.9368
2026-02-12 21:20:00+00:00,0,normal,25.2682,7.3108,7.3814,10.9342,17.9245
2026-02-12 21:30:00+00:00,0,normal,25.1574,7.3165,7.3346,10.967,17.9441
2026-02-12 21:40:00+00:00,0,normal,25.1422,7.3196,7.2626,11.2839,17.9486
2026-02-12 21:50:00+00:00,0,normal,25.1948,7.3429,7.1961,11.3658,17.9552
2026-02-12 22:00:00+00:00,0,normal,25.1206,7.3272,7.2062,11.4042,17.9481
2026-02-12 22:10:00+00:00,0,normal,25.2001,7.3522,7.1378,11.2807,17.9638
2026-02-12 22:20:00+00:00,0,normal,25.2772,7.3515,7.1829,10.9685,17.9753
2026-02-12 22:30:00+00:00,0,normal,25.2277,7.3662,7.1864,10.7551,17.9882
2026-02-12 22:40:00+00:00,0,normal,25.2119,7.3694,7.2024,10.5862,17.9952
2026-02-12 22:50:00+00:00,0,normal,25.293,7.3843,7.211,10.5581,18.0069
2026-02-12 23:00:00+00:00,0,normal,25.3796,7.3888,7.1996,10.4585,17.9913
2026-02-12 23:10:00+00:00,0,normal,25.3484,7.4024,7.1862,10.6951,17.9906
2026-02-12 23:20:00+00:00,0,normal,25.4103,7.4096,7.1509,10.708,17.9539
2026-02-12 23:30:00+00:00,0,normal,25.4508,7.4195,7.225,10.7433,17.9626
2026-02-12 23:40:00+00:00,0,normal,25.421,7.4101,7.2179,10.9063,17.9619
2026-02-12 23:50:00+00:00,0,normal,25.3738,7.4182,7.2369,11.2074,17.9534
2026-02-13 00:00:00+00:00,0,normal,25.3903,7.4019,7.1788,10.9827,17.9462
2026-02-13 00:10:00+00:00,0,normal,25.4183,7.4034,7.2739,11.0731,17.9673
2026-02-13 00:20:00+00:00,0,normal,25.4469,7.4116,7.283,11.195,17.9541
2026-02-13 00:30:00+00:00,0,normal,25.5455,7.4296,7.2703,10.9859,17.953
2026-02-13 00:40:00+00:00,0,normal,25.5593,7.4357,7.2555,11.2975,17.9762
2026-02-13 00:50:00+00:00,0,normal,25.6153,7.4802,7.2688,11.5168,17.9745
2026-02-13 01:00:00+00:00,0,normal,25.7105,7.4913,7.1508,11.5959,17.9641
2026-02-13 01:10:00+00:00,0,normal,25.6884,7.5077,7.0618,11.6064,17.9732
2026-02-13 01:20:00+00:00,0,normal,25.7137,7.5525,6.9644,11.7815,17.9736
2026-02-13 01:30:00+00:00,0,normal,25.7753,7.5696,6.9969,11.502,17.9894
2026-02-13 01:40:00+00:00,0,normal,25.8113,7.5558,6.9857,11.3765,17.9987
2026-02-13 01:50:00+00:00,0,normal,25.7436,7.5669,6.9588,11.3629,18.0219
2026-02-13 02:00:00+00:00,0,normal,25.8704,7.5803,6.9497,11.3732,18.0362
2026-02-13 02:10:00+00:00,0,normal,25.8846,7.5822,6.946,11.333,18.0473
2026-02-13 02:20:00+00:00,0,normal,25.977,7.5994,6.7827,11.3127,18.0327
2026-02-13 02:30:00+00:00,0,normal,26.0066,7.5911,6.7233,11.4926,18.0028
2026-02-13 02:40:00+00:00,0,normal,26.0934,7.5948,6.691,11.2423,17.9971
2026-02-13 02:50:00+00:00,0,normal,26.1379,7.6012,6.635,11.1648,17.9966
2026-02-13 03:00:00+00:00,0,normal,26.254,7.5939,6.593,11.0071,17.9986
2026-02-13 03:10:00+00:00,0,normal,26.2778,7.5597,6.672,11.1357,17.9959
2026-02-13 03:20:00+00:00,0,normal,26.3813,7.5919,6.64,11.0349,18.0199
2026-02-13 03:30:00+00:00,0,normal,26.4478,7.6114,6.5976,11.0634,18.013
2026-02-13 03:40:00+00:00,0,normal,26.4586,7.616,6.6118,11.0569,18.0003
2026-02-13 03:50:00+00:00,0,normal,26.4541,7.624,6.6258,11.2024,17.9877
2026-02-13 04:00:00+00:00,0,normal,26.5345,7.6695,6.5286,11.1633,18.0051
2026-02-13 04:10:00+00:00,0,normal,26.5376,7.6868,6.5299,11.1347,18.0054
2026-02-13 04:20:00+00:00,0,normal,26.6569,7.6958,6.4602,11.377,18.0124
2026-02-13 04:30:00+00:00,0,normal,26.7012,7.7221,6.3482,11.6096,18.0017
2026-02-13 04:40:00+00:00,0,normal,26.781,7.7423,6.3358,11.6407,18.0018
2026-02-13 04:50:00+00:00,0,normal,26.8307,7.7429,6.2877,11.3683,17.9777
2026-02-13 05:00:00+00:00,0,normal,26.911,7.7398,6.236,11.4712,17.9884
2026-02-13 05:10:00+00:00,0,normal,26.9008,7.7473,6.1926,11.3571,17.9804
2026-02-13 05:20:00+00:00,0,normal,26.9645,7.7536,6.2092,10.9538,17.9881
2026-02-13 05:30:00+00:00,0,normal,27.0487,7.7549,6.0468,10.7037,17.9765
2026-02-13 05:40:00+00:00,0,normal,27.0495,7.7728,6.1028,11.0363,17.9743
2026-02-13 05:50:00+00:00,0,normal,27.0951,7.7904,6.1152,11.0206,17.9576
2026-02-13 06:00:00+00:00,0,normal,27.1563,7.8172,6.1392,11.034,17.9576
2026-02-13 06:10:00+00:00,0,normal,27.2374,7.8183,6.0676,11.1744,17.9564
2026-02-13 06:20:00+00:00,0,normal,27.2495,7.8232,6.0804,11.4226,17.9863
2026-02-13 06:30:00+00:00,0,normal,27.385,7.834,5.9489,11.1857,17.9769
2026-02-13 06:40:00+00:00,0,normal,27.4291,7.8446,5.8704,11.053,17.9855
2026-02-13 06:50:00+00:00,0,normal,27.4639,7.8268,5.8256,10.9938,17.9902
2026-02-13 07:00:00+00:00,0,normal,27.4689,7.8146,5.8379,10.8813,17.9797
2026-02-13 07:10:00+00:00,0,normal,27.4657,7.8266,5.803,10.6483,17.9548
2026-02-13 07:20:00+00:00,0,normal,27.4023,7.8181,5.87,10.8827,17.9801
2026-02-13 07:30:00+00:00,0,normal,27.4261,7.799,5.8202,10.8692,17.9675
2026-02-13 07:40:00+00:00,0,normal,27.5109,7.809,5.7426,10.971,17.9568
2026-02-13 07:50:00+00:00,0,normal,27.5495,7.8151,5.6936,11.189,17.9495
2026-02-13 08:00:00+00:00,0,normal,27.611,7.7987,5.6972,11.2473,17.9423
2026-02-13 08:10:00+00:00,0,normal,27.7221,7.7991,5.5311,10.9537,17.9175
2026-02-13 08:20:00+00:00,0,normal,27.8246,7.8277,5.4719,11.0322,17.9222
2026-02-13 08:30:00+00:00,0,normal,27.8544,7.8355,5.4029,10.6924,17.9141
2026-02-13 08:40:00+00:00,0,normal,27.8482,7.8468,5.3634,10.5423,17.9087
2026-02-13 08:50:00+00:00,0,normal,27.8689,7.8609,5.3113,10.565,17.9135
2026-02-13 09:00:00+00:00,0,normal,27.909,7.868,5.3499,10.7939,17.9128
2026-02-13 09:10:00+00:00,0,normal,27.8784,7.852,5.3465,10.747,17.9144
2026-02-13 09:20:00+00:00,0,normal,27.8379,7.825,5.4101,10.8889,17.9172
2026-02-13 09:30:00+00:00,0,normal,27.9065,7.8072,5.4354,10.8478,17.9252
2026-02-13 09:40:00+00:00,0,normal,27.9703,7.7976,5.4866,10.7457,17.9208
2026-02-13 09:50:00+00:00,0,normal,27.8917,7.7957,5.4785,10.6948,17.9285
2026-02-13 10:00:00+00:00,0,normal,27.8959,7.799,5.5298,10.7261,17.916
2026-02-13 10:10:00+00:00,0,normal,27.9415,7.7956,5.5349,10.7665,17.911
2026-02-13 10:20:00+00:00,0,normal,27.874,7.7946,5.4652,10.8875,17.8949
2026-02-13 10:30:00+00:00,0,normal,27.836,7.7879,5.3886,10.9152,17.8866
2026-02-13 10:40:00+00:00,0,normal,27.8119,7.7658,5.3301,10.6759,17.8768
2026-02-13 10:50:00+00:00,0,normal,27.7617,7.7416,5.3295,10.4916,17.8505
2026-02-13 11:00:00+00:00,0,normal,27.6987,7.7534,5.3108,10.5368,17.826
2026-02-13 11:10:00+00:00,0,normal,27.7461,7.7474,5.3488,10.2932,17.819
2026-02-13 11:20:00+00:00,0,normal,27.7201,7.7438,5.4688,10.2283,17.7975
2026-02-13 11:30:00+00:00,0,normal,27.7207,7.739,5.6176,10.34,17.7872
2026-02-13 11:40:00+00:00,0,normal,27.7395,7.7272,5.5758,10.3263,17.7895
2026-02-13 11:50:00+00:00,0,normal,27.6979,7.7048,5.5995,10.0549,17.8039
2026-02-13 12:00:00+00:00,0,normal,27.6733,7.7046,5.651,10.0555,17.8158
2026-02-13 12:10:00+00:00,0,normal,27.7007,7.7083,5.5276,9.8775,17.8306
2026-02-13 12:20:00+00:00,0,normal,27.6942,7.6866,5.5157,9.9371,17.8334
2026-02-13 12:30:00+00:00,0,normal,27.656,7.6711,5.6503,10.0748,17.8435
2026-02-13 12:40:00+00:00,0,normal,27.6797,7.6625,5.6988,10.1557,17.8344
2026-02-13 12:50:00+00:00,0,normal,27.5583,7.6475,5.7572,10.1161,17.7993
2026-02-13 13:00:00+00:00,0,normal,27.5022,7.6252,5.8561,10.4257,17.7757
2026-02-13 13:10:00+00:00,0,normal,27.5802,7.636,5.7779,10.3899,17.771
2026-02-13 13:20:00+00:00,0,normal,27.5449,7.6261,5.7238,10.2616,17.759
2026-02-13 13:30:00+00:00,0,normal,27.4873,7.6079,5.7064,10.4603,17.763
2026-02-13 13:40:00+00:00,0,normal,27.5457,7.5715,5.6918,10.6112,17.807
2026-02-13 13:50:00+00:00,0,normal,27.5428,7.5572,5.6337,10.5041,17.8196
2026-02-13 14:00:00+00:00,0,normal,27.422,7.5161,5.7394,10.3281,17.8093
2026-02-13 14:10:00+00:00,0,normal,27.3032,7.5249,5.8314,10.2176,17.8058
2026-02-13 14:20:00+00:00,0,normal,27.2811,7.5335,5.8673,9.9032,17.784
2026-02-13 14:30:00+00:00,0,normal,27.299,7.5461,5.8059,10.107,17.7605
2026-02-13 14:40:00+00:00,0,normal,27.2133,7.5202,5.8863,9.9717,17.7523
2026-02-13 14:50:00+00:00,0,normal,27.0868,7.5276,5.9056,10.0853,17.7638
2026-02-13 15:00:00+00:00,0,normal,27.1239,7.5252,5.8697,10.2954,17.7418
2026-02-13 15:10:00+00:00,0,normal,27.0061,7.5008,5.9231,10.4595,17.7483
2026-02-13 15:20:00+00:00,0,normal,26.9058,7.4966,5.9783,10.2082,17.7316
2026-02-13 15:30:00+00:00,0,normal,26.7964,7.4919,6.0649,10.2756,17.7195
2026-02-13 15:40:00+00:00,0,normal,26.7877,7.472,6.1309,10.318,17.7059
2026-02-13 15:50:00+00:00,0,normal,26.6933,7.4419,6.1738,10.151,17.7136
2026-02-13 16:00:00+00:00,0,normal,26.6661,7.4111,6.1771,10.1037,17.7219
2026-02-13 16:10:00+00:00,0,normal,26.6215,7.4111,6.2764,9.8672,17.7191
2026-02-13 16:20:00+00:00,0,normal,26.6059,7.4087,6.2662,9.6827,17.7218
2026-02-13 16:30:00+00:00,0,normal,26.5295,7.4135,6.3621,9.4892,17.731
2026-02-13 16:40:00+00:00,0,normal,26.4656,7.4001,6.4113,9.7006,17.7185
2026-02-13 16:50:00+00:00,0,normal,26.3648,7.3921,6.5295,9.7232,17.6964
2026-02-13 17:00:00+00:00,0,normal,26.2134,7.371,6.5627,10.0584,17.6705
2026-02-13 17:10:00+00:00,0,normal,26.1614,7.3513,6.6236,10.3119,17.6673
2026-02-13 17:20:00+00:00,0,normal,26.1651,7.3414,6.682,10.4905,17.6528
2026-02-13 17:30:00+00:00,0,normal,26.1351,7.343,6.7036,10.3009,17.6662
2026-02-13 17:40:00+00:00,0,normal,26.2088,7.3566,6.7209,10.3482,17.6722
2026-02-13 17:50:00+00:00,0,normal,26.1787,7.3308,6.7661,10.3096,17.69
2026-02-13 18:00:00+00:00,0,normal,26.1177,7.3326,6.8385,10.5204,17.6904
2026-02-13 18:10:00+00:00,0,normal,25.9963,7.3113,6.7356,10.4657,17.6787
2026-02-13 18:20:00+00:00,0,normal,26.006,7.312,6.8188,10.6629,17.6733
2026-02-13 18:30:00+00:00,0,normal,25.9802,7.3124,6.8147,10.6548,17.672
2026-02-13 18:40:00+00:00,0,normal,25.899,7.3129,6.8543,10.5641,17.6754
2026-02-13 18:50:00+00:00,0,normal,25.8531,7.3048,6.8803,10.4331,17.6761
2026-02-13 19:00:00+00:00,0,normal,25.8969,7.333,6.9398,10.6954,17.6777
2026-02-13 19:10:00+00:00,0,normal,25.7702,7.3066,6.9121,10.6606,17.6708
2026-02-13 19:20:00+00:00,0,normal,25.6777,7.2822,6.8787,10.6168,17.6691
2026-02-13 19:30:00+00:00,0,normal,25.7495,7.285,6.925,10.7638,17.6601
2026-02-13 19:40:00+00:00,0,normal,25.731,7.287,6.9093,10.7179,17.661
2026-02-13 19:50:00+00:00,0,normal,25.6734,7.2756,6.9231,10.7733,17.6516
2026-02-13 20:00:00+00:00,0,normal,25.7589,7.2984,6.9144,10.8463,17.6572
2026-02-13 20:10:00+00:00,0,normal,25.7807,7.315,7.0394,10.8395,17.6606
2026-02-13 20:20:00+00:00,0,normal,25.7086,7.3184,7.0086,10.9496,17.6637
2026-02-13 20:30:00+00:00,0,normal,25.6627,7.325,7.0671,11.0259,17.6716
2026-02-13 20:40:00+00:00,0,normal,25.5881,7.333,7.1194,10.9071,17.6979
2026-02-13 20:50:00+00:00,0,normal,25.5404,7.3301,7.127,10.8969,17.6927
2026-02-13 21:00:00+00:00,0,normal,25.4036,7.3202,7.18,11.1334,17.6877
2026-02-13 21:10:00+00:00,0,normal,25.3817,7.3202,7.2486,11.0648,17.7076
2026-02-13 21:20:00+00:00,0,normal,25.3919,7.297,7.2086,10.975,17.6828
2026-02-13 21:30:00+00:00,0,normal,25.3965,7.2826,7.2224,10.9105,17.6678
2026-02-13 21:40:00+00:00,0,normal,25.3633,7.2934,7.2867,10.8726,17.6719
2026-02-13 21:50:00+00:00,0,normal,25.4993,7.317,7.2148,10.8231,17.6823
2026-02-13 22:00:00+00:00,0,normal,25.5006,7.3236,7.2466,10.8073,17.6702
2026-02-13 22:10:00+00:00,0,normal,25.4803,7.3579,7.2713,10.8247,17.6916
2026-02-13 22:20:00+00:00,0,normal,25.5363,7.3773,7.2395,10.8139,17.6851
2026-02-13 22:30:00+00:00,0,normal,25.5387,7.3869,7.2325,10.8502,17.6977
2026-02-13 22:40:00+00:00,0,normal,25.5043,7.3907,7.206,10.6405,17.6808
2026-02-13 22:50:00+00:00,0,normal,25.5231,7.3933,7.0806,10.7681,17.6923
2026-02-13 23:00:00+00:00,0,normal,25.5407,7.375,7.088,10.8644,17.6903
2026-02-13 23:10:00+00:00,0,normal,25.4531,7.3771,7.1558,10.8403,17.678
2026-02-13 23:20:00+00:00,0,normal,25.4016,7.3743,7.1847,10.9287,17.6716
2026-02-13 23:30:00+00:00,0,normal,25.3015,7.3748,7.2578,11.0913,17.6887
2026-02-13 23:40:00+00:00,0,normal,25.3292,7.3813,7.2696,10.9449,17.6713
2026-02-13 23:50:00+00:00,0,normal,25.3113,7.4184,7.2792,10.9696,17.6646
2026-02-14 00:00:00+00:00,0,normal,25.4451,7.4228,7.2032,11.2155,18.2381
2026-02-14 00:10:00+00:00,0,normal,25.5309,7.431,7.1751,11.2021,18.2346
2026-02-14 00:20:00+00:00,0,normal,25.6168,7.4425,7.1437,11.1929,18.2336
2026-02-14 00:30:00+00:00,0,normal,25.6033,7.4613,7.1864,11.2297,18.2444
2026-02-14 00:40:00+00:00,0,normal,25.7072,7.4568,7.1671,11.301,18.2417
2026-02-14 00:50:00+00:00,0,normal,25.6675,7.4716,7.1922,11.2065,18.2633
2026-02-14 01:00:00+00:00,0,normal,25.6672,7.4748,7.1858,11.299,18.2663
2026-02-14 01:10:00+00:00,0,normal,25.7568,7.4832,7.0712,11.4446,18.2659
2026-02-14 01:20:00+00:00,0,normal,25.8396,7.5008,7.0463,11.5843,18.2852
2026-02-14 01:30:00+00:00,0,normal,25.8501,7.5123,6.9814,11.7278,18.3062
2026-02-14 01:40:00+00:00,0,normal,25.945,7.5295,6.9131,11.5493,18.2914
2026-02-14 01:50:00+00:00,0,normal,26.0251,7.5505,6.8107,11.7223,18.3052
2026-02-14 02:00:00+00:00,0,normal,26.0419,7.5523,6.9157,11.795,18.3102
2026-02-14 02:10:00+00:00,0,normal,26.0467,7.5663,6.7902,12.0109,18.3003
2026-02-14 02:20:00+00:00,0,normal,26.1779,7.594,6.7762,11.6925,18.2986
2026-02-14 02:30:00+00:00,0,normal,26.1833,7.5992,6.7735,11.8935,18.2931
2026-02-14 02:40:00+00:00,0,normal,26.2893,7.6219,6.6929,11.6555,18.2941
2026-02-14 02:50:00+00:00,0,normal,26.32,7.6609,6.665,11.6579,18.2959
2026-02-14 03:00:00+00:00,0,normal,26.4306,7.6649,6.6973,11.4281,18.2708
2026-02-14 03:10:00+00:00,0,normal,26.4353,7.6768,6.5593,11.5818,18.2739
2026-02-14 03:20:00+00:00,0,normal,26.551,7.691,6.4659,11.6307,18.2687
2026-02-14 03:30:00+00:00,0,normal,26.5187,7.6857,6.5454,11.6056,18.2614
2026-02-14 03:40:00+00:00,0,normal,26.6187,7.6712,6.4754,11.4548,18.2405
2026-02-14 03:50:00+00:00,0,normal,26.7109,7.6839,6.3896,11.4552,18.256
2026-02-14 04:00:00+00:00,0,normal,26.7301,7.6995,6.3574,11.3599,18.2449
2026-02-14 04:10:00+00:00,0,normal,26.7452,7.7097,6.3964,11.2605,18.2567
2026-02-14 04:20:00+00:00,0,normal,26.8118,7.7138,6.3502,11.1127,18.2488
2026-02-14 04:30:00+00:00,0,normal,26.8156,7.7451,6.2075,11.1736,18.2439
2026-02-14 04:40:00+00:00,0,normal,26.8656,7.7495,6.1939,11.0185,18.2441
2026-02-14 04:50:00+00:00,0,normal,26.8934,7.7261,6.2654,11.0677,18.2431
2026-02-14 05:00:00+00:00,0,normal,26.9124,7.737,6.1848,10.9569,18.2431
2026-02-14 05:10:00+00:00,0,normal,27.0429,7.7504,6.0675,11.1071,18.2486
2026-02-14 05:20:00+00:00,0,normal,27.131,7.7663,6.0641,11.1927,18.26
2026-02-14 05:30:00+00:00,0,normal,27.1981,7.7878,5.9971,11.2212,18.2655
2026-02-14 05:40:00+00:00,0,normal,27.2696,7.8128,5.9464,11.113,18.2839
2026-02-14 05:50:00+00:00,0,normal,27.3588,7.8166,5.9264,11.3083,18.287
2026-02-14 06:00:00+00:00,0,normal,27.3267,7.8492,5.8844,11.3999,18.2667
2026-02-14 06:10:00+00:00,0,normal,27.358,7.8473,5.8833,11.3356,18.2939
2026-02-14 06:20:00+00:00,0,normal,27.2653,7.8376,5.9378,11.3371,18.2999
2026-02-14 06:30:00+00:00,0,normal,27.3523,7.8728,5.8778,11.3567,18.2954
2026-02-14 06:40:00+00:00,0,normal,27.4043,7.8747,5.802,11.2197,18.2687
2026-02-14 06:50:00+00:00,0,normal,27.4694,7.8633,5.8727,11.0974,18.2796
2026-02-14 07:00:00+00:00,0,normal,27.4921,7.8485,5.8838,10.8447,18.2599
2026-02-14 07:10:00+00:00,0,normal,27.5641,7.836,5.8105,10.7709,18.2362
2026-02-14 07:20:00+00:00,0,normal,27.6042,7.8101,5.7713,10.9601,18.2237
2026-02-14 07:30:00+00:00,0,normal,27.5873,7.8089,5.8045,11.001,18.2489
2026-02-14 07:40:00+00:00,0,normal,27.6429,7.8092,5.7627,11.1234,18.2463
2026-02-14 07:50:00+00:00,0,normal,27.7648,7.8104,5.626,11.4053,18.2529
2026-02-14 08:00:00+00:00,0,normal,27.8818,7.8363,5.5394,11.4589,18.2657
2026-02-14 08:10:00+00:00,0,normal,27.8307,7.8275,5.5638,11.2678,18.2405
2026-02-14 08:20:00+00:00,0,normal,27.8807,7.8333,5.47,11.3301,18.2142
2026-02-14 08:30:00+00:00,0,normal,27.9025,7.8376,5.347,11.2568,18.2232
2026-02-14 08:40:00+00:00,0,normal,27.8483,7.8415,5.3626,11.2316,18.1944
2026-02-14 08:50:00+00:00,0,normal,27.7652,7.8197,5.439,11.2419,18.1936
2026-02-14 09:00:00+00:00,0,normal,27.8518,7.842,5.432,11.2674,18.2115
2026-02-14 09:10:00+00:00,0,normal,27.887,7.8423,5.4216,11.1098,18.2177
2026-02-14 09:20:00+00:00,0,normal,27.9547,7.8345,5.4417,10.9971,18.198
2026-02-14 09:30:00+00:00,0,normal,27.9598,7.847,5.4642,10.7894,18.2054
2026-02-14 09:40:00+00:00,0,normal,28.0615,7.8566,5.3774,10.7589,18.2061
2026-02-14 09:50:00+00:00,0,normal,28.009,7.8292,5.3234,10.7017,18.1923
2026-02-14 10:00:00+00:00,0,normal,27.9769,7.8051,5.3669,10.6554,18.1901
2026-02-14 10:10:00+00:00,0,normal,27.9362,7.7948,5.3473,10.7243,18.2083
2026-02-14 10:20:00+00:00,0,normal,27.9841,7.7846,5.2924,10.6206,18.2029
2026-02-14 10:30:00+00:00,0,normal,27.9051,7.7858,5.3403,10.6421,18.1783
2026-02-14 10:40:00+00:00,0,normal,27.9466,7.7868,5.3527,10.5345,18.1721
2026-02-14 10:50:00+00:00,0,normal,27.9266,7.7986,5.3012,10.468,18.1427
2026-02-14 11:00:00+00:00,0,normal,27.8844,7.7881,5.354,10.2737,18.1084
2026-02-14 11:10:00+00:00,0,normal,27.8635,7.7654,5.3467,10.4575,18.1038
2026-02-14 11:20:00+00:00,0,normal,27.868,7.7334,5.3297,10.1491,18.1116
2026-02-14 11:30:00+00:00,0,normal,27.8416,7.7191,5.3578,10.2465,18.107
2026-02-14 11:40:00+00:00,0,normal,27.8319,7.6879,5.4102,10.3226,18.1289
2026-02-14 11:50:00+00:00,0,normal,27.794,7.6975,5.4877,10.2779,18.1425
2026-02-14 12:00:00+00:00,0,normal,27.804,7.7002,5.5251,10.2249,18.1271
2026-02-14 12:10:00+00:00,0,normal,27.797,7.7018,5.5849,10.3189,18.1076
2026-02-14 12:20:00+00:00,0,normal,27.7425,7.7101,5.6145,10.2753,18.094
2026-02-14 12:30:00+00:00,0,normal,27.7424,7.7006,5.6214,10.113,18.0867
2026-02-14 12:40:00+00:00,0,normal,27.6768,7.6687,5.5616,10.4262,18.0733
2026-02-14 12:50:00+00:00,0,normal,27.5437,7.6667,5.6279,10.4825,18.0829
2026-02-14 13:00:00+00:00,0,normal,27.555,7.6573,5.5814,10.6254,18.0824
2026-02-14 13:10:00+00:00,0,normal,27.549,7.654,5.5477,10.5081,18.0808
2026-02-14 13:20:00+00:00,0,normal,27.5898,7.6652,5.5422,10.5992,18.0759
2026-02-14 13:30:00+00:00,0,normal,27.6037,7.6693,5.5399,10.3324,18.0529
2026-02-14 13:40:00+00:00,0,normal,27.5971,7.6534,5.5272,10.2496,18.0367
2026-02-14 13:50:00+00:00,0,normal,27.528,7.6417,5.5531,10.2525,18.0253
2026-02-14 14:00:00+00:00,0,normal,27.3923,7.5989,5.6356,10.3694,18.0425
2026-02-14 14:10:00+00:00,0,normal,27.2856,7.576,5.6654,10.4254,18.0463
2026-02-14 14:20:00+00:00,0,normal,27.2402,7.5437,5.7211,10.4213,18.0632
2026-02-14 14:30:00+00:00,0,normal,27.2467,7.5221,5.7616,10.4222,18.0563
2026-02-14 14:40:00+00:00,0,normal,27.2091,7.5109,5.8087,10.299,18.0741
2026-02-14 14:50:00+00:00,0,normal,27.2142,7.5216,5.8267,10.149,18.0495
2026-02-14 15:00:00+00:00,0,normal,27.2005,7.5183,5.8343,10.3073,18.0169
2026-02-14 15:10:00+00:00,0,normal,27.141,7.5367,5.8704,10.3655,17.9909
2026-02-14 15:20:00+00:00,0,normal,27.0025,7.5023,6.0082,10.5213,17.9928
2026-02-14 15:30:00+00:00,0,normal,26.9219,7.4789,6.0506,10.557,17.9578
2026-02-14 15:40:00+00:00,0,normal,26.902,7.4513,6.0058,10.936,17.9729
2026-02-14 15:50:00+00:00,0,normal,26.8589,7.4492,6.0862,10.7394,17.9763
2026-02-14 16:00:00+00:00,0,normal,26.8267,7.4175,6.119,10.8186,17.9788
2026-02-14 16:10:00+00:00,0,normal,26.8125,7.4155,6.0823,10.6235,17.9844
2026-02-14 16:20:00+00:00,0,normal,26.7837,7.4156,6.1294,10.6729,18.0042
2026-02-14 16:30:00+00:00,0,normal,26.7763,7.4006,6.2324,10.3971,18.0031
2026-02-14 16:40:00+00:00,0,normal,26.6952,7.3639,6.2702,10.3372,17.9899
2026-02-14 16:50:00+00:00,0,normal,26.6805,7.3758,6.3072,10.3231,17.9812
2026-02-14 17:00:00+00:00,0,normal,26.6418,7.3778,6.3687,10.3236,17.9823
2026-02-14 17:10:00+00:00,0,normal,26.5627,7.3719,6.3518,10.403,17.9465
2026-02-14 17:20:00+00:00,0,normal,26.5158,7.3741,6.3282,10.5223,17.918
2026-02-14 17:30:00+00:00,0,normal,26.4329,7.3752,6.3579,10.7402,17.9313
2026-02-14 17:40:00+00:00,0,normal,26.3324,7.34,6.372,10.6879,17.9343
2026-02-14 17:50:00+00:00,0,normal,26.3227,7.3355,6.339,10.5328,17.92
2026-02-14 18:00:00+00:00,0,normal,26.3263,7.3333,6.4043,10.4172,17.9329
2026-02-14 18:10:00+00:00,0,normal,26.2337,7.3387,6.5349,10.327,17.9536
2026-02-14 18:20:00+00:00,0,normal,26.1741,7.3433,6.6001,10.1856,17.9579
2026-02-14 18:30:00+00:00,0,normal,26.1803,7.3375,6.6586,10.2981,17.9708
2026-02-14 18:40:00+00:00,0,normal,26.1032,7.343,6.711,10.6038,17.9643
2026-02-14 18:50:00+00:00,0,normal,26.0137,7.3378,6.7505,10.6385,17.9641
2026-02-14 19:00:00+00:00,0,normal,25.9614,7.3153,6.7851,10.9248,17.9502
2026-02-14 19:10:00+00:00,0,normal,25.9503,7.3067,6.8447,10.902,17.9318
2026-02-14 19:20:00+00:00,0,normal,25.8591,7.3176,6.8673,10.7452,17.9458
2026-02-14 19:30:00+00:00,0,normal,25.7703,7.3044,6.9843,10.5184,17.9512
2026-02-14 19:40:00+00:00,0,normal,25.7294,7.3025,7.0272,10.3818,17.9521
2026-02-14 19:50:00+00:00,0,normal,25.7182,7.3004,6.9912,10.0043,17.9671
2026-02-14 20:00:00+00:00,0,normal,25.6624,7.3149,7.0044,10.1744,17.9775
2026-02-14 20:10:00+00:00,0,normal,25.6673,7.294,7.0695,10.3062,17.9728
2026-02-14 20:20:00+00:00,0,normal,25.7113,7.3028,7.0053,10.3504,17.9822
2026-02-14 20:30:00+00:00,0,normal,25.7173,7.3043,7.0226,10.5546,17.9941
2026-02-14 20:40:00+00:00,0,normal,25.6757,7.3183,7.1125,10.7953,17.9689
2026-02-14 20:50:00+00:00,0,normal,25.6965,7.2981,7.0765,10.4827,17.9645
2026-02-14 21:00:00+00:00,0,normal,25.6491,7.327,7.0862,10.6189,17.9847
2026-02-14 21:10:00+00:00,0,normal,25.5427,7.3193,7.1991,10.8551,17.968
2026-02-14 21:20:00+00:00,0,normal,25.5189,7.3084,7.1854,10.9567,17.9625
2026-02-14 21:30:00+00:00,0,normal,25.5233,7.2975,7.1376,11.0238,17.9705
2026-02-14 21:40:00+00:00,0,normal,25.5809,7.3128,7.1697,11.0467,17.9682
2026-02-14 21:50:00+00:00,0,normal,25.6244,7.2953,7.174,10.8516,17.9432
2026-02-14 22:00:00+00:00,0,normal,25.6907,7.3215,7.1225,10.8982,17.9372
2026-02-14 22:10:00+00:00,0,normal,25.6741,7.3467,7.1346,10.8323,17.9332
2026-02-14 22:20:00+00:00,0,normal,25.6757,7.3793,7.1622,10.8057,17.9414
2026-02-14 22:30:00+00:00,0,normal,25.5495,7.394,7.181,11.2135,17.9489
2026-02-14 22:40:00+00:00,0,normal,25.4402,7.4066,7.2892,11.3387,17.9454
2026-02-14 22:50:00+00:00,0,normal,25.3912,7.3873,7.3105,11.1956,17.9585
2026-02-14 23:00:00+00:00,0,normal,25.3909,7.3612,7.353,11.2831,17.9569
2026-02-14 23:10:00+00:00,0,normal,25.322,7.3453,7.3838,11.0408,17.9688
2026-02-14 23:20:00+00:00,0,normal,25.3536,7.3553,7.3796,10.9584,17.9829
2026-02-14 23:30:00+00:00,0,normal,25.4246,7.3627,7.2955,10.986,17.9743
2026-02-14 23:40:00+00:00,0,normal,25.4678,7.3792,7.2205,11.0531,17.9805
2026-02-14 23:50:00+00:00,0,normal,25.4674,7.4068,7.2627,11.1393,17.9882
2026-02-15 00:00:00+00:00,0,normal,25.5548,7.427,7.1679,11.3751,17.9863
2026-02-15 00:10:00+00:00,0,normal,25.6625,7.437,7.1195,11.3581,17.9853
2026-02-15 00:20:00+00:00,0,normal,25.7234,7.4427,7.0384,11.4975,18.0068
2026-02-15 00:30:00+00:00,0,normal,25.7411,7.4425,7.0541,11.3952,17.9956
2026-02-15 00:40:00+00:00,0,normal,25.7945,7.4729,7.012,11.4396,17.9893
2026-02-15 00:50:00+00:00,0,normal,25.8398,7.4878,6.9726,11.5718,17.9644
2026-02-15 01:00:00+00:00,0,normal,25.7859,7.4806,6.9787,11.6664,17.9822
2026-02-15 01:10:00+00:00,0,normal,25.7719,7.5187,6.9582,11.4373,17.9805
2026-02-15 01:20:00+00:00,0,normal,25.8677,7.5329,6.896,11.5966,18.0016
2026-02-15 01:30:00+00:00,0,normal,25.896,7.5389,6.7968,11.3705,18.0022
2026-02-15 01:40:00+00:00,0,normal,25.9,7.5415,6.846,11.1788,18.026
2026-02-15 01:50:00+00:00,0,normal,25.97,7.5624,6.7962,11.1141,17.9876
2026-02-15 02:00:00+00:00,0,normal,26.0472,7.5389,6.8208,11.0743,17.9847
2026-02-15 02:10:00+00:00,0,normal,25.9864,7.5553,6.8866,11.023,17.9748
2026-02-15 02:20:00+00:00,0,normal,26.0478,7.5661,6.894,11.0014,17.986
2026-02-15 02:30:00+00:00,0,normal,26.1673,7.5814,6.8512,11.1452,17.9763
2026-02-15 02:40:00+00:00,0,normal,26.235,7.5999,6.8663,11.3198,18.0032
2026-02-15 02:50:00+00:00,0,normal,26.3619,7.6478,6.7425,11.6669,17.9951
2026-02-15 03:00:00+00:00,0,normal,26.5296,7.6589,6.6595,11.5862,18.0077
2026-02-15 03:10:00+00:00,0,normal,26.6356,7.6738,6.5964,11.6193,18.0104
2026-02-15 03:20:00+00:00,0,normal,26.7582,7.6802,6.467,11.5472,18.0191
2026-02-15 03:30:00+00:00,0,normal,26.8228,7.6811,6.3893,11.462,18.0137
2026-02-15 03:40:00+00:00,0,normal,26.8024,7.6832,6.4122,11.2134,18.0227
2026-02-15 03:50:00+00:00,0,normal,26.8468,7.6946,6.287,11.4478,18.0126
2026-02-15 04:00:00+00:00,0,normal,26.829,7.7011,6.247,11.6143,18.0323
2026-02-15 04:10:00+00:00,0,normal,26.7868,7.7109,6.3358,11.4379,18.0389
2026-02-15 04:20:00+00:00,0,normal,26.7908,7.7127,6.3189,11.3651,18.0106
2026-02-15 04:30:00+00:00,0,normal,26.8539,7.7233,6.325,11.2494,18.0041
2026-02-15 04:40:00+00:00,0,normal,26.8498,7.7297,6.3439,11.0781,18.0147
2026-02-15 04:50:00+00:00,0,normal,26.8993,7.7235,6.316,10.9701,17.9872
2026-02-15 05:00:00+00:00,0,normal,26.9641,7.7468,6.1651,11.2409,17.9762
2026-02-15 05:10:00+00:00,0,normal,27.0356,7.7623,6.1394,11.2253,17.9988
2026-02-15 05:20:00+00:00,0,normal,27.0046,7.7467,6.1046,11.3031,18.0138
2026-02-15 05:30:00+00:00,0,normal,27.0276,7.7681,6.0795,11.5876,17.9896
2026-02-15 05:40:00+00:00,0,normal,27.0621,7.7788,6.0492,11.5253,17.9873
2026-02-15 05:50:00+00:00,0,normal,27.0657,7.7613,6.1228,11.4653,17.9901
2026-02-15 06:00:00+00:00,0,normal,27.1348,7.7451,6.0398,11.5307,17.9907
2026-02-15 06:10:00+00:00,0,normal,27.2603,7.7762,5.9493,11.5884,17.9791
2026-02-15 06:20:00+00:00,0,normal,27.398,7.7708,5.8656,11.246,17.9892
2026-02-15 06:30:00+00:00,0,normal,27.5122,7.7717,5.8114,11.226,17.994
2026-02-15 06:40:00+00:00,0,normal,27.6269,7.7982,5.7264,11.2479,17.9921
2026-02-15 06:50:00+00:00,0,normal,27.6769,7.8324,5.6502,11.274,17.9882
2026-02-15 07:00:00+00:00,0,normal,27.718,7.8208,5.626,11.2335,17.9785
2026-02-15 07:10:00+00:00,0,normal,27.759,7.8399,5.644,11.1703,17.9722
2026-02-15 07:20:00+00:00,0,normal,27.8032,7.8725,5.6214,11.2582,17.9654
2026-02-15 07:30:00+00:00,0,normal,27.8146,7.8797,5.6201,11.3381,17.9508
2026-02-15 07:40:00+00:00,0,normal,27.873,7.886,5.6695,11.0934,17.9506
2026-02-15 07:50:00+00:00,0,normal,27.8138,7.8924,5.7117,11.0446,17.9377
2026-02-15 08:00:00+00:00,0,normal,27.7945,7.8782,5.6617,11.1757,17.9408
2026-02-15 08:10:00+00:00,0,normal,27.7792,7.8571,5.6597,11.2735,17.9396
2026-02-15 08:20:00+00:00,0,normal,27.8339,7.8498,5.6017,11.0273,17.9412
2026-02-15 08:30:00+00:00,0,normal,27.8694,7.8274,5.5178,11.1695,17.9306
2026-02-15 08:40:00+00:00,0,normal,27.9241,7.8177,5.4385,11.3353,17.9428
2026-02-15 08:50:00+00:00,0,normal,28.0057,7.8099,5.3915,11.1434,17.9457
2026-02-15 09:00:00+00:00,0,normal,27.9926,7.8085,5.472,10.8566,17.96
2026-02-15 09:10:00+00:00,0,normal,27.9258,7.7981,5.4754,10.8813,17.9659
2026-02-15 09:20:00+00:00,0,normal,27.8743,7.7968,5.5413,10.9125,17.9637
2026-02-15 09:30:00+00:00,0,normal,27.9262,7.8092,5.4993,10.7724,17.9617
2026-02-15 09:40:00+00:00,0,normal,27.8282,7.8028,5.6111,11.0293,17.9255
2026-02-15 09:50:00+00:00,0,normal,27.9002,7.7928,5.4792,10.9624,17.9099
2026-02-15 10:00:00+00:00,0,normal,27.9699,7.7969,5.4529,10.9867,17.8991
2026-02-15 10:10:00+00:00,0,normal,28.018,7.8076,5.3339,10.5418,17.8795
2026-02-15 10:20:00+00:00,0,normal,28.0132,7.7866,5.3963,10.6271,17.8621
2026-02-15 10:30:00+00:00,0,normal,28.0648,7.794,5.358,10.6163,17.8776
2026-02-15 10:40:00+00:00,0,normal,28.0349,7.7849,5.3438,10.7436,17.8704
2026-02-15 10:50:00+00:00,0,normal,28.0635,7.7703,5.3651,10.4279,17.8703
2026-02-15 11:00:00+00:00,0,normal,27.9133,7.7483,5.4492,10.6946,17.894
2026-02-15 11:10:00+00:00,0,normal,27.882,7.7512,5.448,10.6483,17.8926
2026-02-15 11:20:00+00:00,0,normal,27.8689,7.7434,5.4026,10.5401,17.8745
2026-02-15 11:30:00+00:00,0,normal,27.8139,7.742,5.5098,10.757,17.8731
2026-02-15 11:40:00+00:00,0,normal,27.7245,7.7212,5.5231,10.9563,17.8707
2026-02-15 11:50:00+00:00,0,normal,27.8005,7.7186,5.5632,11.1808,17.8617
2026-02-15 12:00:00+00:00,0,normal,27.7876,7.7091,5.5915,10.8142,17.8619
2026-02-15 12:10:00+00:00,0,normal,27.7639,7.7024,5.606,10.6643,17.8847
2026-02-15 12:20:00+00:00,0,normal,27.7978,7.686,5.5511,10.298,17.8695
2026-02-15 12:30:00+00:00,0,normal,27.7687,7.6933,5.5258,10.3919,17.8669
2026-02-15 12:40:00+00:00,0,normal,27.725,7.6665,5.512,10.0161,17.8397
2026-02-15 12:50:00+00:00,0,normal,27.709,7.6475,5.5476,10.3308,17.8097
2026-02-15 13:00:00+00:00,0,normal,27.6708,7.6274,5.6054,10.4721,17.7758
2026-02-15 13:10:00+00:00,0,normal,27.5482,7.6068,5.6366,10.6173,17.7679
2026-02-15 13:20:00+00:00,0,normal,27.5342,7.5857,5.7386,10.5076,17.7483
2026-02-15 13:30:00+00:00,0,normal,27.4936,7.5879,5.7877,10.5094,17.7452
2026-02-15 13:40:00+00:00,0,normal,27.5027,7.5662,5.7573,10.45,17.7616
2026-02-15 13:50:00+00:00,0,normal,27.4805,7.5545,5.7684,10.3044,17.773
2026-02-15 14:00:00+00:00,0,normal,27.5402,7.5435,5.7977,10.3554,17.7763
2026-02-15 14:10:00+00:00,0,normal,27.4408,7.5501,5.7377,10.5199,17.7702
2026-02-15 14:20:00+00:00,0,normal,27.396,7.5383,5.7921,10.5899,17.7846
2026-02-15 14:30:00+00:00,0,normal,27.2572,7.5396,5.7685,10.6582,17.7715
2026-02-15 14:40:00+00:00,0,normal,27.1607,7.5312,5.8414,10.7253,17.7589
2026-02-15 14:50:00+00:00,0,normal,27.113,7.5409,5.8652,10.6982,17.7462
2026-02-15 15:00:00+00:00,0,normal,27.1514,7.5242,5.9506,10.3807,17.7489
2026-02-15 15:10:00+00:00,0,normal,27.0711,7.4954,5.9699,10.3329,17.73
2026-02-15 15:20:00+00:00,0,normal,27.0465,7.4962,6.0999,10.1056,17.7365
2026-02-15 15:30:00+00:00,0,normal,27.0156,7.4954,6.0954,10.2286,17.742
2026-02-15 15:40:00+00:00,0,normal,26.9377,7.4772,6.1507,10.1211,17.7384
2026-02-15 15:50:00+00:00,0,normal,26.7666,7.4507,6.2295,10.3335,17.7143
2026-02-15 16:00:00+00:00,0,normal,26.6958,7.4256,6.3313,10.3996,17.7124
2026-02-15 16:10:00+00:00,0,normal,26.6753,7.394,6.3408,10.437,17.698
2026-02-15 16:20:00+00:00,0,normal,26.5533,7.3741,6.3687,10.128,17.6814
2026-02-15 16:30:00+00:00,0,normal,26.4616,7.3739,6.3984,9.9587,17.6604
2026-02-15 16:40:00+00:00,0,normal,26.4764,7.3756,6.4125,9.8554,17.6571
2026-02-15 16:50:00+00:00,0,normal,26.495,7.3974,6.3989,9.837,17.6633
2026-02-15 17:00:00+00:00,0,normal,26.4186,7.4161,6.4065,9.7847,17.6591
2026-02-15 17:10:00+00:00,0,normal,26.4224,7.4149,6.5334,9.9688,17.6725
2026-02-15 17:20:00+00:00,0,normal,26.4163,7.3948,6.5747,10.402,17.6857
2026-02-15 17:30:00+00:00,0,normal,26.3688,7.4005,6.6057,10.6116,17.7023
2026-02-15 17:40:00+00:00,0,normal,26.2794,7.3822,6.5811,10.6498,17.6905
2026-02-15 17:50:00+00:00,0,normal,26.2356,7.3451,6.6747,10.7585,17.7026
2026-02-15 18:00:00+00:00,0,normal,26.2133,7.3272,6.6135,10.8196,17.688
2026-02-15 18:10:00+00:00,0,normal,26.1966,7.3196,6.6061,10.6382,17.6945
2026-02-15 18:20:00+00:00,0,normal,26.1676,7.292,6.61,10.553,17.6995
2026-02-15 18:30:00+00:00,0,normal,26.1889,7.3074,6.6986,10.5944,17.7045
2026-02-15 18:40:00+00:00,0,normal,26.1212,7.3146,6.7227,10.6127,17.6911
2026-02-15 18:50:00+00:00,0,normal,26.0455,7.3126,6.7568,10.4858,17.6753
2026-02-15 19:00:00+00:00,0,normal,25.9337,7.3128,6.8284,10.5132,17.6713
2026-02-15 19:10:00+00:00,0,normal,25.8603,7.2905,6.9303,10.2091,17.6632
2026-02-15 19:20:00+00:00,0,normal,25.7421,7.2631,6.9455,10.2241,17.6595
2026-02-15 19:30:00+00:00,0,normal,25.7732,7.2612,6.9465,10.0033,17.6572
2026-02-15 19:40:00+00:00,0,normal,25.7892,7.2546,7.0052,10.1219,17.6749
2026-02-15 19:50:00+00:00,0,normal,25.7538,7.2508,6.9405,9.994,17.6814
2026-02-15 20:00:00+00:00,0,normal,25.7512,7.2851,6.9481,10.4036,17.6899
2026-02-15 20:10:00+00:00,0,normal,25.7667,7.3002,6.9319,10.4051,17.6864
2026-02-15 20:20:00+00:00,0,normal,25.7202,7.2913,6.9339,10.6539,17.7164
2026-02-15 20:30:00+00:00,0,normal,25.6152,7.2887,7.0153,10.6911,17.7283
2026-02-15 20:40:00+00:00,0,normal,25.5984,7.3079,7.188,10.7259,17.7241
2026-02-15 20:50:00+00:00,0,normal,25.5528,7.3098,7.1929,10.7313,17.7143
2026-02-15 21:00:00+00:00,0,normal,25.549,7.3191,7.2533,10.8206,17.7294
2026-02-15 21:10:00+00:00,0,normal,25.4846,7.3175,7.3333,10.783,17.6992
2026-02-15 21:20:00+00:00,0,normal,25.4293,7.3288,7.3622,10.6454,17.6796
2026-02-15 21:30:00+00:00,0,normal,25.3843,7.3192,7.3929,10.7178,17.6673
2026-02-15 21:40:00+00:00,0,normal,25.3752,7.3101,7.3906,10.6011,17.6636
2026-02-15 21:50:00+00:00,0,normal,25.3484,7.3035,7.3612,10.4242,17.6443
2026-02-15 22:00:00+00:00,0,normal,25.4274,7.3239,7.29,10.4533,17.6509
2026-02-15 22:10:00+00:00,0,normal,25.5365,7.3268,7.2022,10.5234,17.6589
2026-02-15 22:20:00+00:00,0,normal,25.5789,7.3214,7.1345,10.5663,17.6593
2026-02-15 22:30:00+00:00,0,normal,25.5827,7.3403,7.0996,10.5806,17.6752
2026-02-15 22:40:00+00:00,0,normal,25.6254,7.3624,7.1197,10.7774,17.695
2026-02-15 22:50:00+00:00,0,normal,25.5511,7.3665,7.1133,10.8548,17.6955
2026-02-15 23:00:00+00:00,0,normal,25.535,7.3821,7.1201,10.9875,17.7106
2026-02-15 23:10:00+00:00,0,normal,25.5052,7.4021,7.1405,11.0603,17.728
2026-02-15 23:20:00+00:00,0,normal,25.572,7.4222,7.1454,11.0832,17.7271
2026-02-15 23:30:00+00:00,0,normal,25.5632,7.4298,7.1616,11.1272,17.7057
2026-02-15 23:40:00+00:00,0,normal,25.578,7.449,7.2261,10.8441,17.7083
2026-02-15 23:50:00+00:00,0,normal,25.6002,7.4559,7.2819,10.7822,17.7022
2026-02-16 00:00:00+00:00,0,normal,25.6812,7.4613,7.2202,10.7134,18.2488
2026-02-16 00:10:00+00:00,0,normal,25.6466,7.4598,7.2377,10.7687,18.2389
2026-02-16 00:20:00+00:00,0,normal,25.6409,7.4666,7.2157,10.644,18.2517
2026-02-16 00:30:00+00:00,0,normal,25.6724,7.4624,7.1786,11.0259,18.2597
2026-02-16 00:40:00+00:00,0,normal,25.7203,7.4779,7.0395,11.1642,18.2566
2026-02-16 00:50:00+00:00,0,normal,25.7226,7.4988,7.011,11.0932,18.2736
2026-02-16 01:00:00+00:00,0,normal,25.7506,7.4784,6.9827,11.1224,18.2677
2026-02-16 01:10:00+00:00,0,normal,25.7588,7.4742,6.9143,11.0682,18.271
2026-02-16 01:20:00+00:00,0,normal,25.8239,7.4977,6.8604,11.0769,18.2754
2026-02-16 01:30:00+00:00,0,normal,25.8456,7.487,6.8618,10.9612,18.2645
2026-02-16 01:40:00+00:00,0,normal,25.8889,7.4753,6.8614,11.0396,18.2487
2026-02-16 01:50:00+00:00,0,normal,25.9558,7.5047,6.8572,10.8407,18.2604
2026-02-16 02:00:00+00:00,0,normal,26.0756,7.5329,6.8081,10.9844,18.2742
2026-02-16 02:10:00+00:00,0,normal,26.1441,7.5474,6.8048,10.8163,18.2702
2026-02-16 02:20:00+00:00,0,normal,26.2178,7.5921,6.7625,10.7155,18.2892
2026-02-16 02:30:00+00:00,0,normal,26.2691,7.6207,6.7228,10.8346,18.3006
2026-02-16 02:40:00+00:00,0,normal,26.291,7.6301,6.6798,11.1386,18.2751
2026-02-16 02:50:00+00:00,0,normal,26.2768,7.6223,6.7,11.2004,18.263
2026-02-16 03:00:00+00:00,0,normal,26.2814,7.6232,6.629,11.1776,18.2584
2026-02-16 03:10:00+00:00,0,normal,26.3141,7.6258,6.6077,11.332,18.2656
2026-02-16 03:20:00+00:00,0,normal,26.347,7.6421,6.5369,11.3917,18.2649
2026-02-16 03:30:00+00:00,0,normal,26.424,7.6601,6.4854,11.2742,18.2979
2026-02-16 03:40:00+00:00,0,normal,26.4803,7.6879,6.3554,11.2698,18.302
2026-02-16 03:50:00+00:00,0,normal,26.4957,7.7116,6.3914,11.3813,18.3069
2026-02-16 04:00:00+00:00,0,normal,26.5786,7.7178,6.3707,11.3551,18.3007
2026-02-16 04:10:00+00:00,0,normal,26.644,7.7342,6.4344,11.2077,18.294
2026-02-16 04:20:00+00:00,0,normal,26.6646,7.7335,6.4681,11.289,18.2974
2026-02-16 04:30:00+00:00,0,normal,26.7141,7.7374,6.56,11.3254,18.2826
2026-02-16 04:40:00+00:00,0,normal,26.8431,7.7347,6.4375,11.3094,18.2903
2026-02-16 04:50:00+00:00,0,normal,26.9167,7.7512,6.4387,11.4306,18.2787
2026-02-16 05:00:00+00:00,0,normal,26.9725,7.7387,6.3087,11.341,18.2841
2026-02-16 05:10:00+00:00,0,normal,27.0476,7.7518,6.1286,11.2487,18.2573
2026-02-16 05:20:00+00:00,0,normal,27.1777,7.7476,6.0833,11.0184,18.2681
2026-02-16 05:30:00+00:00,0,normal,27.1488,7.7609,6.1211,10.9468,18.2561
2026-02-16 05:40:00+00:00,0,normal,27.2208,7.7732,5.9438,10.7044,18.2574
2026-02-16 05:50:00+00:00,0,normal,27.373,7.8025,5.8539,10.7791,18.2337
2026-02-16 06:00:00+00:00,0,normal,27.3321,7.8146,5.9367,10.8551,18.2463
2026-02-16 06:10:00+00:00,0,normal,27.3377,7.8427,5.8327,10.9834,18.2431
2026-02-16 06:20:00+00:00,0,normal,27.4235,7.8511,5.7365,11.0308,18.2262
2026-02-16 06:30:00+00:00,0,normal,27.3885,7.8464,5.8616,11.1482,18.214
2026-02-16 06:40:00+00:00,0,normal,27.3293,7.8437,5.9872,10.9796,18.2289
2026-02-16 06:50:00+00:00,0,normal,27.4984,7.8409,5.8829,10.9589,18.2297
2026-02-16 07:00:00+00:00,0,normal,27.5388,7.8351,5.8741,10.7041,18.2253
2026-02-16 07:10:00+00:00,0,normal,27.5713,7.8322,5.8984,10.6736,18.2389
2026-02-16 07:20:00+00:00,0,normal,27.6123,7.8263,5.786,10.6664,18.2464
2026-02-16 07:30:00+00:00,0,normal,27.6818,7.8099,5.6017,10.9232,18.2369
2026-02-16 07:40:00+00:00,0,normal,27.6441,7.8027,5.5141,10.8676,18.2283
2026-02-16 07:50:00+00:00,0,normal,27.6212,7.8048,5.5157,11.0898,18.2127
2026-02-16 08:00:00+00:00,0,normal,27.756,7.8181,5.4419,11.3077,18.2035
2026-02-16 08:10:00+00:00,0,normal,27.7674,7.8204,5.4446,11.5172,18.1991
2026-02-16 08:20:00+00:00,0,normal,27.7702,7.8577,5.5304,11.4477,18.2113
2026-02-16 08:30:00+00:00,0,normal,27.8227,7.861,5.6141,11.3887,18.2078
2026-02-16 08:40:00+00:00,0,normal,27.9237,7.8653,5.6052,11.3544,18.2349
2026-02-16 08:50:00+00:00,0,normal,27.9356,7.8664,5.5688,11.1044,18.2533
2026-02-16 09:00:00+00:00,0,normal,27.9972,7.8755,5.5407,10.9012,18.25
2026-02-16 09:10:00+00:00,0,normal,27.9628,7.851,5.5219,11.0171,18.2307
2026-02-16 09:20:00+00:00,0,normal,27.9403,7.8636,5.4879,10.7308,18.2477
2026-02-16 09:30:00+00:00,0,normal,27.9169,7.8544,5.3975,10.7061,18.2312
2026-02-16 09:40:00+00:00,0,normal,27.8518,7.8496,5.4532,10.9132,18.2131
2026-02-16 09:50:00+00:00,0,normal,27.7749,7.8424,5.4622,10.8912,18.2011
2026-02-16 10:00:00+00:00,0,normal,27.8627,7.8276,5.4043,10.7729,18.1961
2026-02-16 10:10:00+00:00,0,normal,27.8747,7.8155,5.3858,10.8467,18.1618
2026-02-16 10:20:00+00:00,0,normal,27.9417,7.7982,5.359,10.9187,18.1634
2026-02-16 10:30:00+00:00,0,normal,28.0134,7.7939,5.283,10.842,18.1589
2026-02-16 10:40:00+00:00,0,normal,28.0605,7.7798,5.288,10.7969,18.1574
2026-02-16 10:50:00+00:00,0,normal,28.0386,7.7914,5.2882,10.6557,18.1518
2026-02-16 11:00:00+00:00,0,normal,28.0227,7.7793,5.3452,10.8571,18.1466
2026-02-16 11:10:00+00:00,0,normal,27.9785,7.7666,5.3965,10.6425,18.1273
2026-02-16 11:20:00+00:00,0,normal,27.8798,7.7637,5.3961,10.3798,18.119
2026-02-16 11:30:00+00:00,0,normal,27.8321,7.7524,5.4467,10.4235,18.0959
2026-02-16 11:40:00+00:00,0,normal,27.7861,7.7205,5.4985,10.594,18.0861
2026-02-16 11:50:00+00:00,0,normal,27.7917,7.7235,5.4928,10.4418,18.0836
2026-02-16 12:00:00+00:00,0,normal,27.7334,7.7469,5.5628,10.4065,18.0886
2026-02-16 12:10:00+00:00,0,normal,27.7592,7.7137,5.5734,10.4178,18.0766
2026-02-16 12:20:00+00:00,0,normal,27.7418,7.7017,5.525,10.3311,18.0756
2026-02-16 12:30:00+00:00,0,normal,27.7843,7.7058,5.5372,10.0628,18.069
2026-02-16 12:40:00+00:00,0,normal,27.721,7.673,5.6029,10.2667,18.0852
2026-02-16 12:50:00+00:00,0,normal,27.7566,7.6408,5.5663,10.3253,18.0668
2026-02-16 13:00:00+00:00,0,normal,27.6498,7.6439,5.6323,10.4444,18.0571
2026-02-16 13:10:00+00:00,0,normal,27.6402,7.6336,5.7146,10.3239,18.0529
2026-02-16 13:20:00+00:00,0,normal,27.5205,7.6083,5.7243,10.5,18.0578
2026-02-16 13:30:00+00:00,0,normal,27.5147,7.6044,5.6872,10.4166,18.0383
2026-02-16 13:40:00+00:00,0,normal,27.4427,7.607,5.7135,10.2685,18.0405
2026-02-16 13:50:00+00:00,0,normal,27.4891,7.566,5.7302,10.1397,18.0694
2026-02-16 14:00:00+00:00,0,normal,27.4864,7.5598,5.6573,10.1912,18.0684
2026-02-16 14:10:00+00:00,0,normal,27.4426,7.5778,5.6959,10.0572,18.0599
2026-02-16 14:20:00+00:00,0,normal,27.4135,7.5892,5.6895,10.0687,18.0566
2026-02-16 14:30:00+00:00,0,normal,27.3073,7.5701,5.7845,10.1774,18.0439
2026-02-16 14:40:00+00:00,0,normal,27.1674,7.5835,5.8571,10.3216,17.9962
2026-02-16 14:50:00+00:00,0,normal,27.0321,7.5771,5.9898,10.3839,18.0074
2026-02-16 15:00:00+00:00,0,normal,26.9789,7.5422,6.0123,10.4225,18.0006
2026-02-16 15:10:00+00:00,0,normal,26.9285,7.5209,6.0616,10.4036,17.984
2026-02-16 15:20:00+00:00,0,normal,26.8344,7.5185,6.1168,10.2949,17.9757
2026-02-16 15:30:00+00:00,0,normal,26.8145,7.4858,6.1616,10.2052,18.0042
2026-02-16 15:40:00+00:00,0,normal,26.856,7.4731,6.0817,10.0636,18.0073
2026-02-16 15:50:00+00:00,0,normal,26.8575,7.4695,6.1315,10.0616,17.9993
2026-02-16 16:00:00+00:00,0,normal,26.7725,7.4501,6.1654,9.9256,17.9896
2026-02-16 16:10:00+00:00,0,normal,26.736,7.4247,6.2055,10.1014,18.0021
2026-02-16 16:20:00+00:00,0,normal,26.6991,7.4291,6.269,10.1102,18.0032
2026-02-16 16:30:00+00:00,0,normal,26.5061,7.4101,6.3351,10.2127,18.0092
2026-02-16 16:40:00+00:00,0,normal,26.4509,7.4075,6.344,10.2471,18.0031
2026-02-16 16:50:00+00:00,0,normal,26.4097,7.4024,6.4121,10.366,18.0279
2026-02-16 17:00:00+00:00,0,normal,26.4718,7.3977,6.3692,10.2261,18.0169
2026-02-16 17:10:00+00:00,0,normal,26.3394,7.3757,6.4155,10.2872,17.9782
2026-02-16 17:20:00+00:00,0,normal,26.4028,7.3664,6.4872,10.1127,17.9469
2026-02-16 17:30:00+00:00,0,normal,26.3068,7.3489,6.5502,9.7939,17.9502
2026-02-16 17:40:00+00:00,0,normal,26.251,7.3307,6.5495,9.957,17.9399
2026-02-16 17:50:00+00:00,0,normal,26.0851,7.3282,6.6025,10.0022,17.9255
2026-02-16 18:00:00+00:00,0,normal,26.119,7.3374,6.5476,9.908,17.9494
2026-02-16 18:10:00+00:00,0,normal,26.0617,7.3456,6.5678,9.8813,17.9596
2026-02-16 18:20:00+00:00,0,normal,26.0821,7.3353,6.6018,10.1516,17.9742
2026-02-16 18:30:00+00:00,0,normal,26.0841,7.3316,6.6425,9.9711,17.9624
2026-02-16 18:40:00+00:00,0,normal,26.0671,7.3301,6.6813,10.1156,17.9769
2026-02-16 18:50:00+00:00,0,normal,25.9661,7.3204,6.7327,10.0475,17.9579
2026-02-16 19:00:00+00:00,0,normal,25.8506,7.301,6.7947,10.2199,17.9586
2026-02-16 19:10:00+00:00,0,normal,25.799,7.3093,6.801,10.3274,17.9463
2026-02-16 19:20:00+00:00,0,normal,25.696,7.3169,6.8421,10.3486,17.9502
2026-02-16 19:30:00+00:00,0,normal,25.7338,7.297,6.8793,10.3543,17.9457
2026-02-16 19:40:00+00:00,0,normal,25.7537,7.3094,6.9581,10.5897,17.9389
2026-02-16 19:50:00+00:00,0,normal,25.7816,7.3095,6.9416,10.6462,17.9431
2026-02-16 20:00:00+00:00,0,normal,25.6862,7.3147,7.0504,10.779,17.9458
2026-02-16 20:10:00+00:00,0,normal,25.7086,7.2993,7.0968,10.7413,17.9577
2026-02-16 20:20:00+00:00,0,normal,25.6275,7.3112,7.1285,10.8248,17.9681
2026-02-16 20:30:00+00:00,0,normal,25.5701,7.2964,7.1696,10.8432,17.9766
2026-02-16 20:40:00+00:00,0,normal,25.5602,7.2844,7.2155,10.6971,17.9637
2026-02-16 20:50:00+00:00,0,normal,25.5452,7.2773,7.208,10.6149,17.9494
2026-02-16 21:00:00+00:00,0,normal,25.4741,7.2719,7.2307,10.5996,17.9502
2026-02-16 21:10:00+00:00,0,normal,25.4799,7.2705,7.2314,10.4354,17.9437
2026-02-16 21:20:00+00:00,0,normal,25.4768,7.2861,7.2056,10.3319,17.9535
2026-02-16 21:30:00+00:00,0,normal,25.4575,7.3027,7.2278,10.5536,17.9543
2026-02-16 21:40:00+00:00,0,normal,25.437,7.2925,7.2452,10.3567,17.9604
2026-02-16 21:50:00+00:00,0,normal,25.4151,7.3212,7.2351,10.454,17.9619
2026-02-16 22:00:00+00:00,0,normal,25.4512,7.329,7.201,10.565,17.9781
2026-02-16 22:10:00+00:00,0,normal,25.5069,7.3242,7.1432,10.7499,17.9893
2026-02-16 22:20:00+00:00,0,normal,25.5211,7.3474,7.1268,10.6864,17.9915
2026-02-16 22:30:00+00:00,0,normal,25.5259,7.3519,7.1448,11.0133,18.0051
2026-02-16 22:40:00+00:00,0,normal,25.5634,7.3493,7.1363,11.0767,18.0045
2026-02-16 22:50:00+00:00,0,normal,25.5579,7.3662,7.1817,11.1206,17.9887
2026-02-16 23:00:00+00:00,0,normal,25.4989,7.3633,7.2396,11.1699,17.9957
2026-02-16 23:10:00+00:00,0,normal,25.4562,7.3734,7.257,11.4743,18.01
2026-02-16 23:20:00+00:00,0,normal,25.5516,7.3946,7.2221,11.3431,18.033
2026-02-16 23:30:00+00:00,0,normal,25.5771,7.4161,7.2476,11.2418,18.0267
2026-02-16 23:40:00+00:00,0,normal,25.6096,7.4261,7.21,11.3148,18.0057
2026-02-16 23:50:00+00:00,0,normal,25.5929,7.4436,7.2042,11.0399,17.9904
2026-02-17 00:00:00+00:00,0,normal,25.6573,7.4353,7.1887,10.7067,17.9773
2026-02-17 00:10:00+00:00,0,normal,25.6896,7.4474,7.0793,10.8944,17.9554
2026-02-17 00:20:00+00:00,0,normal,25.7195,7.4565,7.0112,11.059,17.9713
2026-02-17 00:30:00+00:00,0,normal,25.6756,7.4468,7.0413,10.937,17.9897
2026-02-17 00:40:00+00:00,0,normal,25.715,7.4486,6.9696,11.4575,17.9831
2026-02-17 00:50:00+00:00,0,normal,25.7684,7.4783,6.912,11.467,17.9822
2026-02-17 01:00:00+00:00,0,normal,25.701,7.4782,6.9726,11.4091,18.0015
2026-02-17 01:10:00+00:00,0,normal,25.7331,7.4861,7.0699,11.2756,17.9827
2026-02-17 01:20:00+00:00,0,normal,25.7366,7.5029,7.0672,11.5822,17.9914
2026-02-17 01:30:00+00:00,0,normal,25.8746,7.5288,7.0811,11.1944,18.0168
2026-02-17 01:40:00+00:00,0,normal,25.9187,7.5401,7.0501,11.3297,18.0299
2026-02-17 01:50:00+00:00,0,normal,25.9883,7.559,7.0328,11.0764,17.9914
2026-02-17 02:00:00+00:00,0,normal,25.9945,7.5625,6.8708,11.406,17.9924
2026-02-17 02:10:00+00:00,0,normal,26.1399,7.5787,6.7614,11.1542,17.9852
2026-02-17 02:20:00+00:00,0,normal,26.1175,7.5839,6.7419,11.2765,17.9539
2026-02-17 02:30:00+00:00,0,normal,26.0842,7.5726,6.7264,11.3185,17.9446
2026-02-17 02:40:00+00:00,0,normal,26.0708,7.5775,6.7219,11.466,17.9412
2026-02-17 02:50:00+00:00,0,normal,26.1391,7.6082,6.75,11.0002,17.9492
2026-02-17 03:00:00+00:00,0,normal,26.0822,7.6231,6.7551,11.0503,17.9557
2026-02-17 03:10:00+00:00,0,normal,26.1244,7.6355,6.68,10.9738,17.9655
2026-02-17 03:20:00+00:00,0,normal,26.2431,7.6649,6.6348,11.0136,17.9539
2026-02-17 03:30:00+00:00,0,normal,26.3457,7.6687,6.5505,11.3145,17.9912
2026-02-17 03:40:00+00:00,0,normal,26.4348,7.6788,6.4705,11.6336,17.9834
2026-02-17 03:50:00+00:00,0,normal,26.5146,7.6961,6.4555,11.7554,17.9932
2026-02-17 04:00:00+00:00,0,normal,26.593,7.731,6.415,11.7528,17.9983
2026-02-17 04:10:00+00:00,0,normal,26.6891,7.7436,6.4306,11.5733,18.0275
2026-02-17 04:20:00+00:00,0,normal,26.7439,7.7718,6.4531,11.3056,18.0199
2026-02-17 04:30:00+00:00,0,normal,26.7986,7.7808,6.4311,11.1519,18.0255
2026-02-17 04:40:00+00:00,0,normal,26.8218,7.7714,6.3784,11.0487,18.0074
2026-02-17 04:50:00+00:00,0,normal,26.9274,7.7593,6.3151,11.0238,18.0194
2026-02-17 05:00:00+00:00,0,normal,26.8939,7.754,6.2745,10.9785,18.0035
2026-02-17 05:10:00+00:00,0,normal,26.9966,7.7733,6.1771,11.1425,17.9899
2026-02-17 05:20:00+00:00,0,normal,27.0301,7.761,6.1329,11.2006,17.9862
2026-02-17 05:30:00+00:00,0,normal,27.1595,7.7695,6.0571,11.1616,17.992
2026-02-17 05:40:00+00:00,0,normal,27.1791,7.7809,6.0616,11.0853,17.9866
2026-02-17 05:50:00+00:00,0,normal,27.2294,7.7947,6.016,11.2075,17.9698
2026-02-17 06:00:00+00:00,0,normal,27.2792,7.7825,5.9445,10.9621,17.9968
2026-02-17 06:10:00+00:00,0,normal,27.3036,7.801,5.9289,10.8343,18.0004
2026-02-17 06:20:00+00:00,0,normal,27.3557,7.8277,5.884,10.8756,17.9985
2026-02-17 06:30:00+00:00,0,normal,27.3624,7.8395,5.8316,10.9319,17.9924
2026-02-17 06:40:00+00:00,0,normal,27.4347,7.8422,5.7822,11.0519,17.9931
2026-02-17 06:50:00+00:00,0,normal,27.4209,7.8489,5.775,11.0919,17.9702
2026-02-17 07:00:00+00:00,0,normal,27.4905,7.8635,5.7026,11.2196,17.9691
2026-02-17 07:10:00+00:00,0,normal,27.4628,7.8511,5.7553,11.1943,17.9637
2026-02-17 07:20:00+00:00,0,normal,27.523,7.8525,5.7265,11.2705,17.9614
2026-02-17 07:30:00+00:00,0,normal,27.5476,7.8684,5.7621,11.0773,17.9791
2026-02-17 07:40:00+00:00,0,normal,27.5785,7.8781,5.7744,11.1968,17.9682
2026-02-17 07:50:00+00:00,0,normal,27.6066,7.8544,5.7473,11.0348,17.9701
2026-02-17 08:00:00+00:00,0,normal,27.68,7.8458,5.7061,11.0097,17.9686
2026-02-17 08:10:00+00:00,0,normal,27.6768,7.8331,5.6866,10.8141,17.9773
2026-02-17 08:20:00+00:00,0,normal,27.6965,7.821,5.6716,10.8721,17.9781
2026-02-17 08:30:00+00:00,0,normal,27.7035,7.8157,5.6459,10.8494,17.9844
2026-02-17 08:40:00+00:00,0,normal,27.8115,7.8473,5.6306,11.0182,17.9617
2026-02-17 08:50:00+00:00,0,normal,27.8642,7.862,5.5616,11.1074,17.9571
2026-02-17 09:00:00+00:00,0,normal,27.9134,7.8608,5.5623,11.1837,17.9446
2026-02-17 09:10:00+00:00,0,normal,27.9752,7.8435,5.4559,11.2738,17.9234
2026-02-17 09:20:00+00:00,0,normal,27.9528,7.8448,5.4223,11.0763,17.9191
2026-02-17 09:30:00+00:00,0,normal,27.7866,7.812,5.4859,10.9411,17.9267
2026-02-17 09:40:00+00:00,0,normal,27.742,7.7874,5.5323,10.8152,17.922
2026-02-17 09:50:00+00:00,0,normal,27.6882,7.7826,5.5053,10.9182,17.9007
2026-02-17 10:00:00+00:00,0,normal,27.6407,7.7758,5.5791,10.734,17.9152
2026-02-17 10:10:00+00:00,0,normal,27.7202,7.7594,5.5874,10.8626,17.9106
2026-02-17 10:20:00+00:00,0,normal,27.8439,7.7594,5.5023,10.9145,17.8979
2026-02-17 10:30:00+00:00,0,normal,27.8134,7.7567,5.4663,10.9133,17.8867
2026-02-17 10:40:00+00:00,0,normal,27.8712,7.7481,5.5354,10.702,17.8971
2026-02-17 10:50:00+00:00,0,normal,27.8716,7.7432,5.5145,10.6963,17.8768
2026-02-17 11:00:00+00:00,0,normal,27.8657,7.7328,5.5336,10.5861,17.8761
2026-02-17 11:10:00+00:00,0,normal,27.8005,7.7128,5.5694,10.5746,17.8652
2026-02-17 11:20:00+00:00,0,normal,27.8757,7.7124,5.5676,10.4258,17.8697
2026-02-17 11:30:00+00:00,0,normal,27.8396,7.6987,5.5369,10.3551,17.8519
2026-02-17 11:40:00+00:00,0,normal,27.8828,7.7045,5.4831,10.1407,17.8629
2026-02-17 11:50:00+00:00,0,normal,27.8195,7.701,5.4817,10.2112,17.852
2026-02-17 12:00:00+00:00,0,normal,27.8405,7.7131,5.5187,10.2567,17.8459
2026-02-17 12:10:00+00:00,0,normal,27.7619,7.7216,5.5919,10.1036,17.8462
2026-02-17 12:20:00+00:00,0,normal,27.7251,7.7249,5.5939,10.2338,17.8563
2026-02-17 12:30:00+00:00,0,normal,27.6532,7.7108,5.5955,10.4072,17.8322
2026-02-17 12:40:00+00:00,0,normal,27.6382,7.7056,5.657,10.44,17.8162
2026-02-17 12:50:00+00:00,0,normal,27.481,7.6818,5.7529,10.2946,17.8
2026-02-17 13:00:00+00:00,0,normal,27.3365,7.6486,5.7877,10.558,17.7962
2026-02-17 13:10:00+00:00,0,normal,27.3559,7.6337,5.8515,10.4859,17.7641
2026-02-17 13:20:00+00:00,0,normal,27.3375,7.6099,5.9203,10.4355,17.7614
2026-02-17 13:30:00+00:00,0,normal,27.3746,7.6031,5.8299,10.3706,17.748
2026-02-17 13:40:00+00:00,0,normal,27.4267,7.5916,5.7198,10.4977,17.779
2026-02-17 13:50:00+00:00,0,normal,27.4459,7.5956,5.6653,10.2843,17.776
2026-02-17 14:00:00+00:00,0,normal,27.3391,7.5892,5.6672,10.4438,17.7895
2026-02-17 14:10:00+00:00,0,normal,27.2479,7.5787,5.6941,10.4001,17.7945
2026-02-17 14:20:00+00:00,0,normal,27.0953,7.5653,5.7857,10.0481,17.804
2026-02-17 14:30:00+00:00,0,normal,27.1057,7.5337,5.8307,9.9205,17.7757
2026-02-17 14:40:00+00:00,0,normal,27.1823,7.5326,5.8769,10.1066,17.744
2026-02-17 14:50:00+00:00,0,normal,27.163,7.5023,5.8802,9.806,17.7438
2026-02-17 15:00:00+00:00,0,normal,27.1099,7.5007,5.9091,9.6879,17.7209
2026-02-17 15:10:00+00:00,0,normal,27.0464,7.4814,5.9542,9.8837,17.7405
2026-02-17 15:20:00+00:00,0,normal,26.989,7.503,6.0265,9.8081,17.7337
2026-02-17 15:30:00+00:00,0,normal,26.8568,7.4676,6.071,9.8988,17.7538
2026-02-17 15:40:00+00:00,0,normal,26.7745,7.448,6.149,10.0637,17.7542
2026-02-17 15:50:00+00:00,0,normal,26.7371,7.4307,6.2527,10.3605,17.7474
2026-02-17 16:00:00+00:00,0,normal,26.7074,7.4156,6.3868,10.4369,17.7169
2026-02-17 16:10:00+00:00,0,normal,26.6016,7.3743,6.4408,10.6785,17.7212
2026-02-17 16:20:00+00:00,0,normal,26.4915,7.3649,6.5255,10.4308,17.74
2026-02-17 16:30:00+00:00,0,normal,26.4857,7.3672,6.4958,10.4218,17.723
2026-02-17 16:40:00+00:00,0,normal,26.4094,7.3655,6.5077,10.1715,17.7216
2026-02-17 16:50:00+00:00,0,normal,26.4173,7.3593,6.4298,10.2418,17.7271
2026-02-17 17:00:00+00:00,0,normal,26.3503,7.386,6.4835,10.197,17.7168
2026-02-17 17:10:00+00:00,0,normal,26.3433,7.3772,6.4717,10.3972,17.6822
2026-02-17 17:20:00+00:00,0,normal,26.2071,7.3785,6.5935,10.4004,17.6777
2026-02-17 17:30:00+00:00,0,normal,26.1855,7.3646,6.6258,10.4173,17.6902
2026-02-17 17:40:00+00:00,0,normal,26.0603,7.3413,6.7569,10.3277,17.6784
2026-02-17 17:50:00+00:00,0,normal,25.999,7.3144,6.8212,10.1407,17.6794
2026-02-17 18:00:00+00:00,0,normal,25.9539,7.3173,6.9095,10.1572,17.6877
2026-02-17 18:10:00+00:00,0,normal,25.953,7.3153,6.9412,10.136,17.6926
2026-02-17 18:20:00+00:00,0,normal,25.8164,7.3046,6.9851,10.2634,17.6865
2026-02-17 18:30:00+00:00,0,normal,25.793,7.3022,6.9723,10.5257,17.6727
2026-02-17 18:40:00+00:00,0,normal,25.794,7.3075,6.9109,10.7028,17.6832
2026-02-17 18:50:00+00:00,0,normal,25.7365,7.2997,6.9037,10.735,17.668
2026-02-17 19:00:00+00:00,0,normal,25.6818,7.2976,6.9757,10.7418,17.6668
2026-02-17 19:10:00+00:00,0,normal,25.7084,7.298,7.0074,10.687,17.649
2026-02-17 19:20:00+00:00,0,normal,25.6732,7.2935,7.0202,10.5829,17.6681
2026-02-17 19:30:00+00:00,0,normal,25.5702,7.2871,7.116,10.6774,17.6636
2026-02-17 19:40:00+00:00,0,normal,25.547,7.2822,7.1421,10.4366,17.6652
2026-02-17 19:50:00+00:00,0,normal,25.5573,7.2882,7.0229,10.4556,17.6544
2026-02-17 20:00:00+00:00,0,normal,25.482,7.2881,7.0109,10.4963,17.6812
2026-02-17 20:10:00+00:00,0,normal,25.4434,7.3023,7.0518,10.4527,17.6719
2026-02-17 20:20:00+00:00,0,normal,25.4031,7.3011,7.0396,10.4293,17.6784
2026-02-17 20:30:00+00:00,0,normal,25.4128,7.2985,7.0444,10.552,17.6901
2026-02-17 20:40:00+00:00,0,normal,25.3503,7.2796,7.112,10.5903,17.6908
2026-02-17 20:50:00+00:00,0,normal,25.3363,7.2808,7.1445,10.4981,17.6874
2026-02-17 21:00:00+00:00,0,normal,25.3342,7.2763,7.1337,10.3631,17.6908
2026-02-17 21:10:00+00:00,0,normal,25.3239,7.2737,7.205,10.4326,17.689
2026-02-17 21:20:00+00:00,0,normal,25.2384,7.2965,7.2908,10.5507,17.6718
2026-02-17 21:30:00+00:00,0,normal,25.1771,7.3131,7.3412,10.717,17.6791
2026-02-17 21:40:00+00:00,0,normal,25.1595,7.3208,7.3879,10.9159,17.674
2026-02-17 21:50:00+00:00,0,normal,25.1977,7.3503,7.3301,11.0147,17.6786
2026-02-17 22:00:00+00:00,0,normal,25.2096,7.3511,7.3014,10.8749,17.6773
2026-02-17 22:10:00+00:00,0,normal,25.2609,7.3646,7.2763,10.8804,17.6796
2026-02-17 22:20:00+00:00,0,normal,25.2831,7.3585,7.2909,10.9539,17.6769
2026-02-17 22:30:00+00:00,0,normal,25.3509,7.3837,7.2947,10.9439,17.6839
2026-02-17 22:40:00+00:00,0,normal,25.2696,7.3905,7.4066,10.9826,17.6818
2026-02-17 22:50:00+00:00,0,normal,25.3042,7.3911,7.398,10.9169,17.6753
2026-02-17 23:00:00+00:00,0,normal,25.2985,7.389,7.363,10.6882,17.6764
2026-02-17 23:10:00+00:00,0,normal,25.424,7.4046,7.2905,10.6612,17.6788
2026-02-17 23:20:00+00:00,0,normal,25.4331,7.3899,7.197,10.9504,17.6646
2026-02-17 23:30:00+00:00,0,normal,25.4648,7.3863,7.1131,11.0723,17.6764
2026-02-17 23:40:00+00:00,0,normal,25.5064,7.4035,7.1163,11.2071,17.6784
2026-02-17 23:50:00+00:00,0,normal,25.6019,7.4082,7.1263,11.6492,17.6778
2026-02-18 00:00:00+00:00,0,normal,25.4822,7.405,7.1609,11.6198,18.2317
2026-02-18 00:10:00+00:00,0,normal,25.454,7.4192,7.219,11.5367,18.23
2026-02-18 00:20:00+00:00,0,normal,25.4936,7.4376,7.1875,11.4882,18.2173
2026-02-18 00:30:00+00:00,0,normal,25.4829,7.4588,7.1245,11.5149,18.2351
2026-02-18 00:40:00+00:00,0,normal,25.4248,7.4574,7.1055,11.3155,18.2366
2026-02-18 00:50:00+00:00,0,normal,25.4692,7.4824,7.0969,11.375,18.2386
2026-02-18 01:00:00+00:00,0,normal,25.5847,7.4834,6.9736,11.1844,18.2725
2026-02-18 01:10:00+00:00,0,normal,25.5784,7.4731,7.0746,11.232,18.2839
2026-02-18 01:20:00+00:00,0,normal,25.6242,7.4776,7.0754,11.1221,18.2685
2026-02-18 01:30:00+00:00,0,normal,25.7135,7.5019,6.9823,11.2082,18.2618
2026-02-18 01:40:00+00:00,0,normal,25.8006,7.5147,6.954,11.3946,18.2658
2026-02-18 01:50:00+00:00,0,normal,25.7575,7.5396,7.0232,11.6055,18.2403
2026-02-18 02:00:00+00:00,0,normal,25.8042,7.5588,6.9503,11.7014,18.2442
2026-02-18 02:10:00+00:00,0,normal,25.8485,7.5673,6.9102,11.9066,18.2438
2026-02-18 02:20:00+00:00,0,normal,25.8302,7.5821,6.9532,11.6058,18.2652
2026-02-18 02:30:00+00:00,0,normal,25.8864,7.5843,6.9422,11.3381,18.2776
2026-02-18 02:40:00+00:00,0,normal,25.9199,7.5942,6.8755,11.3196,18.2914
2026-02-18 02:50:00+00:00,0,normal,26.0473,7.6089,6.7692,10.9689,18.2752
2026-02-18 03:00:00+00:00,0,normal,26.1103,7.6332,6.7655,10.8457,18.2827
2026-02-18 03:10:00+00:00,0,normal,26.1955,7.6274,6.6858,11.0991,18.2894
2026-02-18 03:20:00+00:00,0,normal,26.2919,7.6566,6.5956,10.9833,18.2631
2026-02-18 03:30:00+00:00,0,normal,26.379,7.678,6.5693,10.8316,18.2725
2026-02-18 03:40:00+00:00,0,normal,26.3764,7.6961,6.566,11.2116,18.2858
2026-02-18 03:50:00+00:00,0,normal,26.4056,7.7019,6.496,10.8511,18.2902
2026-02-18 04:00:00+00:00,0,normal,26.4452,7.7132,6.4411,10.8908,18.2783
2026-02-18 04:10:00+00:00,0,normal,26.4436,7.7366,6.4449,11.1543,18.2922
2026-02-18 04:20:00+00:00,0,normal,26.4829,7.7245,6.4613,11.257,18.2686
2026-02-18 04:30:00+00:00,0,normal,26.4897,7.7308,6.4511,11.2628,18.2807
2026-02-18 04:40:00+00:00,0,normal,26.5425,7.7417,6.4583,11.6066,18.291
2026-02-18 04:50:00+00:00,0,normal,26.6153,7.7551,6.4346,11.473,18.3127
2026-02-18 05:00:00+00:00,0,normal,26.676,7.7405,6.3595,11.3388,18.2954
2026-02-18 05:10:00+00:00,0,normal,26.8012,7.7568,6.2663,11.2937,18.3054
2026-02-18 05:20:00+00:00,0,normal,26.9959,7.7678,6.1812,11.0686,18.2941
2026-02-18 05:30:00+00:00,0,normal,27.0942,7.7776,6.0872,11.0876,18.2702
2026-02-18 05:40:00+00:00,0,normal,27.181,7.8113,6.0699,11.0909,18.2527
2026-02-18 05:50:00+00:00,0,normal,27.2528,7.8272,5.9987,10.9897,18.254
2026-02-18 06:00:00+00:00,0,normal,27.3193,7.8437,5.9307,10.8972,18.2625
2026-02-18 06:10:00+00:00,0,normal,27.3625,7.8507,5.9136,10.994,18.2428
2026-02-18 06:20:00+00:00,0,normal,27.4153,7.8702,5.9096,10.8911,18.2493
2026-02-18 06:30:00+00:00,0,normal,27.4355,7.8411,5.8914,10.8278,18.2507
2026-02-18 06:40:00+00:00,0,normal,27.4438,7.8326,5.9476,10.7873,18.2558
2026-02-18 06:50:00+00:00,0,normal,27.4225,7.8117,5.9417,10.918,18.2523
2026-02-18 07:00:00+00:00,0,normal,27.384,7.8111,5.8607,10.9296,18.247
2026-02-18 07:10:00+00:00,0,normal,27.4109,7.8047,5.7964,11.1052,18.2415
2026-02-18 07:20:00+00:00,0,normal,27.3965,7.8044,5.784,11.2477,18.2162
2026-02-18 07:30:00+00:00,0,normal,27.4323,7.8211,5.7482,11.4064,18.2115
2026-02-18 07:40:00+00:00,0,normal,27.3825,7.8291,5.7543,11.3587,18.1914
2026-02-18 07:50:00+00:00,0,normal,27.4883,7.8258,5.7178,11.3156,18.1994
2026-02-18 08:00:00+00:00,0,normal,27.4877,7.8182,5.6875,11.2612,18.2075
2026-02-18 08:10:00+00:00,0,normal,27.5577,7.8436,5.607,11.1366,18.2084
2026-02-18 08:20:00+00:00,0,normal,27.6427,7.8254,5.4715,10.9381,18.1975
2026-02-18 08:30:00+00:00,0,normal,27.7618,7.8382,5.407,11.0711,18.1941
2026-02-18 08:40:00+00:00,0,normal,27.7732,7.8462,5.4251,11.0126,18.196
2026-02-18 08:50:00+00:00,0,normal,27.7556,7.8464,5.4492,11.0574,18.1849
2026-02-18 09:00:00+00:00,0,normal,27.8424,7.8384,5.408,10.9937,18.2015
2026-02-18 09:10:00+00:00,0,normal,27.8438,7.8493,5.4385,11.0443,18.1917
2026-02-18 09:20:00+00:00,0,normal,27.8529,7.8379,5.4258,10.7207,18.2063
2026-02-18 09:30:00+00:00,0,normal,27.8623,7.8421,5.3958,10.7544,18.1932
2026-02-18 09:40:00+00:00,0,normal,27.8727,7.8315,5.4109,10.5473,18.1815
2026-02-18 09:50:00+00:00,0,normal,27.7813,7.8141,5.4582,10.5834,18.1665
2026-02-18 10:00:00+00:00,0,normal,27.7972,7.8145,5.5697,10.8192,18.1614
2026-02-18 10:10:00+00:00,0,normal,27.7231,7.8042,5.6075,11.0199,18.1374
2026-02-18 10:20:00+00:00,0,normal,27.6902,7.7839,5.651,10.9968,18.1486
2026-02-18 10:30:00+00:00,0,normal,27.7473,7.7747,5.5895,10.9083,18.1517
2026-02-18 10:40:00+00:00,0,normal,27.8221,7.7964,5.5424,10.7411,18.1418
2026-02-18 10:50:00+00:00,0,normal,27.7043,7.792,5.5438,10.6091,18.1581
2026-02-18 11:00:00+00:00,0,normal,27.8182,7.7949,5.5331,10.2659,18.1608
2026-02-18 11:10:00+00:00,0,normal,27.7644,7.7864,5.4876,10.1156,18.1443
2026-02-18 11:20:00+00:00,0,normal,27.7133,7.7824,5.4887,10.1357,18.1377
2026-02-18 11:30:00+00:00,0,normal,27.5803,7.7418,5.5574,10.2157,18.1296
2026-02-18 11:40:00+00:00,0,normal,27.5778,7.7136,5.4938,10.0382,18.1138
2026-02-18 11:50:00+00:00,0,normal,27.5118,7.7023,5.4464,10.1468,18.1016
2026-02-18 12:00:00+00:00,0,normal,27.4671,7.673,5.5298,10.0469,18.0768
2026-02-18 12:10:00+00:00,0,normal,27.483,7.6672,5.4988,10.1434,18.0732
2026-02-18 12:20:00+00:00,0,normal,27.4742,7.6604,5.5156,10.3422,18.0758
2026-02-18 12:30:00+00:00,0,normal,27.4388,7.6512,5.5767,10.18,18.0769
2026-02-18 12:40:00+00:00,0,normal,27.3723,7.6382,5.689,10.2986,18.0814
2026-02-18 12:50:00+00:00,0,normal,27.3897,7.6401,5.6788,10.4735,18.1013
2026-02-18 13:00:00+00:00,0,normal,27.3164,7.6325,5.8277,10.4769,18.0993
2026-02-18 13:10:00+00:00,0,normal,27.3031,7.6275,5.8477,10.3182,18.1075
2026-02-18 13:20:00+00:00,0,normal,27.3317,7.6291,5.846,10.4273,18.1073
2026-02-18 13:30:00+00:00,0,normal,27.3479,7.6254,5.7955,10.4738,18.0885
2026-02-18 13:40:00+00:00,0,normal,27.2813,7.614,5.8883,10.4365,18.0864
2026-02-18 13:50:00+00:00,0,normal,27.209,7.5985,5.8826,10.1652,18.0653
2026-02-18 14:00:00+00:00,0,normal,27.1643,7.5641,5.9528,10.1523,18.0393
2026-02-18 14:10:00+00:00,0,normal,27.1088,7.5582,6.0052,10.212,18.0288
2026-02-18 14:20:00+00:00,0,normal,26.9686,7.5397,6.1123,9.9971,18.0409
2026-02-18 14:30:00+00:00,0,normal,26.8979,7.5483,6.1203,9.9233,18.0364
2026-02-18 14:40:00+00:00,0,normal,26.8588,7.5237,6.1443,10.1765,18.0462
2026-02-18 14:50:00+00:00,0,normal,26.7969,7.5193,6.1082,10.1016,18.0496
2026-02-18 15:00:00+00:00,0,normal,26.7,7.4898,6.1408,10.1139,18.0529
2026-02-18 15:10:00+00:00,0,normal,26.7248,7.4831,6.1513,10.1191,18.0436
2026-02-18 15:20:00+00:00,0,normal,26.6451,7.4538,6.1363,10.0046,18.0264
2026-02-18 15:30:00+00:00,0,normal,26.5597,7.4506,6.1921,10.014,18.0197
2026-02-18 15:40:00+00:00,0,normal,26.5002,7.4438,6.287,10.231,18.0146
2026-02-18 15:50:00+00:00,0,normal,26.4661,7.4174,6.3445,10.073,18.0019
2026-02-18 16:00:00+00:00,0,normal,26.3328,7.4022,6.4257,10.2856,17.9896
2026-02-18 16:10:00+00:00,0,normal,26.3131,7.3791,6.4523,10.4202,17.9872
2026-02-18 16:20:00+00:00,0,normal,26.2999,7.3571,6.4417,10.11,17.9759
2026-02-18 16:30:00+00:00,0,normal,26.2423,7.3495,6.444,9.825,17.9726
2026-02-18 16:40:00+00:00,0,normal,26.1987,7.3579,6.4765,10.0252,17.9791
2026-02-18 16:50:00+00:00,0,normal,26.1722,7.3655,6.4609,9.7459,17.9928
2026-02-18 17:00:00+00:00,0,normal,26.1926,7.3808,6.5487,9.6844,18.0
2026-02-18 17:10:00+00:00,0,normal,26.1704,7.3993,6.5876,9.9251,18.0009
2026-02-18 17:20:00+00:00,0,normal,26.102,7.3998,6.662,10.1394,17.9803
2026-02-18 17:30:00+00:00,0,normal,26.047,7.3914,6.6272,10.101,17.9937
2026-02-18 17:40:00+00:00,0,normal,26.0232,7.3902,6.6661,10.4613,17.9714
2026-02-18 17:50:00+00:00,0,normal,25.9625,7.3622,6.6386,10.4497,17.9581
2026-02-18 18:00:00+00:00,0,normal,25.8731,7.3371,6.7603,10.4806,17.9664
2026-02-18 18:10:00+00:00,0,normal,25.8807,7.3251,6.732,10.493,17.9727
2026-02-18 18:20:00+00:00,0,normal,25.8308,7.3242,6.7497,10.564,17.9526
2026-02-18 18:30:00+00:00,0,normal,25.8333,7.2902,6.7167,10.5208,17.9533
2026-02-18 18:40:00+00:00,0,normal,25.7907,7.3045,6.7835,10.5773,17.9557
2026-02-18 18:50:00+00:00,0,normal,25.7755,7.3107,6.7432,10.6536,17.9435
2026-02-18 19:00:00+00:00,0,normal,25.696,7.3155,6.836,10.5181,17.9416
2026-02-18 19:10:00+00:00,0,normal,25.6719,7.3123,6.902,10.4481,17.9362
2026-02-18 19:20:00+00:00,0,normal,25.5726,7.3293,7.0496,10.4053,17.9488
2026-02-18 19:30:00+00:00,0,normal,25.5492,7.3206,7.063,10.5787,17.9498
2026-02-18 19:40:00+00:00,0,normal,25.5093,7.3183,7.1407,10.5888,17.9803
2026-02-18 19:50:00+00:00,0,normal,25.4704,7.3029,7.1189,10.7202,17.9915
2026-02-18 20:00:00+00:00,0,normal,25.4038,7.2847,7.1199,10.7402,17.9817
2026-02-18 20:10:00+00:00,0,normal,25.3368,7.2848,7.0977,10.7662,17.9676
2026-02-18 20:20:00+00:00,0,normal,25.2686,7.2763,7.1154,10.921,17.9509
2026-02-18 20:30:00+00:00,0,normal,25.2106,7.2767,7.0792,10.974,17.9293
2026-02-18 20:40:00+00:00,0,normal,25.2412,7.2922,7.118,11.0282,17.9432
2026-02-18 20:50:00+00:00,0,normal,25.1899,7.3119,7.1899,10.9088,17.9619
2026-02-18 21:00:00+00:00,0,normal,25.2191,7.286,7.2155,10.7785,17.9596
2026-02-18 21:10:00+00:00,0,normal,25.2236,7.3053,7.2739,10.5252,17.9697
2026-02-18 21:20:00+00:00,0,normal,25.1611,7.3001,7.2954,10.5547,17.9674
2026-02-18 21:30:00+00:00,0,normal,25.182,7.2955,7.2972,10.4333,17.9491
2026-02-18 21:40:00+00:00,0,normal,25.2034,7.2887,7.2631,10.6783,17.9346
2026-02-18 21:50:00+00:00,0,normal,25.1963,7.3179,7.2486,10.8083,17.9344
2026-02-18 22:00:00+00:00,0,normal,25.1703,7.3207,7.1877,10.907,17.9602
2026-02-18 22:10:00+00:00,0,normal,25.2712,7.3311,7.2202,10.8071,17.9505
2026-02-18 22:20:00+00:00,0,normal,25.208,7.3294,7.1804,10.8685,17.9639
2026-02-18 22:30:00+00:00,0,normal,25.2612,7.3313,7.1588,10.7146,17.9779
2026-02-18 22:40:00+00:00,0,normal,25.2791,7.3365,7.135,10.7925,17.9804
2026-02-18 22:50:00+00:00,0,normal,25.3287,7.3281,7.1701,10.7687,17.9653
2026-02-18 23:00:00+00:00,0,normal,25.3304,7.3357,7.1441,10.6974,17.9619
2026-02-18 23:10:00+00:00,0,normal,25.4026,7.3814,7.191,10.8108,17.9689
2026-02-18 23:20:00+00:00,0,normal,25.4129,7.4036,7.2209,11.3173,17.9573
2026-02-18 23:30:00+00:00,0,normal,25.3451,7.4083,7.3179,11.2505,17.9698
2026-02-18 23:40:00+00:00,0,normal,25.394,7.421,7.3099,11.463,17.9665
2026-02-18 23:50:00+00:00,0,normal,25.3749,7.4187,7.2911,11.3189,17.9688
2026-02-19 00:00:00+00:00,0,normal,25.3806,7.4107,7.2381,11.2859,17.967
2026-02-19 00:10:00+00:00,0,normal,25.3738,7.4126,7.2892,11.0352,17.9721
2026-02-19 00:20:00+00:00,0,normal,25.5038,7.4321,7.2335,11.0793,17.9539
2026-02-19 00:30:00+00:00,0,normal,25.4138,7.4476,7.2842,10.8463,17.9637
2026-02-19 00:40:00+00:00,0,normal,25.4878,7.5037,7.3055,11.1469,17.9672
2026-02-19 00:50:00+00:00,0,normal,25.4575,7.5002,7.3496,11.3034,17.9605
2026-02-19 01:00:00+00:00,0,normal,25.5478,7.5202,7.2637,11.4519,17.9744
2026-02-19 01:10:00+00:00,0,normal,25.5617,7.5127,7.2123,11.5844,17.9955
2026-02-19 01:20:00+00:00,0,normal,25.6581,7.536,7.1881,11.6158,18.001
2026-02-19 01:30:00+00:00,0,normal,25.5973,7.5154,7.1623,11.6085,17.9971
2026-02-19 01:40:00+00:00,0,normal,25.6444,7.5239,7.1245,11.49,18.0077
2026-02-19 01:50:00+00:00,0,normal,25.645,7.528,7.0495,11.1726,17.9986
2026-02-19 02:00:00+00:00,0,normal,25.6812,7.5598,6.9755,11.0513,17.9837
2026-02-19 02:10:00+00:00,0,normal,25.7274,7.5736,6.9476,11.0887,17.9547
2026-02-19 02:20:00+00:00,0,normal,25.8386,7.5719,6.9202,10.9934,17.9646
2026-02-19 02:30:00+00:00,0,normal,25.891,7.5883,6.8704,11.1206,17.9476
2026-02-19 02:40:00+00:00,0,normal,25.9674,7.6206,6.8807,11.2715,17.9441
2026-02-19 02:50:00+00:00,0,normal,25.9269,7.6138,6.8896,11.2263,17.9607
2026-02-19 03:00:00+00:00,0,normal,25.9639,7.615,6.7884,11.2799,17.9989
2026-02-19 03:10:00+00:00,0,normal,26.0161,7.6484,6.6852,11.3122,17.9941
2026-02-19 03:20:00+00:00,0,normal,26.0333,7.6501,6.6616,11.1644,18.0024
2026-02-19 03:30:00+00:00,0,normal,26.0552,7.6348,6.6574,11.198,18.0045
2026-02-19 03:40:00+00:00,0,normal,26.2342,7.6506,6.6194,11.3235,17.9927
2026-02-19 03:50:00+00:00,0,normal,26.3034,7.6713,6.6382,11.2529,17.9681
2026-02-19 04:00:00+00:00,0,normal,26.3639,7.682,6.6524,11.3944,17.9909
2026-02-19 04:10:00+00:00,0,normal,26.4817,7.7139,6.514,11.447,17.99
2026-02-19 04:20:00+00:00,0,normal,26.5543,7.732,6.5069,11.2606,17.993
2026-02-19 04:30:00+00:00,0,normal,26.5603,7.7523,6.4481,11.1884,17.9952
2026-02-19 04:40:00+00:00,0,normal,26.5511,7.7464,6.392,11.2893,18.0043
2026-02-19 04:50:00+00:00,0,normal,26.586,7.7505,6.355,11.2845,17.983
2026-02-19 05:00:00+00:00,0,normal,26.6371,7.7609,6.4037,11.1014,17.9993
2026-02-19 05:10:00+00:00,0,normal,26.6564,7.7841,6.3191,11.2232,18.0022
2026-02-19 05:20:00+00:00,0,normal,26.6733,7.7796,6.3255,11.2372,18.0084
2026-02-19 05:30:00+00:00,0,normal,26.6883,7.7835,6.2563,10.9727,18.0075
2026-02-19 05:40:00+00:00,0,normal,26.791,7.7998,6.2739,10.841,18.0235
2026-02-19 05:50:00+00:00,0,normal,26.7902,7.8082,6.2728,11.0712,18.0042
2026-02-19 06:00:00+00:00,0,normal,26.8516,7.7951,6.2301,11.1942,17.9958
2026-02-19 06:10:00+00:00,0,normal,26.9809,7.7956,6.2131,10.999,17.994
2026-02-19 06:20:00+00:00,0,normal,27.0402,7.816,6.1796,11.3026,17.998
2026-02-19 06:30:00+00:00,0,normal,27.0532,7.7929,6.1047,11.171,17.9946
2026-02-19 06:40:00+00:00,0,normal,27.1099,7.7706,6.0262,11.256,17.9943
2026-02-19 06:50:00+00:00,0,normal,27.1535,7.7771,6.0039,11.0621,17.998
2026-02-19 07:00:00+00:00,0,normal,27.1937,7.7907,5.9268,11.1477,18.0028
2026-02-19 07:10:00+00:00,0,normal,27.2316,7.7723,5.8559,11.0621,17.9682
2026-02-19 07:20:00+00:00,0,normal,27.2908,7.7918,5.7425,11.1454,17.9553
2026-02-19 07:30:00+00:00,0,normal,27.3693,7.8127,5.7627,11.03,17.9449
2026-02-19 07:40:00+00:00,0,normal,27.3824,7.8104,5.7239,11.0236,17.94
2026-02-19 07:50:00+00:00,0,normal,27.3644,7.8263,5.7711,10.6635,17.9309
2026-02-19 08:00:00+00:00,0,normal,27.4569,7.8434,5.8342,10.5151,17.9631
2026-02-19 08:10:00+00:00,0,normal,27.4765,7.8512,5.8534,10.6213,17.9461
2026-02-19 08:20:00+00:00,0,normal,27.4859,7.8343,5.7783,10.6606,17.941
2026-02-19 08:30:00+00:00,0,normal,27.5363,7.8258,5.8063,10.6889,17.9285
2026-02-19 08:40:00+00:00,0,normal,27.5272,7.8085,5.8045,11.2014,17.9158
2026-02-19 08:50:00+00:00,0,normal,27.567,7.8203,5.7265,11.1697,17.888
2026-02-19 09:00:00+00:00,0,normal,27.6135,7.8,5.7533,11.2059,17.9154
2026-02-19 09:10:00+00:00,0,normal,27.6139,7.8106,5.7884,11.1473,17.9253
2026-02-19 09:20:00+00:00,0,normal,27.5523,7.8054,5.7954,10.908,17.9218
2026-02-19 09:30:00+00:00,0,normal,27.5935,7.7923,5.706,10.8898,17.9227
2026-02-19 09:40:00+00:00,0,normal,27.5726,7.7714,5.6974,11.0003,17.9264
2026-02-19 09:50:00+00:00,0,normal,27.4948,7.7669,5.6451,10.8654,17.9038
2026-02-19 10:00:00+00:00,0,normal,27.4781,7.7474,5.5734,10.7267,17.8842
2026-02-19 10:10:00+00:00,0,normal,27.4818,7.7408,5.5904,10.7679,17.8725
2026-02-19 10:20:00+00:00,0,normal,27.506,7.7252,5.573,10.6924,17.8621
2026-02-19 10:30:00+00:00,0,normal,27.5008,7.7209,5.5575,10.6657,17.8734
2026-02-19 10:40:00+00:00,0,normal,27.4763,7.7226,5.6326,10.737,17.8534
2026-02-19 10:50:00+00:00,0,normal,27.493,7.7334,5.6498,10.7549,17.865
2026-02-19 11:00:00+00:00,0,normal,27.5305,7.7316,5.5498,10.8683,17.8785
2026-02-19 11:10:00+00:00,0,normal,27.5137,7.7491,5.6232,10.7432,17.8747
2026-02-19 11:20:00+00:00,0,normal,27.4778,7.7414,5.6342,10.8055,17.8637
2026-02-19 11:30:00+00:00,0,normal,27.4901,7.7285,5.6052,10.7855,17.8736
2026-02-19 11:40:00+00:00,0,normal,27.4293,7.7104,5.6313,10.7736,17.8391
2026-02-19 11:50:00+00:00,0,normal,27.3894,7.7021,5.6489,10.7144,17.8251
2026-02-19 12:00:00+00:00,0,normal,27.3467,7.6839,5.5586,10.5312,17.8199
2026-02-19 12:10:00+00:00,0,normal,27.3393,7.6828,5.6102,10.1736,17.8207
2026-02-19 12:20:00+00:00,0,normal,27.3324,7.6836,5.5822,10.0462,17.8099
2026-02-19 12:30:00+00:00,0,normal,27.3139,7.6726,5.6334,10.147,17.8218
2026-02-19 12:40:00+00:00,0,normal,27.2877,7.6726,5.6735,10.0652,17.8096
2026-02-19 12:50:00+00:00,0,normal,27.3425,7.6543,5.6912,10.1681,17.8071
2026-02-19 13:00:00+00:00,0,normal,27.2728,7.6334,5.7003,10.2617,17.7781
2026-02-19 13:10:00+00:00,0,normal,27.2212,7.6036,5.8051,10.1433,17.7862
2026-02-19 13:20:00+00:00,0,normal,27.3149,7.6072,5.7744,9.887,17.7791
2026-02-19 13:30:00+00:00,0,normal,27.301,7.6188,5.7689,9.9797,17.7737
2026-02-19 13:40:00+00:00,0,normal,27.1178,7.6048,5.8286,9.9841,17.7802
2026-02-19 13:50:00+00:00,0,normal,27.1311,7.6156,5.7993,10.0182,17.7741
2026-02-19 14:00:00+00:00,0,normal,27.0723,7.615,5.8268,10.0783,17.7617
2026-02-19 14:10:00+00:00,0,normal,26.939,7.5859,5.9041,10.1929,17.7472
2026-02-19 14:20:00+00:00,0,normal,26.8677,7.539,6.003,10.1941,17.7557
2026-02-19 14:30:00+00:00,0,normal,26.8518,7.5553,6.0612,10.0324,17.7496
2026-02-19 14:40:00+00:00,0,normal,26.8286,7.523,6.1698,9.9986,17.7508
2026-02-19 14:50:00+00:00,0,normal,26.8301,7.5045,6.1776,10.0495,17.7334
2026-02-19 15:00:00+00:00,0,normal,26.7798,7.4979,6.1818,10.0644,17.732
2026-02-19 15:10:00+00:00,0,normal,26.7498,7.4986,6.1635,10.0293,17.7246
2026-02-19 15:20:00+00:00,0,normal,26.6957,7.4659,6.174,10.3201,17.7281
2026-02-19 15:30:00+00:00,0,normal,26.6054,7.4516,6.2168,10.2443,17.7394
2026-02-19 15:40:00+00:00,0,normal,26.5737,7.4629,6.2301,10.2966,17.7566
2026-02-19 15:50:00+00:00,0,normal,26.4883,7.4423,6.2725,10.4718,17.7535
2026-02-19 16:00:00+00:00,0,normal,26.4821,7.4361,6.2916,10.4619,17.7601
2026-02-19 16:10:00+00:00,0,normal,26.4731,7.4275,6.3343,10.3811,17.7481
2026-02-19 16:20:00+00:00,0,normal,26.4032,7.4092,6.3926,10.5945,17.7377
2026-02-19 16:30:00+00:00,0,normal,26.3132,7.3914,6.3867,10.4909,17.7182
2026-02-19 16:40:00+00:00,0,normal,26.258,7.3789,6.4044,10.1642,17.7334
2026-02-19 16:50:00+00:00,0,normal,26.0931,7.3372,6.4696,10.1695,17.7144
2026-02-19 17:00:00+00:00,0,normal,26.0046,7.3294,6.5273,9.9829,17.7086
2026-02-19 17:10:00+00:00,0,normal,25.9508,7.3242,6.5516,9.9756,17.6996
2026-02-19 17:20:00+00:00,0,normal,25.8732,7.2931,6.6119,10.1048,17.6939
2026-02-19 17:30:00+00:00,0,normal,25.8276,7.2836,6.7121,10.0407,17.679
2026-02-19 17:40:00+00:00,0,normal,25.8214,7.3173,6.8113,10.0614,17.7006
2026-02-19 17:50:00+00:00,0,normal,25.8013,7.3141,6.8531,10.2296,17.682
2026-02-19 18:00:00+00:00,0,normal,25.7671,7.3099,6.9093,10.3597,17.6924
2026-02-19 18:10:00+00:00,0,normal,25.739,7.3369,6.9415,10.4536,17.707
2026-02-19 18:20:00+00:00,0,normal,25.6297,7.3528,6.9483,10.7355,17.7073
2026-02-19 18:30:00+00:00,0,normal,25.6468,7.3495,6.9241,10.8645,17.6831
2026-02-19 18:40:00+00:00,0,normal,25.5685,7.3284,6.9594,10.8627,17.6809
2026-02-19 18:50:00+00:00,0,normal,25.4978,7.3118,6.9409,10.7441,17.6824
2026-02-19 19:00:00+00:00,0,normal,25.4371,7.2931,7.057,10.5884,17.663
2026-02-19 19:10:00+00:00,0,normal,25.428,7.286,7.1122,10.4031,17.6387
2026-02-19 19:20:00+00:00,0,normal,25.38,7.2782,7.1528,10.2967,17.6456
2026-02-19 19:30:00+00:00,0,normal,25.3977,7.2748,7.1366,10.3461,17.6441
2026-02-19 19:40:00+00:00,0,normal,25.3811,7.2914,7.2385,10.3142,17.631
2026-02-19 19:50:00+00:00,0,normal,25.3559,7.294,7.2109,10.3551,17.6292
2026-02-19 20:00:00+00:00,0,normal,25.364,7.3001,7.2413,10.4917,17.6489
2026-02-19 20:10:00+00:00,0,normal,25.2813,7.2825,7.2488,10.601,17.6466
2026-02-19 20:20:00+00:00,0,normal,25.1969,7.2994,7.3247,10.5672,17.6612
2026-02-19 20:30:00+00:00,0,normal,25.1675,7.2868,7.312,10.4704,17.6744
2026-02-19 20:40:00+00:00,0,normal,25.1321,7.2761,7.4063,10.5736,17.6868
2026-02-19 20:50:00+00:00,0,normal,25.0976,7.2596,7.3841,10.6837,17.6934
2026-02-19 21:00:00+00:00,0,normal,25.0833,7.2591,7.424,10.6483,17.6911
2026-02-19 21:10:00+00:00,0,normal,25.0951,7.2567,7.4396,10.6105,17.6976
2026-02-19 21:20:00+00:00,0,normal,25.0462,7.261,7.406,10.7602,17.6761
2026-02-19 21:30:00+00:00,0,normal,25.0755,7.2628,7.2655,10.7406,17.6729
2026-02-19 21:40:00+00:00,0,normal,25.024,7.2629,7.2772,10.5526,17.6729
2026-02-19 21:50:00+00:00,0,normal,24.9886,7.2908,7.3232,10.4531,17.6679
2026-02-19 22:00:00+00:00,0,normal,24.9428,7.2918,7.3849,10.5862,17.6732
2026-02-19 22:10:00+00:00,0,normal,24.9238,7.3042,7.4133,10.7548,17.6874
2026-02-19 22:20:00+00:00,0,normal,24.9345,7.302,7.4424,10.7722,17.6815
2026-02-19 22:30:00+00:00,0,normal,24.9343,7.3325,7.5262,10.8506,17.6865
2026-02-19 22:40:00+00:00,0,normal,24.9342,7.3233,7.4793,10.9363,17.7078
2026-02-19 22:50:00+00:00,0,normal,25.0052,7.3345,7.3813,10.9028,17.6901
2026-02-19 23:00:00+00:00,0,normal,25.0324,7.3364,7.4458,10.7508,17.701
2026-02-19 23:10:00+00:00,0,normal,25.0006,7.3662,7.541,10.8286,17.7158
2026-02-19 23:20:00+00:00,0,normal,25.0128,7.3359,7.5156,10.7033,17.7154
2026-02-19 23:30:00+00:00,0,normal,25.084,7.3387,7.445,10.8927,17.716
2026-02-19 23:40:00+00:00,0,normal,25.0876,7.3502,7.4132,11.229,17.7258
2026-02-19 23:50:00+00:00,0,normal,25.1553,7.3649,7.3689,11.314,17.7187
2026-02-20 00:00:00+00:00,0,normal,25.2041,7.3908,7.3121,11.1644,18.2688
2026-02-20 00:10:00+00:00,0,normal,25.268,7.4265,7.2242,11.5244,18.2528
2026-02-20 00:20:00+00:00,0,normal,25.246,7.4508,7.2738,11.4306,18.2472
2026-02-20 00:30:00+00:00,0,normal,25.2151,7.4758,7.3589,11.1516,18.2492
2026-02-20 00:40:00+00:00,0,normal,25.2658,7.4949,7.3431,11.0458,18.2439
2026-02-20 00:50:00+00:00,0,normal,25.3068,7.4777,7.3078,11.111,18.2216
2026-02-20 01:00:00+00:00,0,normal,25.3138,7.479,7.3007,11.022,18.2445
2026-02-20 01:10:00+00:00,0,normal,25.3705,7.4892,7.2696,11.1069,18.2344
2026-02-20 01:20:00+00:00,0,normal,25.4271,7.5001,7.2431,11.2123,18.2234
2026-02-20 01:30:00+00:00,0,normal,25.3797,7.5062,7.25,11.3846,18.2172
2026-02-20 01:40:00+00:00,0,normal,25.3998,7.534,7.2383,11.4072,18.2238
2026-02-20 01:50:00+00:00,0,normal,25.4525,7.5811,7.2096,11.4938,18.2236
2026-02-20 02:00:00+00:00,0,normal,25.4609,7.5919,7.2394,11.3855,18.2537
2026-02-20 02:10:00+00:00,0,normal,25.4639,7.5768,7.2366,11.5685,18.2597
2026-02-20 02:20:00+00:00,0,normal,25.4948,7.5833,7.1227,11.4578,18.279
2026-02-20 02:30:00+00:00,0,normal,25.5228,7.5953,7.0849,11.5482,18.2967
2026-02-20 02:40:00+00:00,0,normal,25.5834,7.582,7.0992,11.7042,18.2959
2026-02-20 02:50:00+00:00,0,normal,25.6359,7.5997,7.0308,11.8498,18.2748
2026-02-20 03:00:00+00:00,0,normal,25.7631,7.6244,6.8922,11.7368,18.2877
2026-02-20 03:10:00+00:00,0,normal,25.8683,7.641,6.8835,11.8475,18.2699
2026-02-20 03:20:00+00:00,0,normal,25.9543,7.6384,6.8502,11.8151,18.272
2026-02-20 03:30:00+00:00,0,normal,26.0032,7.653,6.7412,11.5594,18.28
2026-02-20 03:40:00+00:00,0,normal,26.0593,7.6524,6.7024,11.3862,18.2871
2026-02-20 03:50:00+00:00,0,normal,26.0932,7.6483,6.7003,11.1374,18.283
2026-02-20 04:00:00+00:00,0,normal,26.1035,7.6496,6.6598,11.1763,18.2947
2026-02-20 04:10:00+00:00,0,normal,26.1557,7.6518,6.5847,11.0013,18.2903
2026-02-20 04:20:00+00:00,0,normal,26.1822,7.6552,6.5769,11.0911,18.2766
2026-02-20 04:30:00+00:00,0,normal,26.2971,7.6589,6.4755,11.1168,18.2558
2026-02-20 04:40:00+00:00,0,normal,26.3341,7.691,6.4592,11.1776,18.2567
2026-02-20 04:50:00+00:00,0,normal,26.4709,7.7174,6.3658,11.2576,18.2673
2026-02-20 05:00:00+00:00,0,normal,26.4637,7.7393,6.3853,11.2622,18.2723
2026-02-20 05:10:00+00:00,0,normal,26.5252,7.7403,6.3474,11.1111,18.2745
2026-02-20 05:20:00+00:00,0,normal,26.5574,7.7536,6.3262,11.075,18.2927
2026-02-20 05:30:00+00:00,0,normal,26.6626,7.7427,6.2797,11.1884,18.2677
2026-02-20 05:40:00+00:00,0,normal,26.7344,7.7404,6.2592,10.9572,18.2493
2026-02-20 05:50:00+00:00,0,normal,26.8255,7.7501,6.1752,11.2673,18.2443
2026-02-20 06:00:00+00:00,0,normal,26.9643,7.7813,6.0844,11.1787,18.227
2026-02-20 06:10:00+00:00,0,normal,26.9873,7.7911,6.0929,11.6791,18.2211
2026-02-20 06:20:00+00:00,0,normal,27.0306,7.8199,6.0413,11.5333,18.2213
2026-02-20 06:30:00+00:00,0,normal,26.9814,7.8238,6.0948,11.9121,18.2298
2026-02-20 06:40:00+00:00,0,normal,27.0384,7.8211,6.0709,11.857,18.2301
2026-02-20 06:50:00+00:00,0,normal,26.9299,7.8165,6.1245,11.9803,18.2411
2026-02-20 07:00:00+00:00,0,normal,26.9404,7.8225,6.0998,11.5397,18.2438
2026-02-20 07:10:00+00:00,0,normal,26.9564,7.8084,6.0583,11.5976,18.2589
2026-02-20 07:20:00+00:00,0,normal,26.9803,7.8113,5.9694,11.2929,18.2539
2026-02-20 07:30:00+00:00,0,normal,27.0159,7.8129,5.9929,11.0733,18.2513
2026-02-20 07:40:00+00:00,0,normal,27.1665,7.7943,5.9198,11.1444,18.2419
2026-02-20 07:50:00+00:00,0,normal,27.2206,7.7923,5.8964,11.1198,18.2457
2026-02-20 08:00:00+00:00,0,normal,27.1987,7.7833,5.9036,11.0324,18.252
2026-02-20 08:10:00+00:00,0,normal,27.2567,7.7843,5.904,11.0205,18.2479
2026-02-20 08:20:00+00:00,0,normal,27.2323,7.7701,5.8261,11.1205,18.2428
2026-02-20 08:30:00+00:00,0,normal,27.2197,7.7789,5.8214,10.9419,18.2534
2026-02-20 08:40:00+00:00,0,normal,27.263,7.7705,5.8482,10.8527,18.2465
2026-02-20 08:50:00+00:00,0,normal,27.3062,7.7922,5.8569,10.9953,18.2482
2026-02-20 09:00:00+00:00,0,normal,27.4006,7.7857,5.7974,11.0455,18.2352
2026-02-20 09:10:00+00:00,0,normal,27.4244,7.7872,5.7993,10.9665,18.2388
2026-02-20 09:20:00+00:00,0,normal,27.4907,7.7961,5.6911,11.1243,18.2267
2026-02-20 09:30:00+00:00,0,normal,27.4597,7.792,5.61,11.2761,18.1963
2026-02-20 09:40:00+00:00,0,normal,27.4813,7.7844,5.541,11.3393,18.1819
2026-02-20 09:50:00+00:00,0,normal,27.4692,7.7742,5.5261,11.2413,18.1952
2026-02-20 10:00:00+00:00,0,normal,27.539,7.7837,5.4932,11.1338,18.1897
2026-02-20 10:10:00+00:00,0,normal,27.4746,7.7935,5.6097,11.1054,18.1839
2026-02-20 10:20:00+00:00,0,normal,27.5305,7.7898,5.5646,10.932,18.1969
2026-02-20 10:30:00+00:00,0,normal,27.5391,7.7782,5.5691,10.8205,18.1905
2026-02-20 10:40:00+00:00,0,normal,27.4707,7.762,5.6051,10.6816,18.1773
2026-02-20 10:50:00+00:00,0,normal,27.4435,7.7439,5.5958,10.6912,18.1744
2026-02-20 11:00:00+00:00,0,normal,27.5147,7.722,5.596,10.4925,18.1792
2026-02-20 11:10:00+00:00,0,normal,27.4983,7.7126,5.6593,10.3446,18.1652
2026-02-20 11:20:00+00:00,0,normal,27.4879,7.708,5.6306,10.2015,18.1538
2026-02-20 11:30:00+00:00,0,normal,27.5136,7.7199,5.64,10.1345,18.1387
2026-02-20 11:40:00+00:00,0,normal,27.4187,7.7026,5.6692,10.2406,18.1237
2026-02-20 11:50:00+00:00,0,normal,27.3459,7.6954,5.6304,10.1789,18.093
2026-02-20 12:00:00+00:00,0,normal,27.2677,7.6745,5.6879,10.2297,18.1102
2026-02-20 12:10:00+00:00,0,normal,27.1995,7.6498,5.7594,10.2738,18.0975
2026-02-20 12:20:00+00:00,0,normal,27.2244,7.6402,5.7444,10.5665,18.0921
2026-02-20 12:30:00+00:00,0,normal,27.2371,7.6576,5.8195,10.4084,18.086
2026-02-20 12:40:00+00:00,0,normal,27.1612,7.6263,5.9007,10.3544,18.085
2026-02-20 12:50:00+00:00,0,normal,27.2047,7.6316,5.8358,10.2653,18.0593
2026-02-20 13:00:00+00:00,0,normal,27.1554,7.6279,5.8839,10.1526,18.0626
2026-02-20 13:10:00+00:00,0,normal,27.0233,7.6157,5.8893,9.864,18.0768
2026-02-20 13:20:00+00:00,0,normal,27.0375,7.6033,5.8376,10.1774,18.0721
2026-02-20 13:30:00+00:00,0,normal,27.0242,7.5985,5.8295,10.4203,18.0757
2026-02-20 13:40:00+00:00,0,normal,26.8834,7.5896,5.9292,10.5153,18.0634
2026-02-20 13:50:00+00:00,0,normal,26.8926,7.5911,5.894,10.8,18.0761
2026-02-20 14:00:00+00:00,0,normal,26.8486,7.5895,5.9211,10.7919,18.057
2026-02-20 14:10:00+00:00,0,normal,26.8118,7.572,5.9082,10.4812,18.0516
2026-02-20 14:20:00+00:00,0,normal,26.7401,7.564,5.9529,10.3119,18.0381
2026-02-20 14:30:00+00:00,0,normal,26.7846,7.5435,5.9109,10.4493,18.0482
2026-02-20 14:40:00+00:00,0,normal,26.7784,7.5089,5.9067,10.2286,18.019
2026-02-20 14:50:00+00:00,0,normal,26.7106,7.4778,5.9725,10.4535,18.0271
2026-02-20 15:00:00+00:00,0,normal,26.5959,7.4596,6.1036,10.5392,18.0261
2026-02-20 15:10:00+00:00,0,normal,26.5787,7.4475,6.1681,10.6848,18.0352
2026-02-20 15:20:00+00:00,0,normal,26.4563,7.4424,6.2571,10.3668,18.0144
2026-02-20 15:30:00+00:00,0,normal,26.348,7.4286,6.3915,10.1834,18.0147
2026-02-20 15:40:00+00:00,0,normal,26.3159,7.4196,6.4424,9.8311,17.9955
2026-02-20 15:50:00+00:00,0,normal,26.259,7.4257,6.4924,9.7342,17.9886
2026-02-20 16:00:00+00:00,0,normal,26.1916,7.4245,6.5391,9.4638,17.966
2026-02-20 16:10:00+00:00,0,normal,26.1697,7.416,6.5541,9.8,17.9662
2026-02-20 16:20:00+00:00,0,normal,26.1106,7.4224,6.5545,9.966,17.9591
2026-02-20 16:30:00+00:00,0,normal,26.0419,7.4104,6.6006,10.219,17.9623
2026-02-20 16:40:00+00:00,0,normal,25.9757,7.3666,6.6506,10.215,17.9406
2026-02-20 16:50:00+00:00,0,normal,25.9149,7.3524,6.6789,10.4792,17.9677
2026-02-20 17:00:00+00:00,0,normal,25.8563,7.3158,6.7369,10.1317,17.9842
2026-02-20 17:10:00+00:00,0,normal,25.7807,7.2998,6.7784,10.1544,17.977
2026-02-20 17:20:00+00:00,0,normal,25.7607,7.2967,6.7664,10.149,17.9921
2026-02-20 17:30:00+00:00,0,normal,25.6628,7.2985,6.8057,10.2757,18.0092
2026-02-20 17:40:00+00:00,0,normal,25.5889,7.3056,6.8194,10.1591,17.9935
2026-02-20 17:50:00+00:00,0,normal,25.5296,7.3367,6.8577,10.1972,17.9855
2026-02-20 18:00:00+00:00,0,normal,25.4647,7.3418,6.9131,10.3248,17.9962
2026-02-20 18:10:00+00:00,0,normal,25.4628,7.3299,7.0266,10.2386,17.9732
2026-02-20 18:20:00+00:00,0,normal,25.4812,7.349,7.0116,10.1535,17.9597
2026-02-20 18:30:00+00:00,0,normal,25.4675,7.3315,6.9877,10.4463,17.9552
2026-02-20 18:40:00+00:00,0,normal,25.4151,7.3017,6.9814,10.6597,17.9517
2026-02-20 18:50:00+00:00,0,normal,25.4017,7.2901,6.9771,10.5068,17.9542
2026-02-20 19:00:00+00:00,0,normal,25.2573,7.2983,7.0411,10.5024,17.965
2026-02-20 19:10:00+00:00,0,normal,25.21,7.2721,7.0565,10.6239,17.9697
2026-02-20 19:20:00+00:00,0,normal,25.131,7.2632,7.1186,10.3072,17.9736
2026-02-20 19:30:00+00:00,0,normal,25.1014,7.2727,7.1943,10.3712,17.9638
2026-02-20 19:40:00+00:00,0,normal,24.9745,7.2563,7.312,10.5684,17.9656
2026-02-20 19:50:00+00:00,0,normal,24.9443,7.2443,7.2531,10.642,17.9495
2026-02-20 20:00:00+00:00,0,normal,24.9716,7.2428,7.2364,10.6999,17.9481
2026-02-20 20:10:00+00:00,0,normal,25.0058,7.2525,7.2434,10.8034,17.9478
2026-02-20 20:20:00+00:00,0,normal,25.0358,7.2447,7.2475,10.6928,17.9387
2026-02-20 20:30:00+00:00,0,normal,25.1527,7.2653,7.1808,10.4102,17.9339
2026-02-20 20:40:00+00:00,0,normal,25.1943,7.26,7.1964,10.4724,17.9342
2026-02-20 20:50:00+00:00,0,normal,25.1044,7.2575,7.3267,10.4188,17.9648
2026-02-20 21:00:00+00:00,0,normal,25.0184,7.2382,7.4035,10.5572,17.9592
2026-02-20 21:10:00+00:00,0,normal,24.9957,7.2464,7.3971,10.7533,17.9724
2026-02-20 21:20:00+00:00,0,normal,24.9339,7.2465,7.3762,11.1873,17.9774
2026-02-20 21:30:00+00:00,0,normal,24.9876,7.2695,7.3573,11.1167,17.9881
2026-02-20 21:40:00+00:00,0,normal,24.9813,7.2684,7.405,11.1471,17.9734
2026-02-20 21:50:00+00:00,0,normal,25.0825,7.2878,7.3489,10.9874,17.9774
2026-02-20 22:00:00+00:00,0,normal,25.0308,7.2867,7.3501,11.0163,17.9706
2026-02-20 22:10:00+00:00,0,normal,25.0742,7.298,7.3736,10.711,17.9866
2026-02-20 22:20:00+00:00,0,normal,25.0454,7.2972,7.4186,10.8994,17.9854
2026-02-20 22:30:00+00:00,0,normal,25.0241,7.3179,7.3968,10.8031,17.9794
2026-02-20 22:40:00+00:00,0,normal,24.9404,7.3154,7.4681,10.9869,17.9905
2026-02-20 22:50:00+00:00,0,normal,24.9159,7.3436,7.4897,11.0409,17.9905
2026-02-20 23:00:00+00:00,0,normal,24.833,7.3306,7.5816,10.9953,17.9638
2026-02-20 23:10:00+00:00,0,normal,24.8077,7.3358,7.6157,10.7698,17.9513
2026-02-20 23:20:00+00:00,0,normal,24.8516,7.3477,7.5525,10.8996,17.9523
2026-02-20 23:30:00+00:00,0,normal,24.8873,7.3621,7.511,10.852,17.9342
2026-02-20 23:40:00+00:00,0,normal,24.9631,7.3518,7.5152,10.7093,17.9535
2026-02-20 23:50:00+00:00,0,normal,24.9613,7.3556,7.5073,10.8496,17.9698
2026-02-21 00:00:00+00:00,0,normal,25.0066,7.364,7.4087,10.9251,17.9911
2026-02-21 00:10:00+00:00,0,normal,25.0263,7.3643,7.4125,10.9564,17.9952
2026-02-21 00:20:00+00:00,0,normal,25.0707,7.3929,7.3909,10.8565,18.0109
2026-02-21 00:30:00+00:00,0,normal,25.1023,7.431,7.3339,10.9486,18.0026
2026-02-21 00:40:00+00:00,0,normal,25.2496,7.4635,7.2078,10.9568,17.9975
2026-02-21 00:50:00+00:00,0,normal,25.2326,7.4656,7.2918,11.0228,17.9877
2026-02-21 01:00:00+00:00,0,normal,25.2037,7.4889,7.3133,11.1379,17.9684
2026-02-21 01:10:00+00:00,0,normal,25.2232,7.4755,7.3654,11.3659,17.9626
2026-02-21 01:20:00+00:00,0,normal,25.2465,7.4609,7.3469,11.2323,17.9749
2026-02-21 01:30:00+00:00,0,normal,25.1999,7.463,7.3828,11.2149,17.9621
2026-02-21 01:40:00+00:00,0,normal,25.2506,7.4832,7.3268,11.3616,17.954
2026-02-21 01:50:00+00:00,0,normal,25.3571,7.4883,7.2799,11.0839,17.9703
2026-02-21 02:00:00+00:00,0,normal,25.3511,7.4946,7.2488,11.1518,17.9575
2026-02-21 02:10:00+00:00,0,normal,25.4138,7.5058,7.2309,11.2884,17.958
2026-02-21 02:20:00+00:00,0,normal,25.4776,7.5333,7.1512,11.3319,17.9749
2026-02-21 02:30:00+00:00,0,normal,25.5057,7.5482,7.0944,11.2577,17.9946
2026-02-21 02:40:00+00:00,0,normal,25.5512,7.564,7.0377,11.5743,17.9992
2026-02-21 02:50:00+00:00,0,normal,25.694,7.572,6.9524,11.1882,18.0118
2026-02-21 03:00:00+00:00,0,normal,25.7192,7.5971,6.8791,11.2935,17.9947
2026-02-21 03:10:00+00:00,0,normal,25.7939,7.5943,6.8296,11.4947,17.9944
2026-02-21 03:20:00+00:00,0,normal,25.8449,7.6159,6.84,11.4635,17.9927
2026-02-21 03:30:00+00:00,0,normal,25.931,7.6289,6.7411,11.3101,17.981
2026-02-21 03:40:00+00:00,0,normal,25.9883,7.6551,6.6291,11.5628,17.9775
2026-02-21 03:50:00+00:00,0,normal,26.0666,7.6434,6.6619,11.5327,17.9885
2026-02-21 04:00:00+00:00,0,normal,26.1423,7.6807,6.6433,11.3221,17.9846
2026-02-21 04:10:00+00:00,0,normal,26.2339,7.6899,6.5532,11.3558,17.9864
2026-02-21 04:20:00+00:00,0,normal,26.2214,7.7029,6.6296,11.3517,18.002
2026-02-21 04:30:00+00:00,0,normal,26.1952,7.73,6.6291,11.4093,18.0121
2026-02-21 04:40:00+00:00,0,normal,26.2181,7.755,6.527,11.6199,18.0209
2026-02-21 04:50:00+00:00,0,normal,26.2206,7.7541,6.5703,11.6153,18.0157
2026-02-21 05:00:00+00:00,0,normal,26.2135,7.7482,6.5758,11.6204,18.0036
2026-02-21 05:10:00+00:00,0,normal,26.2483,7.7546,6.5229,11.5415,18.0042
2026-02-21 05:20:00+00:00,0,normal,26.2832,7.7397,6.5161,11.4059,18.0123
2026-02-21 05:30:00+00:00,0,normal,26.3326,7.7406,6.5156,10.9851,18.0105
2026-02-21 05:40:00+00:00,0,normal,26.4066,7.7377,6.3922,10.8883,18.0105
2026-02-21 05:50:00+00:00,0,normal,26.4659,7.7379,6.353,10.9997,18.0122
2026-02-21 06:00:00+00:00,0,normal,26.5847,7.7441,6.2887,11.1115,17.995
2026-02-21 06:10:00+00:00,0,normal,26.6651,7.7545,6.2536,11.1635,17.9924
2026-02-21 06:20:00+00:00,0,normal,26.7599,7.7491,6.2331,11.1729,17.9761
2026-02-21 06:30:00+00:00,0,normal,26.8016,7.7489,6.2437,11.3192,17.9575
2026-02-21 06:40:00+00:00,0,normal,26.8989,7.7644,6.1414,11.0474,17.9504
2026-02-21 06:50:00+00:00,0,normal,26.9457,7.7734,6.0751,10.9898,17.9479
2026-02-21 07:00:00+00:00,0,normal,26.9516,7.7806,6.0386,11.0001,17.9127
2026-02-21 07:10:00+00:00,0,normal,26.9482,7.8125,6.0174,11.0196,17.91
2026-02-21 07:20:00+00:00,0,normal,26.9471,7.8219,5.9989,10.927,17.932
2026-02-21 07:30:00+00:00,0,normal,26.9539,7.8207,6.0211,10.9817,17.9365
2026-02-21 07:40:00+00:00,0,normal,26.9537,7.8123,6.0464,11.0553,17.9446
2026-02-21 07:50:00+00:00,0,normal,27.05,7.8109,5.9453,11.0211,17.9783
2026-02-21 08:00:00+00:00,0,normal,27.0352,7.8005,5.8977,10.8838,17.9747
2026-02-21 08:10:00+00:00,0,normal,27.1083,7.7986,5.822,11.0259,17.9536
2026-02-21 08:20:00+00:00,0,normal,27.159,7.7987,5.7926,11.1185,17.9505
2026-02-21 08:30:00+00:00,0,normal,27.2425,7.8013,5.7298,11.0277,17.946
2026-02-21 08:40:00+00:00,0,normal,27.2231,7.805,5.7892,11.1644,17.9177
2026-02-21 08:50:00+00:00,0,normal,27.2918,7.7919,5.7262,11.3213,17.9171
2026-02-21 09:00:00+00:00,0,normal,27.3154,7.792,5.7368,11.2662,17.928
2026-02-21 09:10:00+00:00,0,normal,27.3657,7.7822,5.7022,11.2349,17.9216
2026-02-21 09:20:00+00:00,0,normal,27.2926,7.7842,5.6641,11.2874,17.9204
2026-02-21 09:30:00+00:00,0,normal,27.2979,7.7805,5.6458,11.0583,17.9211
2026-02-21 09:40:00+00:00,0,normal,27.4065,7.8047,5.6441,10.9609,17.9052
2026-02-21 09:50:00+00:00,0,normal,27.396,7.786,5.6836,10.9967,17.8873
2026-02-21 10:00:00+00:00,0,normal,27.2757,7.7988,5.6954,11.0224,17.8877
2026-02-21 10:10:00+00:00,0,normal,27.3093,7.793,5.7482,11.0422,17.8855
2026-02-21 10:20:00+00:00,0,normal,27.2412,7.7769,5.7512,11.0884,17.885
2026-02-21 10:30:00+00:00,0,normal,27.1453,7.7475,5.7399,10.9541,17.9063
2026-02-21 10:40:00+00:00,0,normal,27.1784,7.7426,5.6309,10.8413,17.9079
2026-02-21 10:50:00+00:00,0,normal,27.2054,7.7144,5.6713,10.72,17.8903
2026-02-21 11:00:00+00:00,0,normal,27.1987,7.6915,5.6524,10.6916,17.863
2026-02-21 11:10:00+00:00,0,normal,27.3187,7.6801,5.6214,10.7391,17.8585
2026-02-21 11:20:00+00:00,0,normal,27.2318,7.6856,5.7172,10.965,17.8491
2026-02-21 11:30:00+00:00,0,normal,27.1375,7.6689,5.8018,10.6963,17.8566
2026-02-21 11:40:00+00:00,0,normal,27.1423,7.6742,5.7855,10.5797,17.8655
2026-02-21 11:50:00+00:00,0,normal,27.1102,7.6747,5.7889,10.3826,17.8773
2026-02-21 12:00:00+00:00,0,normal,27.0422,7.6771,5.8004,10.2073,17.887
2026-02-21 12:10:00+00:00,0,normal,27.0335,7.6574,5.8476,10.1375,17.8633
2026-02-21 12:20:00+00:00,0,normal,27.0604,7.6717,5.883,10.5081,17.8571
2026-02-21 12:30:00+00:00,0,normal,27.0329,7.6558,5.9479,10.6648,17.8447
2026-02-21 12:40:00+00:00,0,normal,27.0475,7.6441,5.9392,10.5848,17.8367
2026-02-21 12:50:00+00:00,0,normal,27.031,7.628,5.9639,10.5128,17.8042
2026-02-21 13:00:00+00:00,0,normal,27.0479,7.6271,5.8955,10.3756,17.8107
2026-02-21 13:10:00+00:00,0,normal,26.9504,7.623,5.9372,10.1829,17.8052
2026-02-21 13:20:00+00:00,0,normal,26.934,7.6059,5.9017,10.1696,17.7782
2026-02-21 13:30:00+00:00,0,normal,26.8612,7.5736,5.9434,10.3612,17.7784
2026-02-21 13:40:00+00:00,0,normal,26.8053,7.569,6.0115,10.3964,17.7655
2026-02-21 13:50:00+00:00,0,normal,26.7915,7.5566,6.017,10.4803,17.7446
2026-02-21 14:00:00+00:00,0,normal,26.7721,7.5448,5.958,10.6644,17.7284
2026-02-21 14:10:00+00:00,0,normal,26.7562,7.5519,5.9798,10.4004,17.7569
2026-02-21 14:20:00+00:00,0,normal,26.7721,7.5741,5.9842,10.3535,17.7438
2026-02-21 14:30:00+00:00,0,normal,26.7561,7.5738,5.9908,10.443,17.7639
2026-02-21 14:40:00+00:00,0,normal,26.6329,7.562,5.9967,10.4044,17.7638
2026-02-21 14:50:00+00:00,0,normal,26.5291,7.538,6.0714,10.21,17.7584
2026-02-21 15:00:00+00:00,0,normal,26.4674,7.5077,6.1066,10.4123,17.7392
2026-02-21 15:10:00+00:00,0,normal,26.3667,7.4813,6.1337,10.3035,17.7507
2026-02-21 15:20:00+00:00,0,normal,26.2596,7.455,6.1491,10.1698,17.7355
2026-02-21 15:30:00+00:00,0,normal,26.2833,7.4337,6.2387,10.1198,17.7337
2026-02-21 15:40:00+00:00,0,normal,26.2768,7.4168,6.3063,10.3235,17.7412
2026-02-21 15:50:00+00:00,0,normal,26.1681,7.429,6.3431,10.2267,17.7356
2026-02-21 16:00:00+00:00,0,normal,26.1282,7.4125,6.4157,10.2802,17.7182
2026-02-21 16:10:00+00:00,0,normal,26.06,7.4061,6.5011,10.4366,17.7253
2026-02-21 16:20:00+00:00,0,normal,25.9589,7.3975,6.5109,10.4928,17.722
2026-02-21 16:30:00+00:00,0,normal,25.9743,7.3839,6.5338,10.2939,17.6905
2026-02-21 16:40:00+00:00,0,normal,25.9425,7.3518,6.5858,10.4008,17.6993
2026-02-21 16:50:00+00:00,0,normal,25.9142,7.3355,6.6165,10.2895,17.6963
2026-02-21 17:00:00+00:00,0,normal,25.9411,7.328,6.6385,10.0392,17.678
2026-02-21 17:10:00+00:00,0,normal,25.8918,7.3164,6.676,9.9883,17.688
2026-02-21 17:20:00+00:00,0,normal,25.7156,7.3025,6.7635,10.1817,17.7219
2026-02-21 17:30:00+00:00,0,normal,25.6161,7.2853,6.8635,10.0713,17.7205
2026-02-21 17:40:00+00:00,0,normal,25.5473,7.2963,6.9199,10.188,17.7359
2026-02-21 17:50:00+00:00,0,normal,25.4002,7.2787,7.0051,10.2213,17.7342
2026-02-21 18:00:00+00:00,0,normal,25.3386,7.2659,7.0874,10.4604,17.7275
2026-02-21 18:10:00+00:00,0,normal,25.3865,7.2635,7.0779,10.2491,17.7108
2026-02-21 18:20:00+00:00,0,normal,25.432,7.2774,7.0112,10.2752,17.6973
2026-02-21 18:30:00+00:00,0,normal,25.3378,7.2702,7.063,10.2598,17.6741
2026-02-21 18:40:00+00:00,0,normal,25.3259,7.2659,7.0684,10.6967,17.6571
2026-02-21 18:50:00+00:00,0,normal,25.2925,7.258,7.1064,10.613,17.6689
2026-02-21 19:00:00+00:00,0,normal,25.2513,7.2626,7.1452,10.6451,17.6501
2026-02-21 19:10:00+00:00,0,normal,25.1528,7.2681,7.2998,10.3949,17.6583
2026-02-21 19:20:00+00:00,0,normal,25.1728,7.2645,7.3007,10.5761,17.6606
2026-02-21 19:30:00+00:00,0,normal,25.1306,7.2657,7.3465,10.2416,17.6863
2026-02-21 19:40:00+00:00,0,normal,25.1019,7.2722,7.3471,10.1182,17.6687
2026-02-21 19:50:00+00:00,0,normal,25.0724,7.2638,7.371,10.0712,17.6847
2026-02-21 20:00:00+00:00,0,normal,25.0325,7.245,7.3138,10.5696,17.6821
2026-02-21 20:10:00+00:00,0,normal,24.9959,7.2293,7.4454,10.4369,17.6905
2026-02-21 20:20:00+00:00,0,normal,25.003,7.2415,7.3838,10.3672,17.6896
2026-02-21 20:30:00+00:00,0,normal,25.0022,7.2507,7.4882,10.4603,17.6808
2026-02-21 20:40:00+00:00,0,normal,24.9704,7.2605,7.5107,10.4749,17.6681
2026-02-21 20:50:00+00:00,0,normal,24.9779,7.2749,7.4965,10.3758,17.6721
2026-02-21 21:00:00+00:00,0,normal,24.9066,7.2927,7.511,10.3608,17.6616
2026-02-21 21:10:00+00:00,0,normal,24.8625,7.2771,7.5626,10.3788,17.6541
2026-02-21 21:20:00+00:00,0,normal,24.8644,7.2743,7.4899,10.4156,17.659
2026-02-21 21:30:00+00:00,0,normal,24.8689,7.274,7.4211,10.5245,17.6701
2026-02-21 21:40:00+00:00,0,normal,24.8094,7.2959,7.4855,10.3708,17.6501
2026-02-21 21:50:00+00:00,0,normal,24.832,7.3084,7.4044,10.2216,17.6533
2026-02-21 22:00:00+00:00,0,normal,24.7649,7.3188,7.4962,10.4493,17.6748
2026-02-21 22:10:00+00:00,0,normal,24.6981,7.3367,7.6189,10.4515,17.6816
2026-02-21 22:20:00+00:00,0,normal,24.7103,7.359,7.6418,10.458,17.6678
2026-02-21 22:30:00+00:00,0,normal,24.7454,7.3323,7.545,10.7019,17.6884
2026-02-21 22:40:00+00:00,0,normal,24.7483,7.3281,7.5682,10.728,17.7
2026-02-21 22:50:00+00:00,0,normal,24.7327,7.3329,7.5326,10.7272,17.7006
2026-02-21 23:00:00+00:00,0,normal,24.7491,7.3343,7.5061,10.8544,17.7036
2026-02-21 23:10:00+00:00,0,normal,24.7389,7.3284,7.5262,10.8812,17.742
2026-02-21 23:20:00+00:00,0,normal,24.7747,7.3496,7.5731,10.6663,17.7423
2026-02-21 23:30:00+00:00,0,normal,24.8219,7.358,7.4971,10.8294,17.7608
2026-02-21 23:40:00+00:00,0,normal,24.942,7.382,7.4776,10.7953,17.7641
2026-02-21 23:50:00+00:00,0,normal,24.9714,7.3735,7.3946,10.5705,17.7759
2026-02-22 00:00:00+00:00,0,normal,24.9347,7.3786,7.4565,10.6527,18.3009
2026-02-22 00:10:00+00:00,0,normal,24.9361,7.3719,7.4698,10.8297,18.2873
2026-02-22 00:20:00+00:00,0,normal,24.8837,7.3732,7.5672,10.8519,18.263
2026-02-22 00:30:00+00:00,0,normal,24.8544,7.3744,7.5117,11.0296,18.2507
2026-02-22 00:40:00+00:00,0,normal,24.8529,7.3996,7.46,11.165,18.2366
2026-02-22 00:50:00+00:00,0,normal,24.9887,7.4169,7.371,11.3053,18.2425
2026-02-22 01:00:00+00:00,0,normal,25.0216,7.4547,7.341,11.2931,18.2508
2026-02-22 01:10:00+00:00,0,normal,25.1121,7.4902,7.2384,11.2758,18.2454
2026-02-22 01:20:00+00:00,0,normal,25.199,7.5006,7.2024,11.082,18.2544
2026-02-22 01:30:00+00:00,0,normal,25.214,7.5102,7.208,11.1649,18.2539
2026-02-22 01:40:00+00:00,0,normal,25.2354,7.5196,7.1831,10.899,18.2559
2026-02-22 01:50:00+00:00,0,normal,25.2104,7.5235,7.1994,10.9582,18.248
2026-02-22 02:00:00+00:00,0,normal,25.2274,7.5109,7.1562,11.0321,18.2558
2026-02-22 02:10:00+00:00,0,normal,25.2901,7.5404,7.1747,11.0992,18.2528
2026-02-22 02:20:00+00:00,0,normal,25.4102,7.5638,7.1809,11.0958,18.2519
2026-02-22 02:30:00+00:00,0,normal,25.3989,7.5659,7.1511,11.3342,18.2538
2026-02-22 02:40:00+00:00,0,normal,25.4604,7.5654,7.1438,11.2678,18.2647
2026-02-22 02:50:00+00:00,0,normal,25.502,7.5912,7.1145,11.3404,18.2603
2026-02-22 03:00:00+00:00,0,normal,25.5283,7.5822,7.0831,11.4431,18.2551
2026-02-22 03:10:00+00:00,0,normal,25.5442,7.5865,7.0306,11.3208,18.2683
2026-02-22 03:20:00+00:00,0,normal,25.658,7.6084,6.9433,11.2731,18.2683
2026-02-22 03:30:00+00:00,0,normal,25.7337,7.6414,6.9287,11.4267,18.2781
2026-02-22 03:40:00+00:00,0,normal,25.827,7.6506,6.9117,11.5159,18.273
2026-02-22 03:50:00+00:00,0,normal,25.9137,7.6878,6.8206,11.3472,18.2754
2026-02-22 04:00:00+00:00,0,normal,26.0303,7.7019,6.7483,11.3671,18.2658
2026-02-22 04:10:00+00:00,0,normal,26.0449,7.7013,6.7247,11.3036,18.2658
2026-02-22 04:20:00+00:00,0,normal,26.1715,7.7199,6.5494,11.2007,18.2593
2026-02-22 04:30:00+00:00,0,normal,26.2087,7.7386,6.4958,11.0945,18.2575
2026-02-22 04:40:00+00:00,0,normal,26.2728,7.7301,6.4584,11.1742,18.2638
2026-02-22 04:50:00+00:00,0,normal,26.2379,7.7352,6.4333,11.3047,18.288
2026-02-22 05:00:00+00:00,0,normal,26.2012,7.7408,6.5032,11.0246,18.2881
2026-02-22 05:10:00+00:00,0,normal,26.2392,7.7134,6.4834,11.1031,18.2768
2026-02-22 05:20:00+00:00,0,normal,26.3133,7.7123,6.419,11.2557,18.2836
2026-02-22 05:30:00+00:00,0,normal,26.3665,7.729,6.3541,11.2259,18.2739
2026-02-22 05:40:00+00:00,0,normal,26.4526,7.7357,6.2845,11.2186,18.2469
2026-02-22 05:50:00+00:00,0,normal,26.6512,7.776,6.1713,11.6743,18.2502
2026-02-22 06:00:00+00:00,0,normal,26.67,7.809,6.1809,11.5946,18.2398
2026-02-22 06:10:00+00:00,0,normal,26.7176,7.8155,6.1966,11.4543,18.2429
2026-02-22 06:20:00+00:00,0,normal,26.7686,7.8194,6.2294,11.7048,18.2553
2026-02-22 06:30:00+00:00,0,normal,26.8949,7.8386,6.1877,11.8929,18.27
2026-02-22 06:40:00+00:00,0,normal,26.874,7.8238,6.1978,11.5767,18.2703
2026-02-22 06:50:00+00:00,0,normal,26.9098,7.8138,6.1395,11.5124,18.2782
2026-02-22 07:00:00+00:00,0,normal,26.882,7.815,6.0819,11.5609,18.2861
2026-02-22 07:10:00+00:00,0,normal,26.9561,7.7874,6.0142,11.3961,18.2749
2026-02-22 07:20:00+00:00,0,normal,26.9473,7.7765,6.021,11.2321,18.2737
2026-02-22 07:30:00+00:00,0,normal,27.0113,7.7872,5.9368,11.042,18.271
2026-02-22 07:40:00+00:00,0,normal,27.1815,7.7988,5.8992,10.8534,18.2764
2026-02-22 07:50:00+00:00,0,normal,27.2797,7.805,5.881,10.9317,18.2577
2026-02-22 08:00:00+00:00,0,normal,27.2075,7.8217,5.9012,10.9419,18.2721
2026-02-22 08:10:00+00:00,0,normal,27.2139,7.8001,5.9265,10.8824,18.2395
2026-02-22 08:20:00+00:00,0,normal,27.1891,7.8056,5.9318,11.0128,18.2244
2026-02-22 08:30:00+00:00,0,normal,27.0872,7.7937,5.9523,11.1604,18.2049
2026-02-22 08:40:00+00:00,0,normal,27.0833,7.7822,5.8962,11.0046,18.2041
2026-02-22 08:50:00+00:00,0,normal,27.1292,7.7941,5.9754,10.7448,18.1818
2026-02-22 09:00:00+00:00,0,normal,27.1041,7.8162,5.8845,10.6055,18.1877
2026-02-22 09:10:00+00:00,0,normal,27.2122,7.8053,5.8014,10.7603,18.1797
2026-02-22 09:20:00+00:00,0,normal,27.2506,7.8133,5.7427,10.8474,18.176
2026-02-22 09:30:00+00:00,0,normal,27.268,7.8047,5.8411,10.7035,18.1743
2026-02-22 09:40:00+00:00,0,normal,27.3252,7.7897,5.6707,10.94,18.1622
2026-02-22 09:50:00+00:00,0,normal,27.3987,7.791,5.6967,11.0981,18.167
2026-02-22 10:00:00+00:00,0,normal,27.3553,7.7746,5.7113,10.8356,18.1625
2026-02-22 10:10:00+00:00,0,normal,27.3709,7.7536,5.6851,10.9269,18.1716
2026-02-22 10:20:00+00:00,0,normal,27.3831,7.759,5.6269,11.0888,18.1692
2026-02-22 10:30:00+00:00,0,normal,27.3768,7.7537,5.6233,10.9796,18.1726
2026-02-22 10:40:00+00:00,0,normal,27.3815,7.7413,5.6115,10.8362,18.1655
2026-02-22 10:50:00+00:00,0,normal,27.3696,7.7272,5.6536,11.0966,18.1641
2026-02-22 11:00:00+00:00,0,normal,27.3268,7.7036,5.7668,10.9517,18.1609
2026-02-22 11:10:00+00:00,0,normal,27.3646,7.7054,5.6906,10.7703,18.1435
2026-02-22 11:20:00+00:00,0,normal,27.3085,7.684,5.735,10.9014,18.1321
2026-02-22 11:30:00+00:00,0,normal,27.2784,7.663,5.7398,10.6624,18.128
2026-02-22 11:40:00+00:00,0,normal,27.2681,7.6469,5.7263,10.4803,18.1374
2026-02-22 11:50:00+00:00,0,normal,27.2326,7.6687,5.7662,10.449,18.1222
2026-02-22 12:00:00+00:00,0,normal,27.1248,7.6494,5.8537,10.4519,18.1142
2026-02-22 12:10:00+00:00,0,normal,27.1034,7.6519,5.7915,10.3313,18.1131
2026-02-22 12:20:00+00:00,0,normal,27.0438,7.6481,5.8204,10.3892,18.1155
2026-02-22 12:30:00+00:00,0,normal,26.9465,7.6352,5.8663,10.4147,18.1036
2026-02-22 12:40:00+00:00,0,normal,26.9132,7.6061,5.7972,10.4729,18.1039
2026-02-22 12:50:00+00:00,0,normal,26.9181,7.5897,5.7836,10.2959,18.1176
2026-02-22 13:00:00+00:00,0,normal,26.9409,7.5719,5.8182,10.1748,18.0934
2026-02-22 13:10:00+00:00,0,normal,26.9412,7.5572,5.9008,10.2528,18.0864
2026-02-22 13:20:00+00:00,0,normal,26.8611,7.5644,5.9595,10.3045,18.0711
2026-02-22 13:30:00+00:00,0,normal,26.867,7.573,5.9667,10.2057,18.0714
2026-02-22 13:40:00+00:00,0,normal,26.7951,7.5505,6.0997,10.3661,18.0643
2026-02-22 13:50:00+00:00,0,normal,26.7222,7.544,6.1572,10.3469,18.0773
2026-02-22 14:00:00+00:00,0,normal,26.6567,7.54,6.1474,10.3993,18.0639
2026-02-22 14:10:00+00:00,0,normal,26.697,7.522,6.0891,10.3292,18.0583
2026-02-22 14:20:00+00:00,0,normal,26.6228,7.498,6.1642,10.2712,18.063
2026-02-22 14:30:00+00:00,0,normal,26.5934,7.5048,6.0846,10.4106,18.0523
2026-02-22 14:40:00+00:00,0,normal,26.5758,7.4948,6.1472,10.301,18.048
2026-02-22 14:50:00+00:00,0,normal,26.525,7.4828,6.2259,10.3234,18.0564
2026-02-22 15:00:00+00:00,0,normal,26.5196,7.4828,6.2837,10.2306,18.0509
2026-02-22 15:10:00+00:00,0,normal,26.505,7.4721,6.209,10.443,18.0291
2026-02-22 15:20:00+00:00,0,normal,26.477,7.4474,6.2724,10.2873,18.0303
2026-02-22 15:30:00+00:00,0,normal,26.311,7.4327,6.3625,10.2759,18.0401
2026-02-22 15:40:00+00:00,0,normal,26.2981,7.4187,6.3484,10.2096,18.023
2026-02-22 15:50:00+00:00,0,normal,26.1885,7.3954,6.4569,10.1506,18.0271
2026-02-22 16:00:00+00:00,0,normal,26.1261,7.3925,6.6186,9.8648,18.0114
2026-02-22 16:10:00+00:00,0,normal,26.0127,7.4013,6.6798,9.9227,18.0109
2026-02-22 16:20:00+00:00,0,normal,25.9799,7.3842,6.6728,10.2129,17.9817
2026-02-22 16:30:00+00:00,0,normal,25.9565,7.3686,6.6335,10.3594,17.9731
2026-02-22 16:40:00+00:00,0,normal,25.8843,7.3604,6.617,10.5114,17.9682
2026-02-22 16:50:00+00:00,0,normal,25.8459,7.3317,6.6159,10.6479,17.9736
2026-02-22 17:00:00+00:00,0,normal,25.8317,7.3316,6.5982,10.6742,17.9417
2026-02-22 17:10:00+00:00,0,normal,25.8063,7.3265,6.6162,10.7781,17.9376
2026-02-22 17:20:00+00:00,0,normal,25.6811,7.3137,6.7424,10.6,17.9408
2026-02-22 17:30:00+00:00,0,normal,25.6171,7.3022,6.7833,10.7857,17.9501
2026-02-22 17:40:00+00:00,0,normal,25.5244,7.3045,6.8372,10.6121,17.9664
2026-02-22 17:50:00+00:00,0,normal,25.4312,7.2712,6.9118,10.663,17.9851
2026-02-22 18:00:00+00:00,0,normal,25.383,7.2818,6.9873,10.3583,17.9957
2026-02-22 18:10:00+00:00,0,normal,25.37,7.2741,6.965,10.3615,18.0002
2026-02-22 18:20:00+00:00,0,normal,25.3793,7.2677,6.9348,10.177,17.9969
2026-02-22 18:30:00+00:00,0,normal,25.2809,7.2685,7.0128,10.2255,17.9837
2026-02-22 18:40:00+00:00,0,normal,25.3064,7.2727,7.0186,10.1572,17.9803
2026-02-22 18:50:00+00:00,0,normal,25.2777,7.2544,7.0282,10.3757,17.9795
2026-02-22 19:00:00+00:00,0,normal,25.1837,7.2645,7.0872,10.2349,17.9803
2026-02-22 19:10:00+00:00,0,normal,25.1618,7.2773,7.1885,10.2639,17.9551
2026-02-22 19:20:00+00:00,0,normal,25.1712,7.2717,7.1768,10.2474,17.9534
2026-02-22 19:30:00+00:00,0,normal,25.0624,7.2543,7.2787,10.3185,17.955
2026-02-22 19:40:00+00:00,0,normal,25.0948,7.2431,7.2661,10.3588,17.9356
2026-02-22 19:50:00+00:00,0,normal,25.0812,7.2316,7.3043,10.5915,17.9344
2026-02-22 20:00:00+00:00,0,normal,25.0209,7.2186,7.339,10.5535,17.9562
2026-02-22 20:10:00+00:00,0,normal,24.9837,7.221,7.4055,10.5162,17.9384
2026-02-22 20:20:00+00:00,0,normal,25.0417,7.2221,7.3814,10.6522,17.9311
2026-02-22 20:30:00+00:00,0,normal,24.9319,7.2298,7.4271,10.6628,17.9449
2026-02-22 20:40:00+00:00,0,normal,24.8546,7.2333,7.4819,10.4865,17.9289
2026-02-22 20:50:00+00:00,0,normal,24.8131,7.2437,7.4911,10.6585,17.9129
2026-02-22 21:00:00+00:00,0,normal,24.8576,7.2505,7.3653,10.7367,17.9262
2026-02-22 21:10:00+00:00,0,normal,24.8295,7.2661,7.3169,10.4896,17.936
2026-02-22 21:20:00+00:00,0,normal,24.826,7.2681,7.3555,10.2306,17.9514
2026-02-22 21:30:00+00:00,0,normal,24.9201,7.2902,7.3106,10.2518,17.9652
2026-02-22 21:40:00+00:00,0,normal,24.9628,7.2947,7.2926,10.1984,17.9646
2026-02-22 21:50:00+00:00,0,normal,24.8993,7.306,7.4194,10.5532,17.9774
2026-02-22 22:00:00+00:00,0,normal,24.8595,7.3096,7.4714,10.5312,17.9784
2026-02-22 22:10:00+00:00,0,normal,24.879,7.3224,7.4242,10.7906,17.942
2026-02-22 22:20:00+00:00,0,normal,24.8005,7.3123,7.4367,11.15,17.9494
2026-02-22 22:30:00+00:00,0,normal,24.777,7.3227,7.4401,11.2583,17.9601
2026-02-22 22:40:00+00:00,0,normal,24.8034,7.3143,7.3999,11.2932,17.9559
2026-02-22 22:50:00+00:00,0,normal,24.7567,7.323,7.4273,11.5238,17.9361
2026-02-22 23:00:00+00:00,0,normal,24.7484,7.3439,7.4077,11.6477,17.9785
2026-02-22 23:10:00+00:00,0,normal,24.7801,7.3639,7.3375,11.4294,17.9718
2026-02-22 23:20:00+00:00,0,normal,24.8319,7.3818,7.3366,11.4549,17.9791
2026-02-22 23:30:00+00:00,0,normal,24.7717,7.3787,7.3289,11.424,17.9672
2026-02-22 23:40:00+00:00,0,normal,24.8383,7.3789,7.2579,11.2562,17.9891
2026-02-22 23:50:00+00:00,0,normal,24.8495,7.3762,7.3388,10.696,17.9809
2026-02-23 00:00:00+00:00,0,normal,24.9189,7.386,7.4355,10.7041,17.9781
2026-02-23 00:10:00+00:00,0,normal,24.9063,7.3801,7.4306,10.5632,17.961
2026-02-23 00:20:00+00:00,0,normal,25.0655,7.4029,7.3978,10.4789,17.974
2026-02-23 00:30:00+00:00,0,normal,25.1332,7.4387,7.4348,10.5212,17.9623
2026-02-23 00:40:00+00:00,0,normal,25.1679,7.4539,7.3193,10.9241,17.9528
2026-02-23 00:50:00+00:00,0,normal,25.1759,7.4663,7.2885,11.0155,17.9661
2026-02-23 01:00:00+00:00,0,normal,25.2006,7.4777,7.3131,11.0988,17.98
2026-02-23 01:10:00+00:00,0,normal,25.2045,7.489,7.3542,11.0468,17.9813
2026-02-23 01:20:00+00:00,0,normal,25.172,7.493,7.3385,11.0557,17.9807
2026-02-23 01:30:00+00:00,0,normal,25.1981,7.4953,7.3558,11.1612,17.9879
2026-02-23 01:40:00+00:00,0,normal,25.2483,7.4924,7.3388,11.3942,17.9774
2026-02-23 01:50:00+00:00,0,normal,25.3492,7.5028,7.2593,11.2957,17.969
2026-02-23 02:00:00+00:00,0,normal,25.2843,7.5092,7.2484,11.3398,17.9807
2026-02-23 02:10:00+00:00,0,normal,25.4284,7.5252,7.1651,11.2642,18.0017
2026-02-23 02:20:00+00:00,0,normal,25.5009,7.5271,7.1659,10.9922,17.9961
2026-02-23 02:30:00+00:00,0,normal,25.4656,7.5458,7.0937,10.9645,18.0019
2026-02-23 02:40:00+00:00,0,normal,25.3634,7.5518,7.1129,11.3209,17.9949
2026-02-23 02:50:00+00:00,0,normal,25.4386,7.5673,7.0271,11.2692,17.9887
2026-02-23 03:00:00+00:00,0,normal,25.4402,7.5672,7.1097,11.6353,17.987
2026-02-23 03:10:00+00:00,0,normal,25.4954,7.5904,7.0804,11.7631,17.9844
2026-02-23 03:20:00+00:00,0,normal,25.6392,7.598,6.966,11.6285,17.9813
2026-02-23 03:30:00+00:00,0,normal,25.7811,7.6159,6.8875,11.5953,17.9994
2026-02-23 03:40:00+00:00,0,normal,25.8504,7.6243,6.8649,11.5342,18.0227
2026-02-23 03:50:00+00:00,0,normal,25.8908,7.6476,6.7423,11.4356,18.039
2026-02-23 04:00:00+00:00,0,normal,25.949,7.6605,6.6485,11.4696,18.0519
2026-02-23 04:10:00+00:00,0,normal,25.9894,7.6715,6.7057,11.4162,18.0455
2026-02-23 04:20:00+00:00,0,normal,26.0356,7.6792,6.6392,11.1758,18.0462
2026-02-23 04:30:00+00:00,0,normal,26.1627,7.6941,6.5728,11.0356,18.0298
2026-02-23 04:40:00+00:00,0,normal,26.2098,7.6855,6.5182,11.0704,17.9909
2026-02-23 04:50:00+00:00,0,normal,26.2316,7.6996,6.5116,11.1295,17.9684
2026-02-23 05:00:00+00:00,0,normal,26.2577,7.7013,6.4942,11.1873,17.9631
2026-02-23 05:10:00+00:00,0,normal,26.3783,7.6986,6.4704,11.1609,17.9667
2026-02-23 05:20:00+00:00,0,normal,26.3939,7.709,6.4309,11.4265,17.9627
2026-02-23 05:30:00+00:00,0,normal,26.4434,7.7198,6.4259,11.3768,17.9804
2026-02-23 05:40:00+00:00,0,normal,26.5594,7.7181,6.3778,11.3126,18.0077
2026-02-23 05:50:00+00:00,0,normal,26.7065,7.7448,6.2395,11.4248,18.0147
2026-02-23 06:00:00+00:00,0,normal,26.7249,7.7452,6.1524,11.5202,18.0035
2026-02-23 06:10:00+00:00,0,normal,26.8225,7.7673,6.1103,11.4637,17.9976
2026-02-23 06:20:00+00:00,0,normal,26.932,7.7879,6.0957,11.454,18.0069
2026-02-23 06:30:00+00:00,0,normal,26.9229,7.7899,6.1023,11.4146,17.9983
2026-02-23 06:40:00+00:00,0,normal,26.8914,7.7784,6.1365,11.1564,17.9967
2026-02-23 06:50:00+00:00,0,normal,26.8809,7.8089,6.1377,11.1049,18.0001
2026-02-23 07:00:00+00:00,0,normal,26.8708,7.8005,6.139,11.1028,18.0067
2026-02-23 07:10:00+00:00,0,normal,26.851,7.7855,6.1015,10.9611,17.9852
2026-02-23 07:20:00+00:00,0,normal,26.8968,7.7796,6.0729,11.1302,17.9744
2026-02-23 07:30:00+00:00,0,normal,26.9056,7.8034,6.0816,11.3045,17.9679
2026-02-23 07:40:00+00:00,0,normal,26.9763,7.8108,6.1266,11.2787,17.9683
2026-02-23 07:50:00+00:00,0,normal,27.0359,7.8099,6.024,11.2546,17.945
2026-02-23 08:00:00+00:00,0,normal,27.0853,7.8187,5.9336,11.2677,17.9504
2026-02-23 08:10:00+00:00,0,normal,27.0618,7.8362,5.9142,11.1739,17.9375
2026-02-23 08:20:00+00:00,0,normal,27.089,7.8234,5.8289,11.1034,17.9356
2026-02-23 08:30:00+00:00,0,normal,27.0696,7.7929,5.7424,11.0773,17.9237
2026-02-23 08:40:00+00:00,0,normal,27.082,7.7863,5.8022,10.909,17.9427
2026-02-23 08:50:00+00:00,0,normal,27.1251,7.7798,5.7827,10.7995,17.9415
2026-02-23 09:00:00+00:00,0,normal,27.2199,7.774,5.7259,10.7493,17.9472
2026-02-23 09:10:00+00:00,0,normal,27.2345,7.7712,5.6889,10.741,17.9404
2026-02-23 09:20:00+00:00,0,normal,27.312,7.7736,5.6834,10.5712,17.9304
2026-02-23 09:30:00+00:00,0,normal,27.2978,7.7594,5.6823,10.6325,17.8995
2026-02-23 09:40:00+00:00,0,normal,27.248,7.7499,5.7705,10.5845,17.9006
2026-02-23 09:50:00+00:00,0,normal,27.2723,7.7487,5.7879,10.6803,17.8922
2026-02-23 10:00:00+00:00,0,normal,27.3346,7.7467,5.8043,10.6632,17.9075
2026-02-23 10:10:00+00:00,0,normal,27.362,7.7729,5.8213,10.85,17.9095
2026-02-23 10:20:00+00:00,0,normal,27.3568,7.776,5.7962,10.8805,17.9138
2026-02-23 10:30:00+00:00,0,normal,27.4376,7.787,5.7035,10.8899,17.895
2026-02-23 10:40:00+00:00,0,normal,27.3881,7.7827,5.7029,10.667,17.9075
2026-02-23 10:50:00+00:00,0,normal,27.3748,7.7722,5.7384,10.67,17.8792
2026-02-23 11:00:00+00:00,0,normal,27.3126,7.7468,5.6882,10.5706,17.8776
2026-02-23 11:10:00+00:00,0,normal,27.3144,7.7381,5.6395,10.6101,17.8727
2026-02-23 11:20:00+00:00,0,normal,27.1705,7.7059,5.7156,10.6718,17.8701
2026-02-23 11:30:00+00:00,0,normal,27.1608,7.6807,5.6699,10.7307,17.852
2026-02-23 11:40:00+00:00,0,normal,27.1217,7.6686,5.6218,10.6925,17.8511
2026-02-23 11:50:00+00:00,0,normal,27.1043,7.6589,5.6612,10.6414,17.8458
2026-02-23 12:00:00+00:00,0,normal,27.1524,7.6524,5.7078,10.5306,17.8283
2026-02-23 12:10:00+00:00,0,normal,27.1724,7.6601,5.7381,10.594,17.8319
2026-02-23 12:20:00+00:00,0,normal,27.1356,7.6575,5.8087,10.7422,17.8293
2026-02-23 12:30:00+00:00,0,normal,27.0703,7.6337,5.8889,10.7853,17.8222
2026-02-23 12:40:00+00:00,0,normal,27.0334,7.6207,5.9917,10.5174,17.8154
2026-02-23 12:50:00+00:00,0,normal,26.9741,7.6194,5.9761,10.4498,17.8163
2026-02-23 13:00:00+00:00,0,normal,27.034,7.5978,5.9318,10.3447,17.7991
2026-02-23 13:10:00+00:00,0,normal,26.9922,7.5898,5.9292,10.006,17.7937
2026-02-23 13:20:00+00:00,0,normal,26.9602,7.5864,5.9048,9.7628,17.8047
2026-02-23 13:30:00+00:00,0,normal,26.8987,7.5693,5.9126,10.0081,17.7988
2026-02-23 13:40:00+00:00,0,normal,26.8669,7.548,5.9436,10.1148,17.7898
2026-02-23 13:50:00+00:00,0,normal,26.8108,7.5307,5.9933,10.1563,17.7893
2026-02-23 14:00:00+00:00,0,normal,26.7877,7.5191,6.0248,10.2238,17.7901
2026-02-23 14:10:00+00:00,0,normal,26.7176,7.4943,6.1485,10.2889,17.7593
2026-02-23 14:20:00+00:00,0,normal,26.6652,7.4988,6.1137,10.231,17.7413
2026-02-23 14:30:00+00:00,0,normal,26.5761,7.4868,6.2129,10.2386,17.7648
2026-02-23 14:40:00+00:00,0,normal,26.5063,7.4831,6.2631,10.2099,17.7519
2026-02-23 14:50:00+00:00,0,normal,26.3857,7.4774,6.2811,10.3418,17.7381
2026-02-23 15:00:00+00:00,0,normal,26.3734,7.4708,6.2427,10.3977,17.7479
2026-02-23 15:10:00+00:00,0,normal,26.427,7.4483,6.2954,10.34,17.7485
2026-02-23 15:20:00+00:00,0,normal,26.3607,7.4207,6.3541,10.2406,17.7102
2026-02-23 15:30:00+00:00,0,normal,26.3417,7.4282,6.3705,10.2822,17.699
2026-02-23 15:40:00+00:00,0,normal,26.3862,7.4286,6.4085,9.9884,17.6921
2026-02-23 15:50:00+00:00,0,normal,26.3051,7.4108,6.4452,9.9627,17.684
2026-02-23 16:00:00+00:00,0,normal,26.1825,7.3962,6.5012,10.1372,17.6791
2026-02-23 16:10:00+00:00,0,normal,26.1317,7.4033,6.4728,10.3959,17.6781
2026-02-23 16:20:00+00:00,0,normal,25.9898,7.3725,6.5173,10.2365,17.6797
2026-02-23 16:30:00+00:00,0,normal,25.8776,7.3428,6.589,10.4161,17.6922
2026-02-23 16:40:00+00:00,0,normal,25.9172,7.3521,6.6447,10.6142,17.6875
2026-02-23 16:50:00+00:00,0,normal,25.8391,7.3528,6.7351,10.5222,17.6898
2026-02-23 17:00:00+00:00,0,normal,25.8295,7.337,6.8008,10.4252,17.7133
2026-02-23 17:10:00+00:00,0,normal,25.7956,7.3359,6.8438,10.5406,17.7094
2026-02-23 17:20:00+00:00,0,normal,25.7777,7.3199,6.8453,10.5369,17.7242
2026-02-23 17:30:00+00:00,0,normal,25.6924,7.3079,6.8924,10.4091,17.7359
2026-02-23 17:40:00+00:00,0,normal,25.6556,7.2821,6.9196,10.4667,17.7359
2026-02-23 17:50:00+00:00,0,normal,25.5877,7.2794,6.9647,10.607,17.7186
2026-02-23 18:00:00+00:00,0,normal,25.4812,7.2632,7.0346,10.3476,17.7348
2026-02-23 18:10:00+00:00,0,normal,25.4505,7.2767,7.0762,10.3528,17.6992
2026-02-23 18:20:00+00:00,0,normal,25.2951,7.269,7.1515,10.2882,17.6856
2026-02-23 18:30:00+00:00,0,normal,25.2634,7.2814,7.1637,10.3034,17.6979
2026-02-23 18:40:00+00:00,0,normal,25.23,7.2808,7.1682,10.1884,17.6954
2026-02-23 18:50:00+00:00,0,normal,25.2839,7.2675,7.147,10.3819,17.6779
2026-02-23 19:00:00+00:00,0,normal,25.1806,7.2344,7.2014,10.4832,17.677
2026-02-23 19:10:00+00:00,0,normal,25.1882,7.2313,7.2826,10.5535,17.6626
2026-02-23 19:20:00+00:00,0,normal,25.1341,7.2293,7.2546,10.6781,17.6565
2026-02-23 19:30:00+00:00,0,normal,25.0743,7.2241,7.2555,10.5625,17.6588
2026-02-23 19:40:00+00:00,0,normal,24.9448,7.2292,7.3355,10.6662,17.6722
2026-02-23 19:50:00+00:00,0,normal,24.9591,7.2462,7.3559,10.6181,17.6762
2026-02-23 20:00:00+00:00,0,normal,24.9823,7.2483,7.3062,10.5044,17.6896
2026-02-23 20:10:00+00:00,0,normal,24.9688,7.2535,7.3853,10.6088,17.6744
2026-02-23 20:20:00+00:00,0,normal,24.9549,7.2633,7.3944,10.5613,17.681
2026-02-23 20:30:00+00:00,0,normal,25.0122,7.2711,7.3483,10.495,17.6643
2026-02-23 20:40:00+00:00,0,normal,24.9714,7.2734,7.3547,10.4364,17.6695
2026-02-23 20:50:00+00:00,0,normal,24.8709,7.2768,7.4019,10.6117,17.6741
2026-02-23 21:00:00+00:00,0,normal,24.8685,7.2769,7.391,10.4061,17.6711
2026-02-23 21:10:00+00:00,0,normal,24.8001,7.2857,7.457,10.6797,17.6616
2026-02-23 21:20:00+00:00,0,normal,24.7585,7.2925,7.5142,10.8145,17.6696
2026-02-23 21:30:00+00:00,0,normal,24.7847,7.3094,7.5006,10.9019,17.6642
2026-02-23 21:40:00+00:00,0,normal,24.8973,7.307,7.4057,10.7814,17.6818
2026-02-23 21:50:00+00:00,0,normal,24.8853,7.3021,7.3611,10.8458,17.6943
2026-02-23 22:00:00+00:00,0,normal,24.9362,7.2762,7.3589,10.7603,17.6976
2026-02-23 22:10:00+00:00,0,normal,24.9039,7.2821,7.3753,10.7205,17.6954
2026-02-23 22:20:00+00:00,0,normal,24.8969,7.2833,7.3865,10.7595,17.6974
2026-02-23 22:30:00+00:00,0,normal,24.8474,7.2749,7.4492,10.7712,17.6761
2026-02-23 22:40:00+00:00,0,normal,24.8991,7.2918,7.503,11.0539,17.6679
2026-02-23 22:50:00+00:00,0,normal,24.8682,7.3221,7.481,10.9982,17.6765
2026-02-23 23:00:00+00:00,0,normal,24.9223,7.3358,7.4419,10.8755,17.6951
2026-02-23 23:10:00+00:00,0,normal,24.9647,7.329,7.4705,10.7959,17.6945
2026-02-23 23:20:00+00:00,0,normal,24.979,7.3676,7.4498,10.8932,17.7054
2026-02-23 23:30:00+00:00,0,normal,24.9126,7.3709,7.4015,10.8829,17.7084
2026-02-23 23:40:00+00:00,0,normal,25.0439,7.3857,7.3582,10.9085,17.7055
2026-02-23 23:50:00+00:00,0,normal,25.0359,7.3878,7.3547,11.0402,17.6814
2026-02-24 00:00:00+00:00,0,normal,25.0198,7.41,7.3372,11.2727,18.2294
2026-02-24 00:10:00+00:00,0,normal,25.0621,7.424,7.3101,11.4323,18.2191
2026-02-24 00:20:00+00:00,0,normal,25.1402,7.4351,7.3639,11.3111,18.2253
2026-02-24 00:30:00+00:00,0,normal,25.0721,7.4381,7.3978,11.3715,18.2154
2026-02-24 00:40:00+00:00,0,normal,25.1368,7.463,7.3227,11.3104,18.2086
2026-02-24 00:50:00+00:00,0,normal,25.1651,7.4692,7.3119,11.1532,18.2054
2026-02-24 01:00:00+00:00,0,normal,25.1487,7.4578,7.3727,10.895,18.2133
2026-02-24 01:10:00+00:00,0,normal,25.2545,7.4805,7.2613,10.8149,18.209
2026-02-24 01:20:00+00:00,0,normal,25.2932,7.5024,7.2284,10.7624,18.2157
2026-02-24 01:30:00+00:00,0,normal,25.3627,7.5158,7.2332,10.8412,18.2396
2026-02-24 01:40:00+00:00,0,normal,25.402,7.535,7.222,10.9692,18.2458
2026-02-24 01:50:00+00:00,0,normal,25.4738,7.5372,7.1137,11.0857,18.2479
2026-02-24 02:00:00+00:00,0,normal,25.4258,7.5325,7.0828,11.0858,18.2754
2026-02-24 02:10:00+00:00,0,normal,25.425,7.5238,7.0653,11.0911,18.2782
2026-02-24 02:20:00+00:00,0,normal,25.446,7.5231,7.0525,11.1568,18.275
2026-02-24 02:30:00+00:00,0,normal,25.4928,7.5435,7.0181,11.1764,18.2867
2026-02-24 02:40:00+00:00,0,normal,25.5982,7.5694,6.9492,11.11,18.2809
2026-02-24 02:50:00+00:00,0,normal,25.6229,7.6057,6.9649,11.2056,18.257
2026-02-24 03:00:00+00:00,0,normal,25.7101,7.6208,6.9352,11.2954,18.2602
2026-02-24 03:10:00+00:00,0,normal,25.7365,7.6236,6.8875,11.3512,18.2643
2026-02-24 03:20:00+00:00,0,normal,25.8567,7.6307,6.7991,11.331,18.2529
2026-02-24 03:30:00+00:00,0,normal,25.8373,7.6562,6.8282,11.5228,18.2656
2026-02-24 03:40:00+00:00,0,normal,25.9552,7.656,6.7319,11.4304,18.285
2026-02-24 03:50:00+00:00,0,normal,26.0658,7.6661,6.6755,11.4523,18.2686
2026-02-24 04:00:00+00:00,0,normal,26.148,7.6894,6.6135,11.5332,18.2703
2026-02-24 04:10:00+00:00,0,normal,26.1018,7.6777,6.5892,11.4641,18.2776
2026-02-24 04:20:00+00:00,0,normal,26.1392,7.6714,6.5214,11.3728,18.2696
2026-02-24 04:30:00+00:00,0,normal,26.2051,7.6749,6.5581,11.4859,18.2581
2026-02-24 04:40:00+00:00,0,normal,26.1798,7.6799,6.4904,11.3731,18.2871
2026-02-24 04:50:00+00:00,0,normal,26.2539,7.695,6.4616,11.1639,18.2851
2026-02-24 05:00:00+00:00,0,normal,26.362,7.7105,6.4305,11.2597,18.2936
2026-02-24 05:10:00+00:00,0,normal,26.4785,7.7273,6.4206,11.2567,18.2948
2026-02-24 05:20:00+00:00,0,normal,26.5178,7.7276,6.4063,11.3145,18.294
2026-02-24 05:30:00+00:00,0,normal,26.5821,7.7525,6.4033,11.316,18.2753
2026-02-24 05:40:00+00:00,0,normal,26.5847,7.7419,6.4196,11.2959,18.2718
2026-02-24 05:50:00+00:00,0,normal,26.6572,7.7653,6.3694,11.2388,18.259
2026-02-24 06:00:00+00:00,0,normal,26.6708,7.7815,6.308,11.323,18.2585
2026-02-24 06:10:00+00:00,0,normal,26.6037,7.7856,6.2709,11.2119,18.2383
2026-02-24 06:20:00+00:00,0,normal,26.7083,7.7849,6.1714,11.3096,18.231
2026-02-24 06:30:00+00:00,0,normal,26.7525,7.7916,6.1183,11.3252,18.2391
2026-02-24 06:40:00+00:00,0,normal,26.7886,7.7904,6.1053,11.436,18.2517
2026-02-24 06:50:00+00:00,0,normal,26.9051,7.7868,6.014,11.1906,18.2325
2026-02-24 07:00:00+00:00,0,normal,27.0468,7.7956,5.9414,11.0533,18.2396
2026-02-24 07:10:00+00:00,0,normal,27.0998,7.7996,5.8996,10.9813,18.24
2026-02-24 07:20:00+00:00,0,normal,27.1815,7.7944,5.8539,10.9478,18.2286
2026-02-24 07:30:00+00:00,0,normal,27.259,7.7929,5.8346,10.7705,18.2121
2026-02-24 07:40:00+00:00,0,normal,27.2059,7.7977,5.8676,10.8256,18.2305
2026-02-24 07:50:00+00:00,0,normal,27.2385,7.8038,5.7952,10.869,18.22
2026-02-24 08:00:00+00:00,0,normal,27.2584,7.812,5.7847,10.8955,18.2263
2026-02-24 08:10:00+00:00,0,normal,27.2755,7.8223,5.7758,10.8925,18.2172
2026-02-24 08:20:00+00:00,0,normal,27.2873,7.8176,5.7469,10.8086,18.2075
2026-02-24 08:30:00+00:00,0,normal,27.3354,7.8019,5.7204,10.8442,18.2014
2026-02-24 08:40:00+00:00,0,normal,27.4334,7.7993,5.6826,10.9663,18.2072
2026-02-24 08:50:00+00:00,0,normal,27.5066,7.8091,5.6241,11.0134,18.199
2026-02-24 09:00:00+00:00,0,normal,27.5424,7.8133,5.591,10.9968,18.2097
2026-02-24 09:10:00+00:00,0,normal,27.5374,7.8081,5.534,11.1262,18.2125
2026-02-24 09:20:00+00:00,0,normal,27.6101,7.8086,5.4751,11.1515,18.2215
2026-02-24 09:30:00+00:00,0,normal,27.5048,7.788,5.5837,11.1477,18.1981
2026-02-24 09:40:00+00:00,0,normal,27.3908,7.7522,5.6345,11.0245,18.1942
2026-02-24 09:50:00+00:00,0,normal,27.4331,7.7534,5.5524,11.031,18.1674
2026-02-24 10:00:00+00:00,0,normal,27.428,7.749,5.5796,11.1271,18.1535
2026-02-24 10:10:00+00:00,0,normal,27.3794,7.741,5.6059,11.0035,18.1251
2026-02-24 10:20:00+00:00,0,normal,27.4227,7.7437,5.5143,10.8734,18.1494
2026-02-24 10:30:00+00:00,0,normal,27.3818,7.7484,5.5967,10.9787,18.1407
2026-02-24 10:40:00+00:00,0,normal,27.3251,7.7311,5.6823,11.0503,18.1353
2026-02-24 10:50:00+00:00,0,normal,27.2812,7.7199,5.6625,10.7668,18.1443
2026-02-24 11:00:00+00:00,0,normal,27.3131,7.7199,5.6404,10.7551,18.1343
2026-02-24 11:10:00+00:00,0,normal,27.3369,7.7409,5.6475,10.5419,18.1358
2026-02-24 11:20:00+00:00,0,normal,27.4296,7.7427,5.6019,10.5319,18.1225
2026-02-24 11:30:00+00:00,0,normal,27.4345,7.7487,5.6081,10.3114,18.1248
2026-02-24 11:40:00+00:00,0,normal,27.3892,7.728,5.6432,10.4516,18.1308
2026-02-24 11:50:00+00:00,0,normal,27.3568,7.7192,5.6906,10.3627,18.1331
2026-02-24 12:00:00+00:00,0,normal,27.3208,7.683,5.739,10.7777,18.1165
2026-02-24 12:10:00+00:00,0,normal,27.3199,7.6679,5.7392,10.4449,18.1217
2026-02-24 12:20:00+00:00,0,normal,27.3549,7.6569,5.7087,10.5539,18.1189
2026-02-24 12:30:00+00:00,0,normal,27.3189,7.6646,5.7413,10.5891,18.0889
2026-02-24 12:40:00+00:00,0,normal,27.2527,7.6455,5.7464,10.6496,18.0905
2026-02-24 12:50:00+00:00,0,normal,27.1704,7.6319,5.73,10.412,18.0933
2026-02-24 13:00:00+00:00,0,normal,27.0971,7.6194,5.7594,10.5121,18.0715
2026-02-24 13:10:00+00:00,0,normal,26.9848,7.6012,5.836,10.5331,18.0579
2026-02-24 13:20:00+00:00,0,normal,26.9991,7.5907,5.8163,10.5024,18.0551
2026-02-24 13:30:00+00:00,0,normal,27.0103,7.5907,5.8369,10.5172,18.0379
2026-02-24 13:40:00+00:00,0,normal,26.956,7.5848,5.8947,10.6052,18.0266
2026-02-24 13:50:00+00:00,0,normal,26.8695,7.5677,6.0103,10.6611,18.0336
2026-02-24 14:00:00+00:00,0,normal,26.788,7.554,6.0664,10.8198,18.0377
2026-02-24 14:10:00+00:00,0,normal,26.738,7.5464,6.1509,10.5974,18.0512
2026-02-24 14:20:00+00:00,0,normal,26.61,7.5297,6.2524,10.5628,18.0382
2026-02-24 14:30:00+00:00,0,normal,26.6001,7.5189,6.2569,10.3624,18.0305
2026-02-24 14:40:00+00:00,0,normal,26.5828,7.5056,6.2637,10.181,18.0303
2026-02-24 14:50:00+00:00,0,normal,26.5416,7.481,6.2767,10.0603,18.0239
2026-02-24 15:00:00+00:00,0,normal,26.5355,7.4589,6.2679,10.1362,17.9979
2026-02-24 15:10:00+00:00,0,normal,26.5262,7.4543,6.2166,10.0745,18.0063
2026-02-24 15:20:00+00:00,0,normal,26.5143,7.4391,6.2398,10.0043,17.9992
2026-02-24 15:30:00+00:00,0,normal,26.4607,7.4361,6.1772,10.0378,17.9946
2026-02-24 15:40:00+00:00,0,normal,26.4352,7.4331,6.1896,10.0344,17.9979
2026-02-24 15:50:00+00:00,0,normal,26.3303,7.4344,6.2347,10.0909,17.9924
2026-02-24 16:00:00+00:00,0,normal,26.2787,7.4248,6.2987,10.2013,17.9795
2026-02-24 16:10:00+00:00,0,normal,26.2124,7.428,6.3119,10.2515,17.9579
2026-02-24 16:20:00+00:00,0,normal,26.151,7.4061,6.4336,10.322,17.9574
2026-02-24 16:30:00+00:00,0,normal,26.117,7.4015,6.4908,10.4183,17.9546
2026-02-24 16:40:00+00:00,0,normal,26.0547,7.391,6.6067,10.3454,17.9507
2026-02-24 16:50:00+00:00,0,normal,26.0292,7.3636,6.6991,10.4585,17.9489
2026-02-24 17:00:00+00:00,0,normal,25.93,7.3603,6.8088,10.4676,17.9811
2026-02-24 17:10:00+00:00,0,normal,25.9233,7.3789,6.837,10.6851,17.9886
2026-02-24 17:20:00+00:00,0,normal,25.8552,7.375,6.8725,10.3622,17.9912
2026-02-24 17:30:00+00:00,0,normal,25.8883,7.3722,6.8043,10.4849,18.0024
2026-02-24 17:40:00+00:00,0,normal,25.7694,7.3809,6.8117,10.3162,18.0179
2026-02-24 17:50:00+00:00,0,normal,25.6879,7.3543,6.8793,10.606,17.9961
2026-02-24 18:00:00+00:00,0,normal,25.5869,7.3239,7.0383,10.5086,17.9698
2026-02-24 18:10:00+00:00,0,normal,25.4877,7.3155,7.1273,10.4673,17.9437
2026-02-24 18:20:00+00:00,0,normal,25.3372,7.2888,7.2323,10.2889,17.9389
2026-02-24 18:30:00+00:00,0,normal,25.3564,7.2722,7.2618,10.4615,17.9393
2026-02-24 18:40:00+00:00,0,normal,25.3661,7.2697,7.2659,10.305,17.939
2026-02-24 18:50:00+00:00,0,normal,25.3291,7.2728,7.1627,10.3078,17.9561
2026-02-24 19:00:00+00:00,0,normal,25.3246,7.2546,7.1649,10.5287,17.9665
2026-02-24 19:10:00+00:00,0,normal,25.3141,7.2596,7.1698,10.613,17.9683
2026-02-24 19:20:00+00:00,0,normal,25.314,7.2675,7.1346,10.6748,17.9661
2026-02-24 19:30:00+00:00,0,normal,25.2523,7.2586,7.1754,10.5257,17.979
2026-02-24 19:40:00+00:00,0,normal,25.1883,7.2277,7.2393,10.4865,17.9756
2026-02-24 19:50:00+00:00,0,normal,25.1992,7.2274,7.2169,10.4207,17.9935
2026-02-24 20:00:00+00:00,0,normal,25.1832,7.2319,7.2502,10.399,17.9884
2026-02-24 20:10:00+00:00,0,normal,25.1694,7.238,7.3302,10.2497,17.9933
2026-02-24 20:20:00+00:00,0,normal,25.1512,7.2524,7.3317,10.2852,17.9866
2026-02-24 20:30:00+00:00,0,normal,25.2056,7.2848,7.2823,10.3615,17.9677
2026-02-24 20:40:00+00:00,0,normal,25.1945,7.2904,7.2786,10.2895,17.9632
2026-02-24 20:50:00+00:00,0,normal,25.1642,7.282,7.2831,10.4364,17.9574
2026-02-24 21:00:00+00:00,0,normal,25.047,7.2786,7.3635,10.44,17.9438
2026-02-24 21:10:00+00:00,0,normal,25.0779,7.2776,7.3521,10.5474,17.947
2026-02-24 21:20:00+00:00,0,normal,25.0556,7.2833,7.3952,10.492,17.9575
2026-02-24 21:30:00+00:00,0,normal,24.9557,7.292,7.4599,10.6231,17.945
2026-02-24 21:40:00+00:00,0,normal,24.926,7.3145,7.4743,10.7329,17.96
2026-02-24 21:50:00+00:00,0,normal,24.856,7.3087,7.4345,10.7858,17.9559
2026-02-24 22:00:00+00:00,0,normal,24.8476,7.3254,7.4525,10.8838,17.947
2026-02-24 22:10:00+00:00,0,normal,24.8168,7.34,7.4427,11.0049,17.9516
2026-02-24 22:20:00+00:00,0,normal,24.8634,7.3457,7.4757,11.0538,17.9622
2026-02-24 22:30:00+00:00,0,normal,24.8471,7.3444,7.4956,10.8059,17.9717
2026-02-24 22:40:00+00:00,0,normal,24.9053,7.35,7.4977,10.7735,17.9705
2026-02-24 22:50:00+00:00,0,normal,24.8755,7.3541,7.5039,10.8604,17.9747
2026-02-24 23:00:00+00:00,0,normal,24.8718,7.3532,7.5348,10.8592,17.9746
2026-02-24 23:10:00+00:00,0,normal,24.8953,7.3571,7.5311,10.9277,17.9677
2026-02-24 23:20:00+00:00,0,normal,24.993,7.3708,7.4558,11.0266,17.971
2026-02-24 23:30:00+00:00,0,normal,25.1323,7.3968,7.401,11.3367,17.9859
2026-02-24 23:40:00+00:00,0,normal,25.169,7.4025,7.3378,11.1227,17.9817
2026-02-24 23:50:00+00:00,0,normal,25.2559,7.4125,7.3227,11.1057,17.9756
2026-02-25 00:00:00+00:00,0,normal,25.2464,7.4299,7.2729,11.1669,17.9859
2026-02-25 00:10:00+00:00,0,normal,25.1919,7.4296,7.2797,11.1064,17.9675
2026-02-25 00:20:00+00:00,0,normal,25.1263,7.4404,7.2558,10.8528,17.9586
2026-02-25 00:30:00+00:00,0,normal,25.1004,7.4548,7.3391,10.9176,17.968
2026-02-25 00:40:00+00:00,0,normal,25.0936,7.4514,7.2443,11.0161,17.9871
2026-02-25 00:50:00+00:00,0,normal,25.1301,7.458,7.2337,10.9312,17.9763
2026-02-25 01:00:00+00:00,0,normal,25.1566,7.4541,7.2489,10.9345,17.9734
2026-02-25 01:10:00+00:00,0,normal,25.2702,7.4671,7.224,10.8664,17.9941
2026-02-25 01:20:00+00:00,0,normal,25.3484,7.4816,7.1326,10.8486,17.9989
2026-02-25 01:30:00+00:00,0,normal,25.3306,7.4929,7.1552,10.6053,18.004
2026-02-25 01:40:00+00:00,0,normal,25.4342,7.5089,7.0741,10.7527,18.0053
2026-02-25 01:50:00+00:00,0,normal,25.523,7.5369,7.0559,11.0133,18.0076
2026-02-25 02:00:00+00:00,0,normal,25.5458,7.5389,7.0323,11.1956,17.9916
2026-02-25 02:10:00+00:00,0,normal,25.5861,7.5415,7.0385,11.2631,17.9729
2026-02-25 02:20:00+00:00,0,normal,25.6742,7.5506,7.0099,11.5197,17.962
2026-02-25 02:30:00+00:00,0,normal,25.704,7.5581,7.0201,11.5223,17.96
2026-02-25 02:40:00+00:00,0,normal,25.8023,7.5661,6.9581,11.3341,17.9676
2026-02-25 02:50:00+00:00,0,normal,25.8423,7.5859,6.9197,11.2483,17.9735
2026-02-25 03:00:00+00:00,0,normal,25.918,7.5987,6.8285,11.3622,17.9887
2026-02-25 03:10:00+00:00,0,normal,26.0097,7.6153,6.8119,11.3166,17.9869
2026-02-25 03:20:00+00:00,0,normal,26.078,7.6298,6.7218,11.3118,17.9827
2026-02-25 03:30:00+00:00,0,normal,26.1183,7.6464,6.6926,11.3262,17.9707
2026-02-25 03:40:00+00:00,0,normal,26.1403,7.6608,6.6871,11.34,17.9722
2026-02-25 03:50:00+00:00,0,normal,26.1467,7.663,6.686,11.3154,17.9726
2026-02-25 04:00:00+00:00,0,normal,26.2046,7.6833,6.6284,11.2118,17.9652
2026-02-25 04:10:00+00:00,0,normal,26.2348,7.6856,6.6701,10.9777,17.9885
2026-02-25 04:20:00+00:00,0,normal,26.2683,7.7039,6.6442,11.0017,18.0087
2026-02-25 04:30:00+00:00,0,normal,26.3749,7.7152,6.5838,11.0597,17.9972
2026-02-25 04:40:00+00:00,0,normal,26.4308,7.7384,6.6101,11.1928,17.9977
2026-02-25 04:50:00+00:00,0,normal,26.5234,7.757,6.4854,11.1714,18.0082
2026-02-25 05:00:00+00:00,0,normal,26.5757,7.7746,6.3671,11.3267,17.9968
2026-02-25 05:10:00+00:00,0,normal,26.6561,7.7882,6.2804,11.6186,17.9898
2026-02-25 05:20:00+00:00,0,normal,26.6494,7.7985,6.31,11.5137,18.0038
2026-02-25 05:30:00+00:00,0,normal,26.6936,7.7859,6.2531,11.391,18.0133
2026-02-25 05:40:00+00:00,0,normal,26.6815,7.7713,6.2426,11.3959,18.0157
2026-02-25 05:50:00+00:00,0,normal,26.7455,7.7627,6.2202,11.4368,18.0165
2026-02-25 06:00:00+00:00,0,normal,26.8085,7.7682,6.1492,11.4578,18.0263
2026-02-25 06:10:00+00:00,0,normal,26.8647,7.7464,6.0622,11.6532,18.0134
2026-02-25 06:20:00+00:00,0,normal,26.8937,7.7451,6.0334,11.5844,17.9896
2026-02-25 06:30:00+00:00,0,normal,26.8899,7.7432,6.1073,11.5443,17.9906
2026-02-25 06:40:00+00:00,0,normal,26.997,7.7487,6.0668,11.4662,17.9724
2026-02-25 06:50:00+00:00,0,normal,26.9772,7.7426,6.0912,11.1318,17.9493
2026-02-25 07:00:00+00:00,0,normal,27.0781,7.753,6.0298,10.869,17.965
2026-02-25 07:10:00+00:00,0,normal,27.1642,7.7592,5.9703,10.6012,17.955
2026-02-25 07:20:00+00:00,0,normal,27.2522,7.7738,5.961,10.5968,17.9487
2026-02-25 07:30:00+00:00,0,normal,27.2382,7.7892,5.9087,10.5943,17.9435
2026-02-25 07:40:00+00:00,0,normal,27.2836,7.772,5.9405,10.7606,17.9512
2026-02-25 07:50:00+00:00,0,normal,27.3232,7.7768,5.9216,10.8193,17.9507
2026-02-25 08:00:00+00:00,0,normal,27.3913,7.7937,5.8836,11.0543,17.9534
2026-02-25 08:10:00+00:00,0,normal,27.4443,7.7922,5.7795,10.9378,17.9281
2026-02-25 08:20:00+00:00,0,normal,27.4398,7.787,5.8542,10.832,17.9404
2026-02-25 08:30:00+00:00,0,normal,27.5187,7.8162,5.768,10.4179,17.9271
2026-02-25 08:40:00+00:00,0,normal,27.5417,7.8405,5.7197,10.7227,17.9048
2026-02-25 08:50:00+00:00,0,normal,27.5555,7.836,5.6929,10.7009,17.913
2026-02-25 09:00:00+00:00,0,normal,27.6202,7.8271,5.6851,10.8834,17.9327
2026-02-25 09:10:00+00:00,0,normal,27.6246,7.8244,5.6306,11.0072,17.9302
2026-02-25 09:20:00+00:00,0,normal,27.6429,7.8123,5.5383,11.5315,17.9311
2026-02-25 09:30:00+00:00,0,normal,27.6159,7.7866,5.5614,11.2143,17.932
2026-02-25 09:40:00+00:00,0,normal,27.592,7.7888,5.5553,11.0608,17.9223
2026-02-25 09:50:00+00:00,0,normal,27.5449,7.8129,5.5343,11.2386,17.9095
2026-02-25 10:00:00+00:00,0,normal,27.5723,7.7954,5.5012,11.0204,17.8993
2026-02-25 10:10:00+00:00,0,normal,27.5168,7.7803,5.6314,10.8606,17.8998
2026-02-25 10:20:00+00:00,0,normal,27.5124,7.7882,5.5578,10.8764,17.885
2026-02-25 10:30:00+00:00,0,normal,27.5542,7.7735,5.5357,11.0081,17.8835
2026-02-25 10:40:00+00:00,0,normal,27.5395,7.7531,5.5453,10.6062,17.8772
2026-02-25 10:50:00+00:00,0,normal,27.53,7.7665,5.6311,11.0033,17.8655
2026-02-25 11:00:00+00:00,0,normal,27.5484,7.7757,5.579,10.795,17.8645
2026-02-25 11:10:00+00:00,0,normal,27.5108,7.7695,5.6863,10.7028,17.8683
2026-02-25 11:20:00+00:00,0,normal,27.4969,7.7685,5.6942,10.6925,17.8645
2026-02-25 11:30:00+00:00,0,normal,27.4603,7.7357,5.7117,10.757,17.8548
2026-02-25 11:40:00+00:00,0,normal,27.5402,7.7194,5.6662,10.4963,17.8538
2026-02-25 11:50:00+00:00,0,normal,27.4723,7.7159,5.6647,10.3778,17.8443
2026-02-25 12:00:00+00:00,0,normal,27.4418,7.6757,5.6462,10.4497,17.839
2026-02-25 12:10:00+00:00,0,normal,27.3939,7.6658,5.692,10.3022,17.8532
2026-02-25 12:20:00+00:00,0,normal,27.4637,7.6534,5.6694,10.2667,17.8583
2026-02-25 12:30:00+00:00,0,normal,27.2917,7.6297,5.688,10.0968,17.8492
2026-02-25 12:40:00+00:00,0,normal,27.327,7.6105,5.7106,10.3139,17.8345
2026-02-25 12:50:00+00:00,0,normal,27.3243,7.614,5.7685,10.2409,17.8181
2026-02-25 13:00:00+00:00,0,normal,27.32,7.5964,5.7686,10.2693,17.7839
2026-02-25 13:10:00+00:00,0,normal,27.2548,7.5989,5.7749,10.3855,17.7775
2026-02-25 13:20:00+00:00,0,normal,27.3081,7.5862,5.7749,10.5982,17.7741
2026-02-25 13:30:00+00:00,0,normal,27.2369,7.5713,5.8166,10.3837,17.7849
2026-02-25 13:40:00+00:00,0,normal,27.1938,7.5567,5.8312,10.4319,17.7955
2026-02-25 13:50:00+00:00,0,normal,27.0721,7.5307,5.8708,10.3383,17.804
2026-02-25 14:00:00+00:00,0,normal,26.9872,7.5245,5.9039,10.2554,17.7959
2026-02-25 14:10:00+00:00,0,normal,26.8695,7.5324,5.9823,10.2351,17.8034
2026-02-25 14:20:00+00:00,0,normal,26.8326,7.513,6.0293,10.0675,17.7957
2026-02-25 14:30:00+00:00,0,normal,26.7173,7.5015,6.1238,9.9316,17.7975
2026-02-25 14:40:00+00:00,0,normal,26.7503,7.508,6.0884,9.9969,17.7802
2026-02-25 14:50:00+00:00,0,normal,26.6361,7.4865,6.1895,10.0535,17.778
2026-02-25 15:00:00+00:00,0,normal,26.6196,7.472,6.1806,10.0633,17.7586
2026-02-25 15:10:00+00:00,0,normal,26.531,7.4672,6.2038,10.1284,17.7688
2026-02-25 15:20:00+00:00,0,normal,26.5093,7.4657,6.1323,10.3804,17.7484
2026-02-25 15:30:00+00:00,0,normal,26.484,7.4628,6.1653,10.4589,17.7607
2026-02-25 15:40:00+00:00,0,normal,26.5135,7.4563,6.1763,10.3874,17.758
2026-02-25 15:50:00+00:00,0,normal,26.4965,7.4527,6.1894,10.0895,17.7688
2026-02-25 16:00:00+00:00,0,normal,26.5435,7.4448,6.1681,10.2121,17.7412
2026-02-25 16:10:00+00:00,0,normal,26.4928,7.419,6.3008,10.1691,17.7478
2026-02-25 16:20:00+00:00,0,normal,26.4517,7.3984,6.4442,10.1158,17.7353
2026-02-25 16:30:00+00:00,0,normal,26.3245,7.3973,6.5069,10.1244,17.746
2026-02-25 16:40:00+00:00,0,normal,26.2568,7.3939,6.5206,10.1822,17.7376
2026-02-25 16:50:00+00:00,0,normal,26.13,7.3606,6.6329,10.3301,17.7282
2026-02-25 17:00:00+00:00,0,normal,26.0718,7.3728,6.5619,10.206,17.7217
2026-02-25 17:10:00+00:00,0,normal,25.9879,7.3776,6.4962,10.1833,17.7165
2026-02-25 17:20:00+00:00,0,normal,26.0233,7.3696,6.5098,10.1998,17.6897
2026-02-25 17:30:00+00:00,0,normal,25.9787,7.3478,6.5489,10.2439,17.6879
2026-02-25 17:40:00+00:00,0,normal,25.9542,7.3617,6.5527,10.0826,17.6866
2026-02-25 17:50:00+00:00,0,normal,25.9434,7.3363,6.5916,9.942,17.6777
2026-02-25 18:00:00+00:00,0,normal,25.8922,7.3178,6.6746,9.9109,17.676
2026-02-25 18:10:00+00:00,0,normal,25.8222,7.2956,6.7439,9.7353,17.6648
2026-02-25 18:20:00+00:00,0,normal,25.7629,7.276,6.81,9.8726,17.6558
2026-02-25 18:30:00+00:00,0,normal,25.718,7.2885,6.8536,9.9026,17.6681
2026-02-25 18:40:00+00:00,0,normal,25.7004,7.2916,6.8968,10.0411,17.6672
2026-02-25 18:50:00+00:00,0,normal,25.5811,7.2871,6.9395,10.1206,17.6484
2026-02-25 19:00:00+00:00,0,normal,25.5252,7.2958,6.9159,10.2465,17.6649
2026-02-25 19:10:00+00:00,0,normal,25.4172,7.2975,7.0233,10.0808,17.6722
2026-02-25 19:20:00+00:00,0,normal,25.3829,7.2713,7.0071,10.1963,17.6604
2026-02-25 19:30:00+00:00,0,normal,25.3764,7.271,7.0378,10.4656,17.6591
2026-02-25 19:40:00+00:00,0,normal,25.3845,7.2679,7.0829,10.5888,17.6717
2026-02-25 19:50:00+00:00,0,normal,25.3622,7.2609,7.1603,10.8375,17.6776
2026-02-25 20:00:00+00:00,0,normal,25.4096,7.276,7.1385,10.8441,17.6657
2026-02-25 20:10:00+00:00,0,normal,25.2976,7.2762,7.2435,10.8194,17.6731
2026-02-25 20:20:00+00:00,0,normal,25.1941,7.2756,7.2937,10.6111,17.6732
2026-02-25 20:30:00+00:00,0,normal,25.2008,7.2862,7.3168,10.6898,17.6886
2026-02-25 20:40:00+00:00,0,normal,25.0706,7.2876,7.329,10.6721,17.6789
2026-02-25 20:50:00+00:00,0,normal,24.9891,7.2807,7.3337,10.8194,17.6767
2026-02-25 21:00:00+00:00,0,normal,25.0862,7.3006,7.3428,10.6116,17.6779
2026-02-25 21:10:00+00:00,0,normal,25.1265,7.2944,7.3615,10.5291,17.6853
2026-02-25 21:20:00+00:00,0,normal,25.1145,7.2748,7.3571,10.465,17.6785
2026-02-25 21:30:00+00:00,0,normal,25.2405,7.2922,7.3524,10.3525,17.6913
2026-02-25 21:40:00+00:00,0,normal,25.2757,7.2947,7.3663,10.3822,17.6932
2026-02-25 21:50:00+00:00,0,normal,25.2507,7.2757,7.2937,10.7253,17.6815
2026-02-25 22:00:00+00:00,0,normal,25.2003,7.2952,7.3181,11.0012,17.69
2026-02-25 22:10:00+00:00,0,normal,25.1904,7.3163,7.3134,10.8699,17.6914
2026-02-25 22:20:00+00:00,0,normal,25.1376,7.3035,7.2944,10.9943,17.6809
2026-02-25 22:30:00+00:00,0,normal,25.1795,7.3353,7.246,11.2076,17.6753
2026-02-25 22:40:00+00:00,0,normal,25.2208,7.3394,7.2736,11.3209,17.6725
2026-02-25 22:50:00+00:00,0,normal,25.2908,7.3414,7.1914,11.1617,17.6534
2026-02-25 23:00:00+00:00,0,normal,25.2831,7.3327,7.1917,11.3032,17.6459
2026-02-25 23:10:00+00:00,0,normal,25.2851,7.3543,7.21,11.3439,17.6542
2026-02-25 23:20:00+00:00,0,normal,25.3015,7.3399,7.233,11.1918,17.6593
2026-02-25 23:30:00+00:00,0,normal,25.2844,7.3691,7.2541,11.0299,17.6673
2026-02-25 23:40:00+00:00,0,normal,25.267,7.3772,7.3237,10.9201,17.6661
2026-02-25 23:50:00+00:00,0,normal,25.2815,7.4157,7.2964,10.8143,17.669
2026-02-26 00:00:00+00:00,0,normal,25.3559,7.4219,7.2954,10.6765,18.2393
2026-02-26 00:10:00+00:00,0,normal,25.2977,7.4192,7.3153,10.5563,18.2638
2026-02-26 00:20:00+00:00,0,normal,25.3299,7.4246,7.3394,10.616,18.2753
2026-02-26 00:30:00+00:00,0,normal,25.3987,7.4352,7.2642,10.9214,18.2835
2026-02-26 00:40:00+00:00,0,normal,25.5132,7.4217,7.1772,10.9895,18.2792
2026-02-26 00:50:00+00:00,0,normal,25.5582,7.4277,7.1492,10.842,18.2585
2026-02-26 01:00:00+00:00,0,normal,25.5842,7.4463,7.1512,10.9854,18.2353
2026-02-26 01:10:00+00:00,0,normal,25.6069,7.4688,7.1158,11.0205,18.2374
2026-02-26 01:20:00+00:00,0,normal,25.6744,7.4904,7.1056,10.9642,18.2417
2026-02-26 01:30:00+00:00,0,normal,25.6262,7.5108,7.2458,10.9464,18.2525
2026-02-26 01:40:00+00:00,0,normal,25.6419,7.5349,7.197,11.0709,18.2396
2026-02-26 01:50:00+00:00,0,normal,25.7873,7.5401,7.1406,11.1952,18.2552
2026-02-26 02:00:00+00:00,0,normal,25.8486,7.5336,7.0472,11.2167,18.2484
2026-02-26 02:10:00+00:00,0,normal,25.9083,7.5433,7.0152,11.1311,18.2426
2026-02-26 02:20:00+00:00,0,normal,25.9618,7.56,6.9265,11.0564,18.2459
2026-02-26 02:30:00+00:00,0,normal,25.9781,7.5611,6.9405,11.2236,18.2582
2026-02-26 02:40:00+00:00,0,normal,26.0221,7.5905,6.8999,11.0366,18.2612
2026-02-26 02:50:00+00:00,0,normal,26.0085,7.6071,6.8073,11.0483,18.2696
2026-02-26 03:00:00+00:00,0,normal,25.9647,7.6102,6.7971,11.1478,18.2691
2026-02-26 03:10:00+00:00,0,normal,26.0421,7.6291,6.7087,11.5477,18.2685
2026-02-26 03:20:00+00:00,0,normal,26.1689,7.6518,6.5985,11.5199,18.2733
2026-02-26 03:30:00+00:00,0,normal,26.2015,7.6669,6.5363,11.8429,18.2821
2026-02-26 03:40:00+00:00,0,normal,26.3159,7.6932,6.6048,11.813,18.2843
2026-02-26 03:50:00+00:00,0,normal,26.3637,7.7111,6.5776,11.7244,18.2909
2026-02-26 04:00:00+00:00,0,normal,26.4653,7.7319,6.519,11.3809,18.286
2026-02-26 04:10:00+00:00,0,normal,26.6285,7.7387,6.3947,11.293,18.2864
2026-02-26 04:20:00+00:00,0,normal,26.6869,7.7299,6.4115,11.1192,18.2647
2026-02-26 04:30:00+00:00,0,normal,26.7296,7.7224,6.3253,11.1223,18.2479
2026-02-26 04:40:00+00:00,0,normal,26.7527,7.7207,6.2893,10.9903,18.2461
2026-02-26 04:50:00+00:00,0,normal,26.7411,7.724,6.3646,11.2145,18.2277
2026-02-26 05:00:00+00:00,0,normal,26.6431,7.7211,6.422,11.4683,18.2166
2026-02-26 05:10:00+00:00,0,normal,26.6532,7.7409,6.3447,11.2116,18.2226
2026-02-26 05:20:00+00:00,0,normal,26.7026,7.7537,6.3353,11.3015,18.2549
2026-02-26 05:30:00+00:00,0,normal,26.8662,7.7698,6.198,11.6807,18.252
2026-02-26 05:40:00+00:00,0,normal,26.9862,7.7658,6.0045,11.3618,18.2778
2026-02-26 05:50:00+00:00,0,normal,27.0393,7.7862,5.9699,11.1378,18.2833
2026-02-26 06:00:00+00:00,0,normal,27.0653,7.8018,5.9379,11.2367,18.2884
2026-02-26 06:10:00+00:00,0,normal,27.1632,7.8205,5.8754,11.2206,18.2518
2026-02-26 06:20:00+00:00,0,normal,27.1453,7.8221,5.8895,10.9769,18.2416
2026-02-26 06:30:00+00:00,0,normal,27.085,7.816,5.9723,11.1108,18.2458
2026-02-26 06:40:00+00:00,0,normal,27.1617,7.8328,5.8696,11.1939,18.2331
2026-02-26 06:50:00+00:00,0,normal,27.2861,7.8216,5.8109,11.4436,18.2399
2026-02-26 07:00:00+00:00,0,normal,27.193,7.8207,5.8478,11.3135,18.2436
2026-02-26 07:10:00+00:00,0,normal,27.2059,7.8343,5.8707,11.2904,18.2472
2026-02-26 07:20:00+00:00,0,normal,27.3032,7.8606,5.7942,11.2914,18.2271
2026-02-26 07:30:00+00:00,0,normal,27.3414,7.8552,5.8123,11.2991,18.2503
2026-02-26 07:40:00+00:00,0,normal,27.3216,7.8447,5.8057,10.9621,18.2274
2026-02-26 07:50:00+00:00,0,normal,27.4127,7.8232,5.7803,10.9475,18.2238
2026-02-26 08:00:00+00:00,0,normal,27.5003,7.8173,5.6992,10.8759,18.2364
2026-02-26 08:10:00+00:00,0,normal,27.5172,7.7973,5.7173,10.7541,18.2416
2026-02-26 08:20:00+00:00,0,normal,27.5381,7.7875,5.7552,10.4465,18.2421
2026-02-26 08:30:00+00:00,0,normal,27.5423,7.81,5.6942,10.5146,18.2549
2026-02-26 08:40:00+00:00,0,normal,27.547,7.8155,5.6392,10.6129,18.2479
2026-02-26 08:50:00+00:00,0,normal,27.5693,7.7998,5.6082,10.4753,18.2467
2026-02-26 09:00:00+00:00,0,normal,27.6144,7.8127,5.5,10.6445,18.2208
2026-02-26 09:10:00+00:00,0,normal,27.6449,7.8179,5.4674,10.7638,18.2046
2026-02-26 09:20:00+00:00,0,normal,27.6802,7.8078,5.5148,10.6801,18.1837
2026-02-26 09:30:00+00:00,0,normal,27.7125,7.8127,5.5061,10.5756,18.1907
2026-02-26 09:40:00+00:00,0,normal,27.7442,7.8212,5.4823,10.9142,18.1919
2026-02-26 09:50:00+00:00,0,normal,27.6878,7.8172,5.5578,10.9954,18.1893
2026-02-26 10:00:00+00:00,0,normal,27.7047,7.8091,5.4781,11.074,18.1858
2026-02-26 10:10:00+00:00,0,normal,27.7742,7.8208,5.4295,11.1592,18.1943
2026-02-26 10:20:00+00:00,0,normal,27.8342,7.7942,5.3689,11.1405,18.1899
2026-02-26 10:30:00+00:00,0,normal,27.7584,7.7871,5.4694,11.2449,18.1583
2026-02-26 10:40:00+00:00,0,normal,27.7795,7.7658,5.4392,11.0241,18.1673
2026-02-26 10:50:00+00:00,0,normal,27.7202,7.7465,5.5144,11.0941,18.1451
2026-02-26 11:00:00+00:00,0,normal,27.6169,7.7324,5.5661,11.0132,18.1362
2026-02-26 11:10:00+00:00,0,normal,27.5399,7.7457,5.6201,10.8556,18.1132
2026-02-26 11:20:00+00:00,0,normal,27.5742,7.7173,5.5746,10.7548,18.1128
2026-02-26 11:30:00+00:00,0,normal,27.611,7.721,5.5801,10.7648,18.1139
2026-02-26 11:40:00+00:00,0,normal,27.5625,7.7233,5.5681,10.6424,18.1106
2026-02-26 11:50:00+00:00,0,normal,27.613,7.7003,5.5527,10.746,18.0977
2026-02-26 12:00:00+00:00,0,normal,27.6414,7.6774,5.5728,10.7179,18.0959
2026-02-26 12:10:00+00:00,0,normal,27.6478,7.6726,5.5829,10.4543,18.0968
2026-02-26 12:20:00+00:00,0,normal,27.6181,7.6526,5.5798,10.3631,18.0845
2026-02-26 12:30:00+00:00,0,normal,27.6652,7.6388,5.5973,10.3552,18.0791
2026-02-26 12:40:00+00:00,0,normal,27.6272,7.6413,5.5958,10.3163,18.0716
2026-02-26 12:50:00+00:00,0,normal,27.6135,7.6411,5.5768,10.3301,18.0759
2026-02-26 13:00:00+00:00,0,normal,27.4783,7.6296,5.595,10.5836,18.0587
2026-02-26 13:10:00+00:00,0,normal,27.4171,7.6222,5.6859,10.6342,18.0543
2026-02-26 13:20:00+00:00,0,normal,27.3396,7.6081,5.7857,10.5928,18.056
2026-02-26 13:30:00+00:00,0,normal,27.274,7.5796,5.8134,10.6848,18.0579
2026-02-26 13:40:00+00:00,0,normal,27.2136,7.5503,5.879,10.6399,18.0466
2026-02-26 13:50:00+00:00,0,normal,27.2401,7.5572,5.9609,10.3458,18.0565
2026-02-26 14:00:00+00:00,0,normal,27.2146,7.5482,5.9077,10.3673,18.0606
2026-02-26 14:10:00+00:00,0,normal,27.1643,7.5435,5.8102,10.1816,18.0612
2026-02-26 14:20:00+00:00,0,normal,27.1001,7.5327,5.9217,9.9966,18.0569
2026-02-26 14:30:00+00:00,0,normal,27.076,7.538,5.9185,10.3082,18.0441
2026-02-26 14:40:00+00:00,0,normal,27.0171,7.5079,5.894,10.5575,18.0491
2026-02-26 14:50:00+00:00,0,normal,26.9167,7.4808,5.9844,10.6165,18.0365
2026-02-26 15:00:00+00:00,0,normal,26.8656,7.4646,6.0776,10.9017,18.029
2026-02-26 15:10:00+00:00,0,normal,26.7782,7.4603,6.1767,10.9758,18.0165
2026-02-26 15:20:00+00:00,0,normal,26.6882,7.431,6.2146,10.6976,18.0232
2026-02-26 15:30:00+00:00,0,normal,26.6161,7.4218,6.2882,10.6729,18.0146
2026-02-26 15:40:00+00:00,0,normal,26.5793,7.4173,6.3586,10.4667,18.0171
2026-02-26 15:50:00+00:00,0,normal,26.5902,7.4182,6.4205,10.441,18.0077
2026-02-26 16:00:00+00:00,0,normal,26.558,7.3991,6.3898,10.3296,18.0241
2026-02-26 16:10:00+00:00,0,normal,26.5287,7.406,6.4209,10.3277,18.0133
2026-02-26 16:20:00+00:00,0,normal,26.5611,7.4121,6.4051,10.2071,17.9841
2026-02-26 16:30:00+00:00,0,normal,26.5671,7.4065,6.306,10.5373,17.9564
2026-02-26 16:40:00+00:00,0,normal,26.4557,7.388,6.3283,10.591,17.9632
2026-02-26 16:50:00+00:00,0,normal,26.4036,7.3742,6.3331,10.6884,17.9401
2026-02-26 17:00:00+00:00,0,normal,26.2766,7.3546,6.4437,10.7499,17.9451
2026-02-26 17:10:00+00:00,0,normal,26.131,7.3523,6.5878,10.7827,17.9673
2026-02-26 17:20:00+00:00,0,normal,26.016,7.357,6.7478,10.7163,17.985
2026-02-26 17:30:00+00:00,0,normal,25.9405,7.3533,6.834,10.3737,17.9648
2026-02-26 17:40:00+00:00,0,normal,25.9196,7.3696,6.8568,10.3316,17.9834
2026-02-26 17:50:00+00:00,0,normal,25.9158,7.3546,6.8905,10.219,17.9799
2026-02-26 18:00:00+00:00,0,normal,25.9,7.3284,6.8552,10.12,17.9675
2026-02-26 18:10:00+00:00,0,normal,25.8332,7.3052,6.914,9.8435,17.9563
2026-02-26 18:20:00+00:00,0,normal,25.7886,7.314,6.9402,9.8513,17.9552
2026-02-26 18:30:00+00:00,0,normal,25.75,7.2966,6.985,9.7339,17.9411
2026-02-26 18:40:00+00:00,0,normal,25.7034,7.315,6.9299,9.8034,17.9294
2026-02-26 18:50:00+00:00,0,normal,25.7103,7.3254,6.9749,9.9073,17.928
2026-02-26 19:00:00+00:00,0,normal,25.7229,7.3305,6.9579,9.9723,17.9476
2026-02-26 19:10:00+00:00,0,normal,25.6506,7.3038,7.0008,10.0927,17.9635
2026-02-26 19:20:00+00:00,0,normal,25.6344,7.2943,7.0183,10.299,17.9624
2026-02-26 19:30:00+00:00,0,normal,25.6258,7.2626,7.0994,10.4098,17.9649
2026-02-26 19:40:00+00:00,0,normal,25.5216,7.2656,7.1658,10.5515,17.9646
2026-02-26 19:50:00+00:00,0,normal,25.438,7.2533,7.1885,10.7635,17.9428
2026-02-26 20:00:00+00:00,0,normal,25.5296,7.2422,7.1498,10.7661,17.9488
2026-02-26 20:10:00+00:00,0,normal,25.4484,7.2543,7.1629,10.6696,17.9426
2026-02-26 20:20:00+00:00,0,normal,25.4268,7.2831,7.1858,10.7414,17.9454
2026-02-26 20:30:00+00:00,0,normal,25.415,7.2801,7.1674,10.4784,17.9442
2026-02-26 20:40:00+00:00,0,normal,25.4589,7.3005,7.1513,10.362,17.9446
2026-02-26 20:50:00+00:00,0,normal,25.4378,7.311,7.1577,10.3093,17.9341
2026-02-26 21:00:00+00:00,0,normal,25.4796,7.3047,7.1533,10.2622,17.9553
2026-02-26 21:10:00+00:00,0,normal,25.4209,7.2989,7.1572,10.3418,17.963
2026-02-26 21:20:00+00:00,0,normal,25.4411,7.3046,7.1583,10.4811,17.9574
2026-02-26 21:30:00+00:00,0,normal,25.3866,7.2775,7.2185,10.4712,17.9638
2026-02-26 21:40:00+00:00,0,normal,25.3233,7.2886,7.189,10.6294,17.9511
2026-02-26 21:50:00+00:00,0,normal,25.2511,7.3066,7.2575,10.9857,17.9616
2026-02-26 22:00:00+00:00,0,normal,25.2309,7.3221,7.2738,10.7989,17.9788
2026-02-26 22:10:00+00:00,0,normal,25.1923,7.3251,7.2709,10.8566,17.9995
2026-02-26 22:20:00+00:00,0,normal,25.2299,7.3617,7.2123,11.0456,18.0089
2026-02-26 22:30:00+00:00,0,normal,25.1668,7.3393,7.3041,11.2822,18.0201
2026-02-26 22:40:00+00:00,0,normal,25.2377,7.3558,7.245,11.0237,17.9943
2026-02-26 22:50:00+00:00,0,normal,25.2542,7.3588,7.2893,10.9657,17.9775
2026-02-26 23:00:00+00:00,0,normal,25.3096,7.3746,7.2219,10.8156,17.9891
2026-02-26 23:10:00+00:00,0,normal,25.2971,7.3616,7.233,10.8234,17.9821
2026-02-26 23:20:00+00:00,0,normal,25.3337,7.3803,7.1842,10.9064,17.9801
2026-02-26 23:30:00+00:00,0,normal,25.3366,7.3901,7.2067,11.1068,17.9819
2026-02-26 23:40:00+00:00,0,normal,25.3534,7.3881,7.194,11.2104,17.9901
2026-02-26 23:50:00+00:00,0,normal,25.3755,7.3829,7.2535,11.4843,17.939
2026-02-27 00:00:00+00:00,0,normal,25.4128,7.4089,7.2291,11.3735,17.9458
2026-02-27 00:10:00+00:00,0,normal,25.4746,7.4436,7.2163,11.0838,17.9296
2026-02-27 00:20:00+00:00,0,normal,25.522,7.4487,7.156,10.9833,17.9454
2026-02-27 00:30:00+00:00,0,normal,25.5497,7.4696,7.117,11.0116,17.9268
2026-02-27 00:40:00+00:00,0,normal,25.4904,7.4693,7.1083,10.8228,17.9524
2026-02-27 00:50:00+00:00,0,normal,25.5398,7.4828,7.0692,11.0272,17.9331
2026-02-27 01:00:00+00:00,0,normal,25.5423,7.4919,7.0939,11.0797,17.9737
2026-02-27 01:10:00+00:00,0,normal,25.5197,7.4743,7.1633,10.9585,17.9618
2026-02-27 01:20:00+00:00,0,normal,25.626,7.4999,7.0846,11.1032,17.9987
2026-02-27 01:30:00+00:00,0,normal,25.733,7.502,7.0452,11.0908,18.0252
2026-02-27 01:40:00+00:00,0,normal,25.7163,7.5137,7.041,10.8696,18.055
2026-02-27 01:50:00+00:00,0,normal,25.7782,7.5141,6.9185,11.0173,18.0274
2026-02-27 02:00:00+00:00,0,normal,25.8313,7.549,6.7846,11.125,18.0301
2026-02-27 02:10:00+00:00,0,normal,25.9125,7.5544,6.7412,11.0228,18.0235
2026-02-27 02:20:00+00:00,0,normal,25.9747,7.589,6.688,11.1435,18.0101
2026-02-27 02:30:00+00:00,0,normal,26.0544,7.5971,6.7058,11.2237,17.9964
2026-02-27 02:40:00+00:00,0,normal,26.1481,7.6159,6.7106,11.1086,18.013
2026-02-27 02:50:00+00:00,0,normal,26.1834,7.6269,6.773,10.9389,18.0162
2026-02-27 03:00:00+00:00,0,normal,26.1477,7.6491,6.8064,10.9769,17.9913
2026-02-27 03:10:00+00:00,0,normal,26.172,7.6474,6.782,11.156,17.9832
2026-02-27 03:20:00+00:00,0,normal,26.2572,7.6276,6.6801,11.262,17.9928
2026-02-27 03:30:00+00:00,0,normal,26.2873,7.6346,6.5979,11.2721,17.9977
2026-02-27 03:40:00+00:00,0,normal,26.3999,7.6376,6.5467,11.5848,17.9961
2026-02-27 03:50:00+00:00,0,normal,26.482,7.6267,6.437,11.6749,18.0057
2026-02-27 04:00:00+00:00,0,normal,26.5277,7.6405,6.3643,11.4059,18.009
2026-02-27 04:10:00+00:00,0,normal,26.5562,7.686,6.3732,11.475,17.9961
2026-02-27 04:20:00+00:00,0,normal,26.5998,7.6868,6.3524,11.5332,17.9869
2026-02-27 04:30:00+00:00,0,normal,26.6546,7.7049,6.2708,11.4451,17.9919
2026-02-27 04:40:00+00:00,0,normal,26.7218,7.7241,6.2447,11.5479,18.0168
2026-02-27 04:50:00+00:00,0,normal,26.7897,7.7451,6.2761,11.4089,18.0069
2026-02-27 05:00:00+00:00,0,normal,26.8125,7.7488,6.2734,11.1361,18.0241
2026-02-27 05:10:00+00:00,0,normal,26.8459,7.7772,6.3261,11.1826,18.0274
2026-02-27 05:20:00+00:00,0,normal,26.9053,7.7819,6.2864,11.2839,18.0041
2026-02-27 05:30:00+00:00,0,normal,26.9963,7.7827,6.2131,11.282,17.98
2026-02-27 05:40:00+00:00,0,normal,27.0465,7.7914,6.1125,11.2522,17.9877
2026-02-27 05:50:00+00:00,0,normal,27.1252,7.8007,6.018,11.4659,17.9746
2026-02-27 06:00:00+00:00,0,normal,27.2193,7.8087,5.9887,11.2473,17.9787
2026-02-27 06:10:00+00:00,0,normal,27.213,7.7961,5.9626,11.2072,18.0089
2026-02-27 06:20:00+00:00,0,normal,27.2549,7.8028,5.9618,11.0061,18.0193
2026-02-27 06:30:00+00:00,0,normal,27.3027,7.794,6.0076,11.334,18.0206
2026-02-27 06:40:00+00:00,0,normal,27.3386,7.7978,6.0024,11.1991,18.0211
2026-02-27 06:50:00+00:00,0,normal,27.3683,7.7997,5.8875,11.4319,18.0278
2026-02-27 07:00:00+00:00,0,normal,27.4325,7.8174,5.876,11.2785,17.9977
2026-02-27 07:10:00+00:00,0,normal,27.4732,7.8156,5.8255,11.2598,17.9944
2026-02-27 07:20:00+00:00,0,normal,27.4982,7.8326,5.7621,11.1699,17.9791
2026-02-27 07:30:00+00:00,0,normal,27.5652,7.8299,5.7273,11.3618,17.9593
2026-02-27 07:40:00+00:00,0,normal,27.6272,7.8392,5.695,11.3232,17.9429
2026-02-27 07:50:00+00:00,0,normal,27.6531,7.8584,5.6542,11.4172,17.9341
2026-02-27 08:00:00+00:00,0,normal,27.6445,7.8725,5.7121,11.4763,17.9158
2026-02-27 08:10:00+00:00,0,normal,27.6913,7.8702,5.6507,11.5538,17.9348
2026-02-27 08:20:00+00:00,0,normal,27.6573,7.8843,5.6819,11.3893,17.9364
2026-02-27 08:30:00+00:00,0,normal,27.6712,7.8721,5.6628,11.1632,17.9429
2026-02-27 08:40:00+00:00,0,normal,27.7195,7.8517,5.6831,11.1877,17.9334
2026-02-27 08:50:00+00:00,0,normal,27.7384,7.8345,5.5872,11.0916,17.9422
2026-02-27 09:00:00+00:00,0,normal,27.7486,7.8232,5.5818,10.9104,17.913
2026-02-27 09:10:00+00:00,0,normal,27.8306,7.807,5.5427,10.7597,17.9151
2026-02-27 09:20:00+00:00,0,normal,27.8839,7.8075,5.5797,10.9128,17.8963
2026-02-27 09:30:00+00:00,0,normal,27.8551,7.793,5.5551,10.8764,17.9094
2026-02-27 09:40:00+00:00,0,normal,27.8478,7.7898,5.5454,10.7506,17.893
2026-02-27 09:50:00+00:00,0,normal,27.8778,7.7943,5.5416,10.6438,17.8876
2026-02-27 10:00:00+00:00,0,normal,27.8908,7.7951,5.4828,10.9143,17.8972
2026-02-27 10:10:00+00:00,0,normal,27.8617,7.7833,5.4151,10.9213,17.8792
2026-02-27 10:20:00+00:00,0,normal,28.0035,7.7991,5.3426,10.8505,17.8656
2026-02-27 10:30:00+00:00,0,normal,28.0357,7.787,5.3348,10.9984,17.862
2026-02-27 10:40:00+00:00,0,normal,28.0479,7.7706,5.2832,11.0448,17.8636
2026-02-27 10:50:00+00:00,0,normal,28.0126,7.7553,5.2461,10.7941,17.8532
2026-02-27 11:00:00+00:00,0,normal,27.951,7.7496,5.3558,10.6784,17.8542
2026-02-27 11:10:00+00:00,0,normal,27.829,7.7357,5.3731,10.7517,17.86
2026-02-27 11:20:00+00:00,0,normal,27.8186,7.7308,5.3876,10.5067,17.8565
2026-02-27 11:30:00+00:00,0,normal,27.7763,7.7266,5.4165,10.4233,17.8662
2026-02-27 11:40:00+00:00,0,normal,27.7834,7.7327,5.5106,10.2854,17.8485
2026-02-27 11:50:00+00:00,0,normal,27.7908,7.7248,5.4107,10.3551,17.8329
2026-02-27 12:00:00+00:00,0,normal,27.7659,7.7112,5.403,10.2166,17.8202
2026-02-27 12:10:00+00:00,0,normal,27.7088,7.6979,5.4383,10.2505,17.824
2026-02-27 12:20:00+00:00,0,normal,27.6932,7.6837,5.4821,10.3181,17.813
2026-02-27 12:30:00+00:00,0,normal,27.6799,7.6603,5.4704,10.3636,17.809
2026-02-27 12:40:00+00:00,0,normal,27.6204,7.6456,5.5259,10.0929,17.8193
2026-02-27 12:50:00+00:00,0,normal,27.6284,7.6432,5.6163,10.2243,17.8188
2026-02-27 13:00:00+00:00,0,normal,27.5767,7.6438,5.6357,10.2909,17.8104
2026-02-27 13:10:00+00:00,0,normal,27.531,7.6351,5.6324,10.4395,17.805
2026-02-27 13:20:00+00:00,0,normal,27.4556,7.6171,5.6185,10.3334,17.8006
2026-02-27 13:30:00+00:00,0,normal,27.5084,7.6261,5.5995,10.5312,17.8032
2026-02-27 13:40:00+00:00,0,normal,27.4245,7.6022,5.5601,10.2192,17.8111
2026-02-27 13:50:00+00:00,0,normal,27.4115,7.5769,5.6209,10.4908,17.7907
2026-02-27 14:00:00+00:00,0,normal,27.3722,7.5539,5.6492,10.1465,17.7745
2026-02-27 14:10:00+00:00,0,normal,27.3021,7.5423,5.7229,10.4914,17.7938
2026-02-27 14:20:00+00:00,0,normal,27.1964,7.5177,5.7741,10.4226,17.7863
2026-02-27 14:30:00+00:00,0,normal,27.154,7.506,5.8047,10.551,17.786
2026-02-27 14:40:00+00:00,0,normal,27.0802,7.518,5.8617,10.3376,17.7977
2026-02-27 14:50:00+00:00,0,normal,26.9927,7.5192,5.9974,10.4164,17.8054
2026-02-27 15:00:00+00:00,0,normal,27.0135,7.5245,6.0451,10.298,17.7602
2026-02-27 15:10:00+00:00,0,normal,26.9432,7.4969,6.076,10.3883,17.7392
2026-02-27 15:20:00+00:00,0,normal,26.9211,7.4856,6.0942,10.4045,17.7258
2026-02-27 15:30:00+00:00,0,normal,26.8984,7.4636,6.146,10.363,17.7056
2026-02-27 15:40:00+00:00,0,normal,26.8109,7.4553,6.1404,10.6752,17.6961
2026-02-27 15:50:00+00:00,0,normal,26.7362,7.432,6.1041,10.6584,17.7197
2026-02-27 16:00:00+00:00,0,normal,26.6533,7.4295,6.238,10.4768,17.7282
2026-02-27 16:10:00+00:00,0,normal,26.6018,7.4314,6.3208,10.558,17.7223
2026-02-27 16:20:00+00:00,0,normal,26.5184,7.4064,6.3285,10.4723,17.7395
2026-02-27 16:30:00+00:00,0,normal,26.5154,7.3918,6.281,10.1817,17.7509
2026-02-27 16:40:00+00:00,0,normal,26.3966,7.3761,6.3839,10.1695,17.739
2026-02-27 16:50:00+00:00,0,normal,26.3987,7.363,6.3934,10.1487,17.7462
2026-02-27 17:00:00+00:00,0,normal,26.3567,7.3532,6.4049,10.0764,17.7311
2026-02-27 17:10:00+00:00,0,normal,26.2936,7.3525,6.47,10.2158,17.7179
2026-02-27 17:20:00+00:00,0,normal,26.2197,7.3285,6.5483,10.5135,17.7071
2026-02-27 17:30:00+00:00,0,normal,26.2317,7.3266,6.5645,10.5355,17.7042
2026-02-27 17:40:00+00:00,0,normal,26.1943,7.3147,6.6187,10.494,17.6884
2026-02-27 17:50:00+00:00,0,normal,26.0239,7.3027,6.6953,10.3545,17.6848
2026-02-27 18:00:00+00:00,0,normal,26.0772,7.3132,6.6545,10.4813,17.6805
2026-02-27 18:10:00+00:00,0,normal,26.0708,7.3078,6.7327,10.2134,17.6591
2026-02-27 18:20:00+00:00,0,normal,26.0334,7.2979,6.7706,9.9893,17.6572
2026-02-27 18:30:00+00:00,0,normal,25.9661,7.3046,6.7549,10.0542,17.6582
2026-02-27 18:40:00+00:00,0,normal,25.9434,7.284,6.7879,10.3006,17.6736
2026-02-27 18:50:00+00:00,0,normal,25.8531,7.2773,6.8406,10.1385,17.6621
2026-02-27 19:00:00+00:00,0,normal,25.7731,7.3008,6.8686,10.2957,17.6785
2026-02-27 19:10:00+00:00,0,normal,25.7287,7.3029,6.8531,10.4758,17.6839
2026-02-27 19:20:00+00:00,0,normal,25.6886,7.2901,6.9273,10.4827,17.6824
2026-02-27 19:30:00+00:00,0,normal,25.7284,7.2837,6.9201,10.2171,17.6791
2026-02-27 19:40:00+00:00,0,normal,25.6424,7.2798,6.9201,10.1318,17.6916
2026-02-27 19:50:00+00:00,0,normal,25.662,7.2899,6.9068,10.0937,17.6648
2026-02-27 20:00:00+00:00,0,normal,25.5697,7.3039,6.9777,9.9873,17.6511
2026-02-27 20:10:00+00:00,0,normal,25.6304,7.3135,6.9169,10.2375,17.6705
2026-02-27 20:20:00+00:00,0,normal,25.6765,7.3286,6.8952,10.3454,17.6724
2026-02-27 20:30:00+00:00,0,normal,25.7393,7.3342,6.9355,10.2772,17.6647
2026-02-27 20:40:00+00:00,0,normal,25.7324,7.3173,7.011,10.286,17.6917
2026-02-27 20:50:00+00:00,0,normal,25.7527,7.3095,7.0423,10.5224,17.7068
2026-02-27 21:00:00+00:00,0,normal,25.6965,7.3146,7.0383,10.6014,17.7019
2026-02-27 21:10:00+00:00,0,normal,25.5975,7.3241,7.1019,10.5572,17.6931
2026-02-27 21:20:00+00:00,0,normal,25.4701,7.3236,7.1603,10.919,17.6938
2026-02-27 21:30:00+00:00,0,normal,25.4679,7.3388,7.0606,10.9629,17.6869
2026-02-27 21:40:00+00:00,0,normal,25.5035,7.3365,7.0072,10.8347,17.6762
2026-02-27 21:50:00+00:00,0,normal,25.4546,7.3283,7.0284,10.7693,17.6579
2026-02-27 22:00:00+00:00,0,normal,25.4106,7.3084,7.0861,11.1197,17.6642
2026-02-27 22:10:00+00:00,0,normal,25.4445,7.3036,7.1367,10.8024,17.6669
2026-02-27 22:20:00+00:00,0,normal,25.3262,7.2846,7.217,10.7586,17.672
2026-02-27 22:30:00+00:00,0,normal,25.3233,7.2995,7.2867,10.7909,17.6953
2026-02-27 22:40:00+00:00,0,normal,25.2729,7.3091,7.3466,10.8086,17.6935
2026-02-27 22:50:00+00:00,0,normal,25.3358,7.3399,7.2732,10.8438,17.6962
2026-02-27 23:00:00+00:00,0,normal,25.3374,7.3578,7.2541,11.06,17.6912
2026-02-27 23:10:00+00:00,0,normal,25.3648,7.3803,7.3512,11.0984,17.7016
2026-02-27 23:20:00+00:00,0,normal,25.3548,7.3829,7.3423,11.2302,17.6964
2026-02-27 23:30:00+00:00,0,normal,25.4183,7.4125,7.3417,11.1582,17.6987
2026-02-27 23:40:00+00:00,0,normal,25.4581,7.4316,7.3658,10.7811,17.691
2026-02-27 23:50:00+00:00,0,normal,25.465,7.4294,7.3054,10.8517,17.7088
2026-02-28 00:00:00+00:00,0,normal,25.5135,7.4337,7.2218,11.0135,18.2495
2026-02-28 00:10:00+00:00,0,normal,25.4454,7.4474,7.2579,11.1034,18.2538
2026-02-28 00:20:00+00:00,0,normal,25.4073,7.4412,7.3127,11.0223,18.2524
2026-02-28 00:30:00+00:00,0,normal,25.4724,7.4369,7.2591,11.3475,18.2699
2026-02-28 00:40:00+00:00,0,normal,25.6256,7.4656,7.192,11.4783,18.2856
2026-02-28 00:50:00+00:00,0,normal,25.6906,7.4929,7.1422,11.6666,18.2931
2026-02-28 01:00:00+00:00,0,normal,25.7832,7.5106,7.1041,11.6189,18.2761
2026-02-28 01:10:00+00:00,0,normal,25.8891,7.5375,7.0717,11.8713,18.2813
2026-02-28 01:20:00+00:00,0,normal,25.8955,7.5761,7.1115,11.7116,18.2716
2026-02-28 01:30:00+00:00,0,normal,25.8433,7.5906,7.1486,11.4348,18.2589
2026-02-28 01:40:00+00:00,0,normal,25.8914,7.5943,7.1494,11.2797,18.2432
2026-02-28 01:50:00+00:00,0,normal,25.9649,7.5951,7.114,11.0169,18.2473
2026-02-28 02:00:00+00:00,0,normal,26.0009,7.5761,7.088,10.9387,18.2567
2026-02-28 02:10:00+00:00,0,normal,25.9975,7.5669,6.9914,11.2173,18.2732
2026-02-28 02:20:00+00:00,0,normal,26.0748,7.5693,6.9386,11.4303,18.2848
2026-02-28 02:30:00+00:00,0,normal,26.0804,7.5762,6.8131,11.4096,18.298
2026-02-28 02:40:00+00:00,0,normal,26.1475,7.5737,6.7605,11.6373,18.2916
2026-02-28 02:50:00+00:00,0,normal,26.2023,7.5994,6.6636,11.5834,18.2924
2026-02-28 03:00:00+00:00,0,normal,26.2779,7.6179,6.6528,11.6703,18.2806
2026-02-28 03:10:00+00:00,0,normal,26.37,7.6174,6.4931,11.7339,18.2751
2026-02-28 03:20:00+00:00,0,normal,26.4526,7.6313,6.5241,11.7545,18.2726
2026-02-28 03:30:00+00:00,0,normal,26.5235,7.6642,6.4548,11.7672,18.274
2026-02-28 03:40:00+00:00,0,normal,26.5304,7.6854,6.4184,11.7512,18.2728
2026-02-28 03:50:00+00:00,0,normal,26.5636,7.7047,6.3868,11.6351,18.2682
2026-02-28 04:00:00+00:00,0,normal,26.5698,7.7186,6.4266,11.4667,18.2541
2026-02-28 04:10:00+00:00,0,normal,26.7002,7.7328,6.3511,11.3824,18.25
2026-02-28 04:20:00+00:00,0,normal,26.6517,7.7357,6.3262,11.446,18.2473
2026-02-28 04:30:00+00:00,0,normal,26.7678,7.7443,6.2861,11.5313,18.2524
2026-02-28 04:40:00+00:00,0,normal,26.8921,7.7466,6.2317,11.5799,18.2572
2026-02-28 04:50:00+00:00,0,normal,26.9174,7.7705,6.1788,11.4644,18.2524
2026-02-28 05:00:00+00:00,0,normal,26.8947,7.7527,6.1817,11.4579,18.2667
2026-02-28 05:10:00+00:00,0,normal,27.0309,7.7671,6.1432,11.6192,18.2603
2026-02-28 05:20:00+00:00,0,normal,27.094,7.7742,6.1251,11.6877,18.2499
2026-02-28 05:30:00+00:00,0,normal,27.1504,7.7751,6.1167,11.4874,18.2481
2026-02-28 05:40:00+00:00,0,normal,27.2464,7.7514,6.0842,11.7113,18.2638
2026-02-28 05:50:00+00:00,0,normal,27.3525,7.7814,6.0607,11.6885,18.2497
2026-02-28 06:00:00+00:00,0,normal,27.3773,7.7765,5.9772,11.6036,18.2746
2026-02-28 06:10:00+00:00,0,normal,27.3927,7.7915,5.9049,11.5833,18.2704
2026-02-28 06:20:00+00:00,0,normal,27.3756,7.7993,5.8929,11.4968,18.2737
2026-02-28 06:30:00+00:00,0,normal,27.364,7.8147,5.9598,11.4214,18.2766
2026-02-28 06:40:00+00:00,0,normal,27.3784,7.7998,5.9542,11.4581,18.2702
2026-02-28 06:50:00+00:00,0,normal,27.4209,7.8156,6.0063,11.3329,18.2588
2026-02-28 07:00:00+00:00,0,normal,27.4653,7.8105,5.9673,11.2615,18.2668
2026-02-28 07:10:00+00:00,0,normal,27.5316,7.8096,5.9183,11.402,18.2453
2026-02-28 07:20:00+00:00,0,normal,27.5708,7.8249,5.8482,11.4042,18.2311
2026-02-28 07:30:00+00:00,0,normal,27.618,7.8428,5.7311,11.2605,18.2318
2026-02-28 07:40:00+00:00,0,normal,27.6498,7.8486,5.6601,11.1397,18.2195
2026-02-28 07:50:00+00:00,0,normal,27.7489,7.8556,5.665,11.0571,18.2074
2026-02-28 08:00:00+00:00,0,normal,27.7481,7.8418,5.6564,10.9853,18.2105
2026-02-28 08:10:00+00:00,0,normal,27.8413,7.8271,5.6617,10.8908,18.2101
2026-02-28 08:20:00+00:00,0,normal,27.8472,7.847,5.6369,11.0702,18.2114
2026-02-28 08:30:00+00:00,0,normal,27.9163,7.847,5.5869,10.9931,18.2358
2026-02-28 08:40:00+00:00,0,normal,27.9015,7.8234,5.5403,10.8081,18.2307
2026-02-28 08:50:00+00:00,0,normal,27.8765,7.8197,5.5462,10.9914,18.2352
2026-02-28 09:00:00+00:00,0,normal,27.9086,7.8323,5.4537,10.9062,18.2223
2026-02-28 09:10:00+00:00,0,normal,27.9153,7.8003,5.5034,10.8827,18.2064
2026-02-28 09:20:00+00:00,0,normal,27.9309,7.7857,5.5268,11.0319,18.1954
2026-02-28 09:30:00+00:00,0,normal,27.9634,7.7937,5.4477,11.113,18.1967
2026-02-28 09:40:00+00:00,0,normal,28.0048,7.8041,5.4232,10.8582,18.1806
2026-02-28 09:50:00+00:00,0,normal,27.9425,7.804,5.4847,10.8932,18.1808
2026-02-28 10:00:00+00:00,0,normal,27.9738,7.8268,5.4496,10.7874,18.1967
2026-02-28 10:10:00+00:00,0,normal,27.9366,7.8175,5.3784,10.6121,18.1698
2026-02-28 10:20:00+00:00,0,normal,27.9453,7.8019,5.4066,10.6547,18.1641
2026-02-28 10:30:00+00:00,0,normal,27.9642,7.8006,5.3851,10.6414,18.1754
2026-02-28 10:40:00+00:00,0,normal,28.029,7.8015,5.2911,10.7698,18.1681
2026-02-28 10:50:00+00:00,0,normal,28.0134,7.7734,5.3168,10.6617,18.1586
2026-02-28 11:00:00+00:00,0,normal,28.025,7.7785,5.3929,10.6154,18.1586
2026-02-28 11:10:00+00:00,0,normal,27.9658,7.7705,5.4331,10.5517,18.1387
2026-02-28 11:20:00+00:00,0,normal,27.9663,7.7592,5.4199,10.5732,18.1217
2026-02-28 11:30:00+00:00,0,normal,27.9558,7.7254,5.4597,10.2346,18.1098
2026-02-28 11:40:00+00:00,0,normal,27.9198,7.7189,5.4485,10.3893,18.0985
2026-02-28 11:50:00+00:00,0,normal,27.9076,7.7011,5.3921,10.4771,18.0905
2026-02-28 12:00:00+00:00,0,normal,27.8995,7.7049,5.3808,10.5633,18.1008
2026-02-28 12:10:00+00:00,0,normal,27.8703,7.7103,5.3997,10.5263,18.0945
2026-02-28 12:20:00+00:00,0,normal,27.862,7.7078,5.447,10.6275,18.1015
2026-02-28 12:30:00+00:00,0,normal,27.8778,7.6813,5.467,10.357,18.1026
2026-02-28 12:40:00+00:00,0,normal,27.8302,7.6689,5.5827,10.2588,18.0939
2026-02-28 12:50:00+00:00,0,normal,27.8029,7.6553,5.5701,10.027,18.0983
2026-02-28 13:00:00+00:00,0,normal,27.738,7.6284,5.593,10.0235,18.0896
2026-02-28 13:10:00+00:00,0,normal,27.6329,7.6157,5.6696,10.062,18.067
2026-02-28 13:20:00+00:00,0,normal,27.5622,7.634,5.664,9.996,18.0657
2026-02-28 13:30:00+00:00,0,normal,27.5497,7.6268,5.6066,9.9898,18.0635
2026-02-28 13:40:00+00:00,0,normal,27.5272,7.6124,5.6621,10.2126,18.048
2026-02-28 13:50:00+00:00,0,normal,27.4693,7.5911,5.7742,10.3027,18.0379
2026-02-28 14:00:00+00:00,0,normal,27.466,7.5671,5.6977,10.1665,18.0397
2026-02-28 14:10:00+00:00,0,normal,27.4058,7.5442,5.7774,10.5609,18.0243
2026-02-28 14:20:00+00:00,0,normal,27.2925,7.5301,5.8773,10.5121,18.0213
2026-02-28 14:30:00+00:00,0,normal,27.2653,7.5108,5.848,10.2427,18.0111
2026-02-28 14:40:00+00:00,0,normal,27.3087,7.5103,5.7747,10.2845,18.0184
2026-02-28 14:50:00+00:00,0,normal,27.2328,7.5118,5.8255,10.303,18.0261
2026-02-28 15:00:00+00:00,0,normal,27.2104,7.4932,5.852,10.2256,18.0142
2026-02-28 15:10:00+00:00,0,normal,27.2218,7.4756,5.9027,10.2518,17.9907
2026-02-28 15:20:00+00:00,0,normal,27.1715,7.4776,5.9896,10.4018,18.0022
2026-02-28 15:30:00+00:00,0,normal,27.092,7.4636,6.029,10.0607,17.9918
2026-02-28 15:40:00+00:00,0,normal,26.9813,7.4458,6.1918,10.3126,17.9738
2026-02-28 15:50:00+00:00,0,normal,26.9744,7.4353,6.1644,10.2682,17.9735
2026-02-28 16:00:00+00:00,0,normal,26.9312,7.4313,6.0998,10.2676,17.9806
2026-02-28 16:10:00+00:00,0,normal,26.8085,7.4223,6.2256,10.2916,17.9623
2026-02-28 16:20:00+00:00,0,normal,26.691,7.413,6.3035,10.509,17.9622
2026-02-28 16:30:00+00:00,0,normal,26.7029,7.4098,6.2411,10.3187,17.968
2026-02-28 16:40:00+00:00,0,normal,26.5667,7.4069,6.4126,10.3464,17.9648
2026-02-28 16:50:00+00:00,0,normal,26.4866,7.4099,6.4623,10.4115,17.9518
2026-02-28 17:00:00+00:00,0,normal,26.4785,7.3996,6.4305,10.3678,17.9404
2026-02-28 17:10:00+00:00,0,normal,26.4425,7.3925,6.424,10.127,17.9502
2026-02-28 17:20:00+00:00,0,normal,26.332,7.3895,6.4913,10.0437,17.9361
2026-02-28 17:30:00+00:00,0,normal,26.3045,7.3789,6.4296,9.9666,17.9435
2026-02-28 17:40:00+00:00,0,normal,26.2228,7.3595,6.4893,10.0133,17.9568
2026-02-28 17:50:00+00:00,0,normal,26.1515,7.3428,6.5664,10.1702,17.974
2026-02-28 18:00:00+00:00,0,normal,26.0748,7.3187,6.6561,10.2935,17.9629
2026-02-28 18:10:00+00:00,0,normal,26.0582,7.3117,6.6273,10.2672,17.9556
2026-02-28 18:20:00+00:00,0,normal,26.0235,7.3114,6.6371,10.1607,17.9384
2026-02-28 18:30:00+00:00,0,normal,26.0192,7.3041,6.6972,10.3727,17.9299
2026-02-28 18:40:00+00:00,0,normal,25.9417,7.3116,6.6698,10.1914,17.9294
2026-02-28 18:50:00+00:00,0,normal,25.9055,7.3153,6.7069,10.2647,17.916
2026-02-28 19:00:00+00:00,0,normal,25.8741,7.2932,6.8174,10.196,17.9246
2026-02-28 19:10:00+00:00,0,normal,25.8292,7.2805,6.9105,10.2103,17.9335
2026-02-28 19:20:00+00:00,0,normal,25.7842,7.2662,6.9172,9.9583,17.9481
2026-02-28 19:30:00+00:00,0,normal,25.7582,7.2584,7.0036,10.1193,17.9351
2026-02-28 19:40:00+00:00,0,normal,25.7768,7.2592,6.9596,10.1073,17.9318
2026-02-28 19:50:00+00:00,0,normal,25.798,7.2856,6.9228,10.2254,17.9239
2026-02-28 20:00:00+00:00,0,normal,25.7548,7.2994,6.922,10.2298,17.9149
2026-02-28 20:10:00+00:00,0,normal,25.653,7.3012,6.9661,10.2736,17.889
2026-02-28 20:20:00+00:00,0,normal,25.6524,7.2927,6.9877,10.1488,17.897
2026-02-28 20:30:00+00:00,0,normal,25.691,7.3084,6.9563,10.1119,17.9159
2026-02-28 20:40:00+00:00,0,normal,25.5684,7.3048,6.9795,10.4117,17.9174
2026-02-28 20:50:00+00:00,0,normal,25.5422,7.2798,6.9766,10.4385,17.939
2026-02-28 21:00:00+00:00,0,normal,25.5751,7.2957,6.9867,10.5322,17.9624
2026-02-28 21:10:00+00:00,0,normal,25.5558,7.286,7.0247,10.6455,17.9667
2026-02-28 21:20:00+00:00,0,normal,25.4761,7.2765,7.1558,10.6272,17.9699
2026-02-28 21:30:00+00:00,0,normal,25.5527,7.2859,7.1683,10.5036,17.9791
2026-02-28 21:40:00+00:00,0,normal,25.5461,7.3357,7.2131,10.6282,17.95
2026-02-28 21:50:00+00:00,0,normal,25.5941,7.3386,7.212,10.7947,17.9538
2026-02-28 22:00:00+00:00,0,normal,25.5826,7.3522,7.2242,10.7532,17.952
2026-02-28 22:10:00+00:00,0,normal,25.5616,7.3575,7.1557,10.9031,17.9403
2026-02-28 22:20:00+00:00,0,normal,25.4975,7.3513,7.2099,11.0637,17.9441
2026-02-28 22:30:00+00:00,0,normal,25.4324,7.3215,7.2244,11.1943,17.9634
2026-02-28 22:40:00+00:00,0,normal,25.402,7.3207,7.257,10.9557,17.9544
2026-02-28 22:50:00+00:00,0,normal,25.4883,7.3395,7.1911,11.0471,17.9501
2026-02-28 23:00:00+00:00,0,normal,25.5278,7.3571,7.2553,11.2023,17.9529
2026-02-28 23:10:00+00:00,0,normal,25.5893,7.3658,7.2531,11.1818,17.9563
2026-02-28 23:20:00+00:00,0,normal,25.6549,7.3751,7.1948,11.1797,17.9528
2026-02-28 23:30:00+00:00,0,normal,25.6535,7.3855,7.2104,11.4025,17.9565
2026-02-28 23:40:00+00:00,0,normal,25.6345,7.3931,7.1991,11.5027,17.9442
2026-02-28 23:50:00+00:00,0,normal,25.7121,7.393,7.1228,11.4179,17.9702
2026-03-01 00:00:00+00:00,0,normal,25.7649,7.3995,7.1099,11.3091,17.9643
2026-03-01 00:10:00+00:00,0,normal,25.8348,7.4257,7.1404,11.1894,17.961
2026-03-01 00:20:00+00:00,0,normal,25.8729,7.4406,7.073,11.0612,17.9745
2026-03-01 00:30:00+00:00,0,normal,25.8752,7.4378,7.0997,11.1519,17.9924
2026-03-01 00:40:00+00:00,0,normal,25.8078,7.462,7.1384,11.1745,17.9791
2026-03-01 00:50:00+00:00,0,normal,25.7361,7.4779,7.0864,11.2872,17.9905
2026-03-01 01:00:00+00:00,0,normal,25.7023,7.4675,7.0533,11.2224,18.0121
2026-03-01 01:10:00+00:00,0,normal,25.7404,7.4777,7.0516,11.3915,17.9985
2026-03-01 01:20:00+00:00,0,normal,25.7616,7.497,6.9838,11.1914,17.9995
2026-03-01 01:30:00+00:00,0,normal,25.7767,7.5042,6.9749,11.1562,17.9817
2026-03-01 01:40:00+00:00,0,normal,25.8699,7.5114,6.9653,11.2944,17.9744
2026-03-01 01:50:00+00:00,0,normal,25.9429,7.5364,6.9453,11.5151,17.9717
2026-03-01 02:00:00+00:00,0,normal,25.9442,7.5476,6.9883,11.3021,17.9744
2026-03-01 02:10:00+00:00,0,normal,25.9879,7.5531,6.9779,11.2798,17.9942
2026-03-01 02:20:00+00:00,0,normal,26.0771,7.5735,6.9642,11.2999,18.0096
2026-03-01 02:30:00+00:00,0,normal,26.1051,7.5936,6.9429,11.1026,17.997
2026-03-01 02:40:00+00:00,0,normal,26.1998,7.6015,6.933,10.8529,17.9981
2026-03-01 02:50:00+00:00,0,normal,26.2244,7.6152,6.9095,10.8717,18.0269
2026-03-01 03:00:00+00:00,0,normal,26.2179,7.646,6.8432,10.6954,17.9873
2026-03-01 03:10:00+00:00,0,normal,26.2819,7.6458,6.7663,10.8235,17.994
2026-03-01 03:20:00+00:00,0,normal,26.3606,7.6665,6.6822,10.9846,18.0018
2026-03-01 03:30:00+00:00,0,normal,26.3954,7.7096,6.6076,11.3053,17.9953
2026-03-01 03:40:00+00:00,0,normal,26.4985,7.7202,6.4707,11.4302,17.9636
2026-03-01 03:50:00+00:00,0,normal,26.5913,7.7188,6.4531,11.6853,17.9915
2026-03-01 04:00:00+00:00,0,normal,26.6454,7.7199,6.3705,11.6995,17.9821
2026-03-01 04:10:00+00:00,0,normal,26.6807,7.6953,6.3466,11.5299,18.0012
2026-03-01 04:20:00+00:00,0,normal,26.7767,7.6923,6.3143,11.2279,17.9921
2026-03-01 04:30:00+00:00,0,normal,26.839,7.7004,6.268,11.1708,18.0015
2026-03-01 04:40:00+00:00,0,normal,26.9246,7.7244,6.2209,11.2623,17.9723
2026-03-01 04:50:00+00:00,0,normal,27.0681,7.7566,6.1529,11.0562,17.9978
2026-03-01 05:00:00+00:00,0,normal,27.1307,7.776,6.0744,11.013,18.0037
2026-03-01 05:10:00+00:00,0,normal,27.1481,7.763,6.0141,11.1069,18.0315
2026-03-01 05:20:00+00:00,0,normal,27.2357,7.7916,5.9858,11.1613,18.0459
2026-03-01 05:30:00+00:00,0,normal,27.3159,7.7922,5.9848,11.0919,18.06
2026-03-01 05:40:00+00:00,0,normal,27.2883,7.7798,5.967,11.4621,18.0347
2026-03-01 05:50:00+00:00,0,normal,27.3526,7.7877,5.9536,11.5522,18.0184
2026-03-01 06:00:00+00:00,0,normal,27.3854,7.8004,5.9693,11.6696,18.0003
2026-03-01 06:10:00+00:00,0,normal,27.3896,7.802,5.9043,11.453,17.9747
2026-03-01 06:20:00+00:00,0,normal,27.422,7.8135,5.8755,11.5207,17.9676
2026-03-01 06:30:00+00:00,0,normal,27.5303,7.8293,5.8358,11.1661,17.9536
2026-03-01 06:40:00+00:00,0,normal,27.6113,7.8594,5.8085,11.1654,17.9447
2026-03-01 06:50:00+00:00,0,normal,27.6616,7.8777,5.7272,11.253,17.9359
2026-03-01 07:00:00+00:00,0,normal,27.7546,7.8733,5.7236,11.3553,17.9389
2026-03-01 07:10:00+00:00,0,normal,27.7514,7.8931,5.723,11.1299,17.9486
2026-03-01 07:20:00+00:00,0,normal,27.7071,7.8877,5.7409,11.0363,17.9452
2026-03-01 07:30:00+00:00,0,normal,27.7341,7.8849,5.7254,11.038,17.9381
2026-03-01 07:40:00+00:00,0,normal,27.8113,7.8725,5.6938,10.8465,17.9309
2026-03-01 07:50:00+00:00,0,normal,27.7855,7.8758,5.6544,10.8763,17.9389
2026-03-01 08:00:00+00:00,0,normal,27.8302,7.8498,5.5666,10.8586,17.9348
2026-03-01 08:10:00+00:00,0,normal,27.9469,7.8607,5.4996,11.1874,17.9466
2026-03-01 08:20:00+00:00,0,normal,27.943,7.8703,5.4142,11.3083,17.942
2026-03-01 08:30:00+00:00,0,normal,27.9797,7.882,5.3935,11.2878,17.9452
2026-03-01 08:40:00+00:00,0,normal,28.0374,7.8785,5.404,11.0899,17.9268
2026-03-01 08:50:00+00:00,0,normal,28.084,7.873,5.4046,11.383,17.9141
2026-03-01 09:00:00+00:00,0,normal,28.0125,7.8636,5.4818,11.2623,17.9101
2026-03-01 09:10:00+00:00,0,normal,28.0588,7.8315,5.5287,11.0893,17.9082
2026-03-01 09:20:00+00:00,0,normal,28.0555,7.8266,5.4892,11.1835,17.9024
2026-03-01 09:30:00+00:00,0,normal,28.022,7.8238,5.4647,11.2728,17.9023
2026-03-01 09:40:00+00:00,0,normal,28.0093,7.8236,5.4655,10.9691,17.8937
2026-03-01 09:50:00+00:00,0,normal,28.0597,7.8341,5.4038,10.8374,17.8803
2026-03-01 10:00:00+00:00,0,normal,28.0252,7.8496,5.384,10.6313,17.8762
2026-03-01 10:10:00+00:00,0,normal,27.9603,7.8337,5.4012,10.3534,17.8688
2026-03-01 10:20:00+00:00,0,normal,28.0333,7.8284,5.3597,10.4436,17.8499
2026-03-01 10:30:00+00:00,0,normal,28.0826,7.8206,5.3261,10.5517,17.8488
2026-03-01 10:40:00+00:00,0,normal,28.0281,7.7936,5.2742,10.3586,17.8571
2026-03-01 10:50:00+00:00,0,normal,28.0326,7.7633,5.1963,10.4608,17.8608
2026-03-01 11:00:00+00:00,0,normal,27.9968,7.7484,5.2622,10.4123,17.8554
2026-03-01 11:10:00+00:00,0,normal,27.9157,7.7306,5.2992,10.2755,17.8557
2026-03-01 11:20:00+00:00,0,normal,27.8657,7.7105,5.3191,10.1605,17.8579
2026-03-01 11:30:00+00:00,0,normal,27.866,7.71,5.433,10.399,17.853
2026-03-01 11:40:00+00:00,0,normal,27.8042,7.7174,5.5056,10.4046,17.8573
2026-03-01 11:50:00+00:00,0,normal,27.8005,7.7129,5.4342,10.5033,17.8508
2026-03-01 12:00:00+00:00,0,normal,27.7707,7.6793,5.4591,10.4925,17.8465
2026-03-01 12:10:00+00:00,0,normal,27.7568,7.6824,5.4323,10.3482,17.8445
2026-03-01 12:20:00+00:00,0,normal,27.657,7.6506,5.4313,10.208,17.8337
2026-03-01 12:30:00+00:00,0,normal,27.6255,7.6251,5.5003,10.2586,17.8147
2026-03-01 12:40:00+00:00,0,normal,27.5523,7.6253,5.6034,10.2918,17.8084
2026-03-01 12:50:00+00:00,0,normal,27.572,7.6192,5.6108,10.3928,17.8008
2026-03-01 13:00:00+00:00,0,normal,27.4551,7.5988,5.727,10.6458,17.7972
2026-03-01 13:10:00+00:00,0,normal,27.4897,7.611,5.7407,10.8815,17.7968
2026-03-01 13:20:00+00:00,0,normal,27.5461,7.6035,5.6995,10.688,17.7883
2026-03-01 13:30:00+00:00,0,normal,27.6327,7.5781,5.6779,10.6729,17.8042
2026-03-01 13:40:00+00:00,0,normal,27.5103,7.6026,5.6922,10.6202,17.813
2026-03-01 13:50:00+00:00,0,normal,27.5423,7.6054,5.6871,10.4897,17.8003
2026-03-01 14:00:00+00:00,0,normal,27.4604,7.5927,5.7139,10.1654,17.7766
2026-03-01 14:10:00+00:00,0,normal,27.312,7.5865,5.7599,10.3324,17.7597
2026-03-01 14:20:00+00:00,0,normal,27.2001,7.58,5.7886,10.3397,17.7349
2026-03-01 14:30:00+00:00,0,normal,27.2606,7.5667,5.8547,10.1756,17.7313
2026-03-01 14:40:00+00:00,0,normal,27.2217,7.5693,5.8256,10.0038,17.7493
2026-03-01 14:50:00+00:00,0,normal,27.1808,7.5346,5.8689,10.011,17.756
2026-03-01 15:00:00+00:00,0,normal,27.1976,7.5217,5.9402,9.8748,17.7722
2026-03-01 15:10:00+00:00,0,normal,27.0686,7.5046,6.0264,9.8906,17.765
2026-03-01 15:20:00+00:00,0,normal,26.9444,7.4745,6.0357,9.8995,17.7594
2026-03-01 15:30:00+00:00,0,normal,26.8397,7.4525,6.1198,10.0735,17.735
2026-03-01 15:40:00+00:00,0,normal,26.8144,7.4604,6.0869,9.9367,17.7219
2026-03-01 15:50:00+00:00,0,normal,26.7274,7.4657,6.097,9.8379,17.7248
2026-03-01 16:00:00+00:00,0,normal,26.7487,7.4693,6.0651,9.6859,17.7273
2026-03-01 16:10:00+00:00,0,normal,26.7149,7.4762,6.1211,9.7599,17.7318
2026-03-01 16:20:00+00:00,0,normal,26.6907,7.4481,6.1081,9.6903,17.7277
2026-03-01 16:30:00+00:00,0,normal,26.6528,7.4297,6.1879,9.8958,17.7299
2026-03-01 16:40:00+00:00,0,normal,26.6111,7.3971,6.2736,9.8824,17.7077
2026-03-01 16:50:00+00:00,0,normal,26.5519,7.3897,6.3893,9.9475,17.7027
2026-03-01 17:00:00+00:00,0,normal,26.519,7.361,6.3809,9.9579,17.703
2026-03-01 17:10:00+00:00,0,normal,26.4947,7.3564,6.4262,9.895,17.6921
2026-03-01 17:20:00+00:00,0,normal,26.4027,7.3436,6.508,9.9116,17.6985
2026-03-01 17:30:00+00:00,0,normal,26.3432,7.3669,6.5364,9.8683,17.7003
2026-03-01 17:40:00+00:00,0,normal,26.3442,7.3491,6.4927,9.8257,17.7065
2026-03-01 17:50:00+00:00,0,normal,26.2398,7.353,6.5797,9.9448,17.693
2026-03-01 18:00:00+00:00,0,normal,26.2257,7.3466,6.6246,9.8704,17.6871
2026-03-01 18:10:00+00:00,0,normal,26.1494,7.3579,6.5881,9.931,17.6808
2026-03-01 18:20:00+00:00,0,normal,26.0921,7.3112,6.623,10.0542,17.7014
2026-03-01 18:30:00+00:00,0,normal,25.9703,7.2948,6.7473,10.0784,17.6973
2026-03-01 18:40:00+00:00,0,normal,26.0443,7.2848,6.7302,10.161,17.7024
2026-03-01 18:50:00+00:00,0,normal,25.9183,7.2888,6.7536,10.3522,17.7159
2026-03-01 19:00:00+00:00,0,normal,25.907,7.2709,6.8759,10.4721,17.7204
2026-03-01 19:10:00+00:00,0,normal,25.8662,7.2974,6.8978,10.5837,17.6935
2026-03-01 19:20:00+00:00,0,normal,25.8656,7.3101,6.8987,10.657,17.6889
2026-03-01 19:30:00+00:00,0,normal,25.7385,7.3038,6.9396,10.6133,17.6878
2026-03-01 19:40:00+00:00,0,normal,25.7172,7.3099,6.9645,10.7611,17.6815
2026-03-01 19:50:00+00:00,0,normal,25.5754,7.3069,7.0093,10.6202,17.6836
2026-03-01 20:00:00+00:00,0,normal,25.5599,7.2881,7.0533,10.623,17.6808
2026-03-01 20:10:00+00:00,0,normal,25.5282,7.2915,7.0196,10.4825,17.6824
2026-03-01 20:20:00+00:00,0,normal,25.5506,7.2785,7.0585,10.2459,17.6721
2026-03-01 20:30:00+00:00,0,normal,25.5778,7.2797,7.047,10.3522,17.6992
2026-03-01 20:40:00+00:00,0,normal,25.6755,7.2843,6.9755,10.5443,17.6863
2026-03-01 20:50:00+00:00,0,normal,25.6824,7.2866,6.9399,10.6321,17.6995
2026-03-01 21:00:00+00:00,0,normal,25.6239,7.2966,7.0267,10.6304,17.6816
2026-03-01 21:10:00+00:00,0,normal,25.5982,7.3165,6.9819,10.7339,17.674
2026-03-01 21:20:00+00:00,0,normal,25.5168,7.3186,7.1194,10.5225,17.6537
2026-03-01 21:30:00+00:00,0,normal,25.4696,7.3297,7.1645,10.298,17.6557
2026-03-01 21:40:00+00:00,0,normal,25.4246,7.3422,7.2407,10.2102,17.6506
2026-03-01 21:50:00+00:00,0,normal,25.508,7.3318,7.2143,10.4865,17.6666
2026-03-01 22:00:00+00:00,0,normal,25.4826,7.3382,7.3252,10.6226,17.6765
2026-03-01 22:10:00+00:00,0,normal,25.5552,7.3529,7.3182,10.9109,17.6595
2026-03-01 22:20:00+00:00,0,normal,25.5714,7.3659,7.2946,10.9532,17.6623
2026-03-01 22:30:00+00:00,0,normal,25.6187,7.3669,7.2385,11.0964,17.6638
2026-03-01 22:40:00+00:00,0,normal,25.55,7.3632,7.2181,11.1445,17.6777
2026-03-01 22:50:00+00:00,0,normal,25.5592,7.3683,7.1848,11.2533,17.6883
2026-03-01 23:00:00+00:00,0,normal,25.523,7.369,7.1606,10.9671,17.6797
2026-03-01 23:10:00+00:00,0,normal,25.586,7.3821,7.1929,11.0776,17.6753
2026-03-01 23:20:00+00:00,0,normal,25.5719,7.3988,7.1823,11.0946,17.695
2026-03-01 23:30:00+00:00,0,normal,25.5856,7.4025,7.168,11.0689,17.6951
2026-03-01 23:40:00+00:00,0,normal,25.6282,7.4251,7.1523,10.9853,17.6936
2026-03-01 23:50:00+00:00,0,normal,25.704,7.4403,7.0647,11.3313,17.7161
2026-03-02 00:00:00+00:00,0,normal,25.6826,7.439,7.0169,11.2101,18.2809
2026-03-02 00:10:00+00:00,0,normal,25.6331,7.4582,7.0697,11.1103,18.2526
2026-03-02 00:20:00+00:00,0,normal,25.7053,7.4736,7.0863,11.0069,18.241
2026-03-02 00:30:00+00:00,0,normal,25.6913,7.4815,7.1122,10.9881,18.2412
2026-03-02 00:40:00+00:00,0,normal,25.6558,7.4681,7.1394,10.851,18.2528
2026-03-02 00:50:00+00:00,0,normal,25.7304,7.4892,7.1498,10.9173,18.2496
2026-03-02 01:00:00+00:00,0,normal,25.8153,7.4906,7.083,11.1502,18.2682
2026-03-02 01:10:00+00:00,0,normal,25.8248,7.5287,7.0467,11.2571,18.2762
2026-03-02 01:20:00+00:00,0,normal,25.8719,7.539,6.9554,11.2947,18.2717
2026-03-02 01:30:00+00:00,0,normal,25.9699,7.559,6.8458,11.1315,18.2796
2026-03-02 01:40:00+00:00,0,normal,25.9929,7.5558,6.744,11.3967,18.2956
2026-03-02 01:50:00+00:00,0,normal,26.0083,7.5584,6.7339,11.2946,18.2928
2026-03-02 02:00:00+00:00,0,normal,26.0197,7.5477,6.6988,11.4879,18.2819
2026-03-02 02:10:00+00:00,0,normal,26.0744,7.5676,6.6458,11.4421,18.2837
2026-03-02 02:20:00+00:00,0,normal,26.0281,7.5898,6.7097,11.6909,18.2734
2026-03-02 02:30:00+00:00,0,normal,26.0191,7.5896,6.7616,11.4389,18.2378
2026-03-02 02:40:00+00:00,0,normal,26.1359,7.6073,6.7026,11.6535,18.2511
2026-03-02 02:50:00+00:00,0,normal,26.254,7.6275,6.6643,11.6049,18.2567
2026-03-02 03:00:00+00:00,0,normal,26.2869,7.6189,6.6875,11.7741,18.2519
2026-03-02 03:10:00+00:00,0,normal,26.39,7.6254,6.6235,11.6092,18.2486
2026-03-02 03:20:00+00:00,0,normal,26.5056,7.6664,6.5685,11.8861,18.2646
2026-03-02 03:30:00+00:00,0,normal,26.5575,7.6851,6.5124,11.9144,18.2534
2026-03-02 03:40:00+00:00,0,normal,26.6081,7.7075,6.4739,11.7525,18.2664
2026-03-02 03:50:00+00:00,0,normal,26.5814,7.7147,6.5075,11.679,18.2853
2026-03-02 04:00:00+00:00,0,normal,26.6162,7.7206,6.5199,11.8617,18.2954
2026-03-02 04:10:00+00:00,0,normal,26.6823,7.7114,6.449,11.4351,18.2909
2026-03-02 04:20:00+00:00,0,normal,26.7,7.7137,6.4216,11.336,18.2891
2026-03-02 04:30:00+00:00,0,normal,26.7337,7.7132,6.3833,11.4883,18.2824
2026-03-02 04:40:00+00:00,0,normal,26.9085,7.7437,6.1903,11.4055,18.2731
2026-03-02 04:50:00+00:00,0,normal,26.9737,7.7649,6.1553,11.0582,18.2696
2026-03-02 05:00:00+00:00,0,normal,27.0626,7.7885,6.0836,11.3067,18.2778
2026-03-02 05:10:00+00:00,0,normal,27.1707,7.7897,6.0569,11.0498,18.2769
2026-03-02 05:20:00+00:00,0,normal,27.2172,7.7823,6.0327,10.7553,18.283
2026-03-02 05:30:00+00:00,0,normal,27.2345,7.7842,6.1191,10.8498,18.2776
2026-03-02 05:40:00+00:00,0,normal,27.1797,7.7879,6.1115,11.2268,18.2803
2026-03-02 05:50:00+00:00,0,normal,27.1634,7.7849,6.1555,11.156,18.2852
2026-03-02 06:00:00+00:00,0,normal,27.1229,7.7808,6.1133,11.4,18.2973
2026-03-02 06:10:00+00:00,0,normal,27.1828,7.8183,6.0289,11.6358,18.289
2026-03-02 06:20:00+00:00,0,normal,27.2419,7.8241,5.9477,11.4311,18.3011
2026-03-02 06:30:00+00:00,0,normal,27.4149,7.8236,5.7758,11.2115,18.2875
2026-03-02 06:40:00+00:00,0,normal,27.5208,7.8209,5.6692,11.3397,18.2808
2026-03-02 06:50:00+00:00,0,normal,27.611,7.8413,5.595,11.1321,18.272
2026-03-02 07:00:00+00:00,0,normal,27.7261,7.836,5.5431,11.1329,18.2582
2026-03-02 07:10:00+00:00,0,normal,27.7683,7.8393,5.5251,11.2219,18.2388
2026-03-02 07:20:00+00:00,0,normal,27.7338,7.8306,5.6067,11.3446,18.2325
2026-03-02 07:30:00+00:00,0,normal,27.6993,7.8392,5.6202,11.2547,18.2257
2026-03-02 07:40:00+00:00,0,normal,27.7209,7.8344,5.6466,11.2702,18.2107
2026-03-02 07:50:00+00:00,0,normal,27.6924,7.8412,5.6579,11.2367,18.2173
2026-03-02 08:00:00+00:00,0,normal,27.6802,7.8432,5.711,11.024,18.2165
2026-03-02 08:10:00+00:00,0,normal,27.745,7.8464,5.6633,10.8045,18.2163
2026-03-02 08:20:00+00:00,0,normal,27.7857,7.8367,5.6207,10.6851,18.2144
2026-03-02 08:30:00+00:00,0,normal,27.8071,7.8436,5.619,10.8196,18.209
2026-03-02 08:40:00+00:00,0,normal,27.8371,7.823,5.653,10.5622,18.1962
2026-03-02 08:50:00+00:00,0,normal,27.9141,7.812,5.5065,10.7734,18.182
2026-03-02 09:00:00+00:00,0,normal,27.9844,7.8066,5.4111,10.9049,18.1641
2026-03-02 09:10:00+00:00,0,normal,27.9936,7.8047,5.3791,10.9599,18.1522
2026-03-02 09:20:00+00:00,0,normal,28.066,7.8031,5.2894,10.7967,18.1586
2026-03-02 09:30:00+00:00,0,normal,27.9984,7.7972,5.2726,10.8639,18.16
2026-03-02 09:40:00+00:00,0,normal,27.9337,7.8153,5.2692,10.8168,18.1661
2026-03-02 09:50:00+00:00,0,normal,27.854,7.8216,5.3326,10.8652,18.1737
2026-03-02 10:00:00+00:00,0,normal,27.8699,7.8155,5.3531,10.7382,18.1923
2026-03-02 10:10:00+00:00,0,normal,27.8711,7.7943,5.3804,10.4876,18.184
2026-03-02 10:20:00+00:00,0,normal,27.8974,7.7954,5.3862,10.5831,18.1756
2026-03-02 10:30:00+00:00,0,normal,27.9267,7.7642,5.435,10.7509,18.1609
2026-03-02 10:40:00+00:00,0,normal,27.9568,7.7655,5.4898,10.5042,18.1748
2026-03-02 10:50:00+00:00,0,normal,27.9688,7.7718,5.5245,10.706,18.1396
2026-03-02 11:00:00+00:00,0,normal,27.8977,7.7568,5.5531,10.9774,18.1257
2026-03-02 11:10:00+00:00,0,normal,27.8873,7.7358,5.5071,10.7757,18.1184
2026-03-02 11:20:00+00:00,0,normal,27.8408,7.723,5.4945,10.5108,18.1222
2026-03-02 11:30:00+00:00,0,normal,27.8104,7.7053,5.4066,10.5217,18.1046
2026-03-02 11:40:00+00:00,0,normal,27.8124,7.685,5.3773,10.3684,18.1125
2026-03-02 11:50:00+00:00,0,normal,27.8109,7.6956,5.3839,10.2694,18.111
2026-03-02 12:00:00+00:00,0,normal,27.7794,7.6824,5.4611,10.4969,18.1001
2026-03-02 12:10:00+00:00,0,normal,27.846,7.683,5.4643,10.647,18.1118
2026-03-02 12:20:00+00:00,0,normal,27.8172,7.6718,5.5613,10.539,18.1056
2026-03-02 12:30:00+00:00,0,normal,27.7956,7.6842,5.6057,10.3446,18.1047
2026-03-02 12:40:00+00:00,0,normal,27.8105,7.6764,5.5608,10.4131,18.0965
2026-03-02 12:50:00+00:00,0,normal,27.8049,7.6714,5.5244,10.2163,18.1011
2026-03-02 13:00:00+00:00,0,normal,27.6704,7.6686,5.5841,10.0859,18.0896
2026-03-02 13:10:00+00:00,0,normal,27.736,7.6574,5.5048,10.2991,18.0621
2026-03-02 13:20:00+00:00,0,normal,27.6593,7.6378,5.5058,10.5333,18.0587
2026-03-02 13:30:00+00:00,0,normal,27.556,7.6153,5.6042,10.3146,18.0574
2026-03-02 13:40:00+00:00,0,normal,27.5456,7.6133,5.6305,10.1123,18.0587
2026-03-02 13:50:00+00:00,0,normal,27.5807,7.5849,5.6242,10.1053,18.0581
2026-03-02 14:00:00+00:00,0,normal,27.4999,7.5758,5.6637,9.9382,18.0687
2026-03-02 14:10:00+00:00,0,normal,27.4152,7.5624,5.737,9.839,18.0326
2026-03-02 14:20:00+00:00,0,normal,27.3903,7.5528,5.7635,9.9538,18.0202
2026-03-02 14:30:00+00:00,0,normal,27.2639,7.5313,5.8124,10.0807,18.0118
2026-03-02 14:40:00+00:00,0,normal,27.2124,7.5299,5.8064,10.3135,18.007
2026-03-02 14:50:00+00:00,0,normal,27.1132,7.5055,5.9336,10.4012,18.0033
2026-03-02 15:00:00+00:00,0,normal,27.0952,7.4748,5.9941,10.3235,18.0371
2026-03-02 15:10:00+00:00,0,normal,27.0257,7.4701,6.0325,10.3382,18.0217
2026-03-02 15:20:00+00:00,0,normal,27.006,7.4645,6.0675,10.4985,18.0128
2026-03-02 15:30:00+00:00,0,normal,26.8968,7.4462,6.2059,10.1952,18.0033
2026-03-02 15:40:00+00:00,0,normal,26.8717,7.4488,6.2068,10.4454,18.0113
2026-03-02 15:50:00+00:00,0,normal,26.8605,7.4598,6.1631,10.3389,17.9759
2026-03-02 16:00:00+00:00,0,normal,26.7908,7.444,6.2328,10.1668,17.9855
2026-03-02 16:10:00+00:00,0,normal,26.7647,7.426,6.2447,9.9325,17.9852
2026-03-02 16:20:00+00:00,0,normal,26.7565,7.4137,6.2074,10.0035,17.9665
2026-03-02 16:30:00+00:00,0,normal,26.6733,7.4032,6.2568,9.8024,17.9652
2026-03-02 16:40:00+00:00,0,normal,26.5099,7.3836,6.357,9.9366,17.9797
2026-03-02 16:50:00+00:00,0,normal,26.4285,7.3696,6.3986,10.1523,17.9712
2026-03-02 17:00:00+00:00,0,normal,26.3264,7.3615,6.5246,10.3836,17.9737
2026-03-02 17:10:00+00:00,0,normal,26.1801,7.3598,6.5791,10.3496,17.9816
2026-03-02 17:20:00+00:00,0,normal,26.1775,7.347,6.5847,10.3518,17.9581
2026-03-02 17:30:00+00:00,0,normal,26.1933,7.3483,6.6494,10.3747,17.9476
2026-03-02 17:40:00+00:00,0,normal,26.1875,7.3562,6.6274,10.2871,17.9519
2026-03-02 17:50:00+00:00,0,normal,26.0861,7.351,6.6276,10.1922,17.9579
2026-03-02 18:00:00+00:00,0,normal,26.0477,7.3482,6.6377,10.2685,17.9505
2026-03-02 18:10:00+00:00,0,normal,25.9483,7.3429,6.6998,10.3674,17.9391
2026-03-02 18:20:00+00:00,0,normal,25.9585,7.3359,6.6671,10.2694,17.9346
2026-03-02 18:30:00+00:00,0,normal,25.8882,7.302,6.751,10.2752,17.9459
2026-03-02 18:40:00+00:00,0,normal,25.9533,7.297,6.7245,10.3625,17.9286
2026-03-02 18:50:00+00:00,0,normal,25.9583,7.2785,6.8072,10.5456,17.9171
2026-03-02 19:00:00+00:00,0,normal,25.9184,7.2709,6.8426,10.4753,17.9325
2026-03-02 19:10:00+00:00,0,normal,25.8509,7.265,6.8696,10.5354,17.9512
2026-03-02 19:20:00+00:00,0,normal,25.8249,7.2841,6.8406,10.5042,17.9636
2026-03-02 19:30:00+00:00,0,normal,25.732,7.2905,6.9313,10.6131,17.9661
2026-03-02 19:40:00+00:00,0,normal,25.7652,7.2944,6.9021,10.4043,17.981
2026-03-02 19:50:00+00:00,0,normal,25.7316,7.3023,6.862,10.2411,17.9832
2026-03-02 20:00:00+00:00,0,normal,25.6958,7.3168,6.9096,10.4622,17.9761
2026-03-02 20:10:00+00:00,0,normal,25.6543,7.3115,6.9789,10.6185,17.9481
2026-03-02 20:20:00+00:00,0,normal,25.7025,7.3072,6.9833,10.4,17.9616
2026-03-02 20:30:00+00:00,0,normal,25.6361,7.3061,7.0325,10.3088,17.9533
2026-03-02 20:40:00+00:00,0,normal,25.627,7.3028,7.1257,10.2279,17.9445
2026-03-02 20:50:00+00:00,0,normal,25.5716,7.282,7.1708,10.0705,17.936
2026-03-02 21:00:00+00:00,0,normal,25.5595,7.2724,7.2361,10.093,17.9509
2026-03-02 21:10:00+00:00,0,normal,25.4924,7.2657,7.2816,10.3531,17.9322
2026-03-02 21:20:00+00:00,0,normal,25.4525,7.2833,7.3364,10.5707,17.9507
2026-03-02 21:30:00+00:00,0,normal,25.4597,7.299,7.2753,10.6893,17.9671
2026-03-02 21:40:00+00:00,0,normal,25.4382,7.3219,7.2549,10.7503,17.9827
2026-03-02 21:50:00+00:00,0,normal,25.3954,7.3427,7.1781,10.8979,17.9739
2026-03-02 22:00:00+00:00,0,normal,25.3303,7.3492,7.1604,10.7599,17.9757
2026-03-02 22:10:00+00:00,0,normal,25.2818,7.3396,7.237,10.8218,17.9635
2026-03-02 22:20:00+00:00,0,normal,25.2695,7.3203,7.2575,11.0602,17.9483
2026-03-02 22:30:00+00:00,0,normal,25.2378,7.2972,7.2032,11.1989,17.9461
2026-03-02 22:40:00+00:00,0,normal,25.3072,7.3078,7.2449,11.1129,17.9594
2026-03-02 22:50:00+00:00,0,normal,25.3797,7.3324,7.2177,11.2762,17.9602
2026-03-02 23:00:00+00:00,0,normal,25.4491,7.3648,7.1486,11.052,17.9676
2026-03-02 23:10:00+00:00,0,normal,25.4544,7.3855,7.1416,11.1709,17.982
2026-03-02 23:20:00+00:00,0,normal,25.5157,7.398,7.1743,10.9115,17.9893
2026-03-02 23:30:00+00:00,0,normal,25.4237,7.3982,7.2277,10.921,17.9974
2026-03-02 23:40:00+00:00,0,normal,25.4258,7.3993,7.2042,10.8546,18.0122
2026-03-02 23:50:00+00:00,0,normal,25.4642,7.3878,7.1541,10.9705,18.0071
2026-03-03 00:00:00+00:00,0,normal,25.5305,7.4037,7.1673,10.7178,18.0172
2026-03-03 00:10:00+00:00,0,normal,25.6106,7.4179,7.1174,10.9978,18.0092
2026-03-03 00:20:00+00:00,0,normal,25.6863,7.433,7.0478,11.072,17.9936
2026-03-03 00:30:00+00:00,0,normal,25.7145,7.452,7.0726,11.0856,17.9826
2026-03-03 00:40:00+00:00,0,normal,25.674,7.4765,7.1083,11.1417,17.9855
2026-03-03 00:50:00+00:00,0,normal,25.7027,7.487,7.1386,11.4083,17.9852
2026-03-03 01:00:00+00:00,0,normal,25.7133,7.5174,7.2356,11.3192,17.977
2026-03-03 01:10:00+00:00,0,normal,25.8117,7.5266,7.1902,11.2434,17.9697
2026-03-03 01:20:00+00:00,0,normal,25.8686,7.5305,7.1521,11.2486,17.9656
2026-03-03 01:30:00+00:00,0,normal,26.0147,7.5467,7.0736,11.5676,17.9752
2026-03-03 01:40:00+00:00,0,normal,26.0451,7.5427,6.9843,11.3489,17.9711
2026-03-03 01:50:00+00:00,0,normal,26.0933,7.5417,6.8163,11.5006,17.9948
2026-03-03 02:00:00+00:00,0,normal,26.1414,7.5678,6.7679,11.3312,18.0025
2026-03-03 02:10:00+00:00,0,normal,26.1685,7.5795,6.7832,11.2603,18.0035
2026-03-03 02:20:00+00:00,0,normal,26.1933,7.5754,6.7,10.9656,18.0093
2026-03-03 02:30:00+00:00,0,normal,26.2271,7.5964,6.6492,11.0538,18.0
2026-03-03 02:40:00+00:00,0,normal,26.2275,7.6103,6.6695,10.9413,17.9937
2026-03-03 02:50:00+00:00,0,normal,26.2483,7.6201,6.6612,11.1256,17.987
2026-03-03 03:00:00+00:00,0,normal,26.3525,7.6445,6.6424,11.1624,18.0003
2026-03-03 03:10:00+00:00,0,normal,26.4362,7.6602,6.612,11.3443,17.9853
2026-03-03 03:20:00+00:00,0,normal,26.432,7.6808,6.6353,11.2539,17.9795
2026-03-03 03:30:00+00:00,0,normal,26.482,7.6938,6.6177,11.3702,17.9907
2026-03-03 03:40:00+00:00,0,normal,26.5604,7.7039,6.5465,11.4588,17.9949
2026-03-03 03:50:00+00:00,0,normal,26.5906,7.6959,6.4411,11.4325,17.9849
2026-03-03 04:00:00+00:00,0,normal,26.5655,7.718,6.4496,11.2516,17.9804
2026-03-03 04:10:00+00:00,0,normal,26.714,7.7251,6.4518,11.3614,17.9733
2026-03-03 04:20:00+00:00,0,normal,26.7925,7.7084,6.4251,11.4628,17.953
2026-03-03 04:30:00+00:00,0,normal,26.8527,7.7256,6.3779,11.3456,17.9546
2026-03-03 04:40:00+00:00,0,normal,26.952,7.7466,6.3569,11.8454,17.9713
2026-03-03 04:50:00+00:00,0,normal,27.0079,7.7366,6.3395,11.9661,17.9792
2026-03-03 05:00:00+00:00,0,normal,26.9897,7.7343,6.2471,11.999,17.9865
2026-03-03 05:10:00+00:00,0,normal,26.9817,7.7683,6.2062,11.9058,17.9825
2026-03-03 05:20:00+00:00,0,normal,27.0081,7.7521,6.1858,11.7502,18.0066
2026-03-03 05:30:00+00:00,0,normal,26.9423,7.7486,6.1244,11.4723,17.988
2026-03-03 05:40:00+00:00,0,normal,27.0356,7.7565,6.005,11.2332,17.9911
2026-03-03 05:50:00+00:00,0,normal,27.1032,7.767,5.9692,11.281,17.9947
2026-03-03 06:00:00+00:00,0,normal,27.1867,7.7665,5.916,11.1075,17.9897
2026-03-03 06:10:00+00:00,0,normal,27.2366,7.7882,5.9147,11.1967,17.9634
2026-03-03 06:20:00+00:00,0,normal,27.3637,7.8054,5.8526,11.2499,17.9827
2026-03-03 06:30:00+00:00,0,normal,27.3408,7.8155,5.8676,11.3707,17.9598
2026-03-03 06:40:00+00:00,0,normal,27.3765,7.8278,5.8504,11.092,17.9694
2026-03-03 06:50:00+00:00,0,normal,27.4537,7.8374,5.7981,11.2491,17.9868
2026-03-03 07:00:00+00:00,0,normal,27.4337,7.821,5.7933,11.1865,17.984
2026-03-03 07:10:00+00:00,0,normal,27.4699,7.8378,5.7933,11.1243,17.9769
2026-03-03 07:20:00+00:00,0,normal,27.4878,7.8442,5.8677,11.1158,17.9946
2026-03-03 07:30:00+00:00,0,normal,27.5118,7.8547,5.8438,11.1258,17.9783
2026-03-03 07:40:00+00:00,0,normal,27.4784,7.863,5.8698,11.0899,17.9554
2026-03-03 07:50:00+00:00,0,normal,27.626,7.8749,5.7887,11.2618,17.9556
2026-03-03 08:00:00+00:00,0,normal,27.5896,7.8347,5.7846,10.8584,17.944
2026-03-03 08:10:00+00:00,0,normal,27.6184,7.8153,5.6481,10.8324,17.9293
2026-03-03 08:20:00+00:00,0,normal,27.6533,7.8065,5.6093,10.9841,17.9378
2026-03-03 08:30:00+00:00,0,normal,27.704,7.7966,5.6253,10.8985,17.9355
2026-03-03 08:40:00+00:00,0,normal,27.6199,7.7901,5.5559,10.7987,17.9245
2026-03-03 08:50:00+00:00,0,normal,27.6999,7.7898,5.5342,11.0917,17.9194
2026-03-03 09:00:00+00:00,0,normal,27.7048,7.7976,5.5273,11.1384,17.9205
2026-03-03 09:10:00+00:00,0,normal,27.6777,7.7769,5.5199,11.0858,17.9227
2026-03-03 09:20:00+00:00,0,normal,27.6845,7.7675,5.4502,11.0099,17.9293
2026-03-03 09:30:00+00:00,0,normal,27.7778,7.779,5.4981,11.0229,17.9392
2026-03-03 09:40:00+00:00,0,normal,27.8135,7.7891,5.4675,10.8507,17.9314
2026-03-03 09:50:00+00:00,0,normal,27.9305,7.7814,5.5016,10.6518,17.9214
2026-03-03 10:00:00+00:00,0,normal,27.9655,7.7889,5.5189,10.5008,17.899
2026-03-03 10:10:00+00:00,0,normal,27.8997,7.7941,5.5364,10.4918,17.8916
2026-03-03 10:20:00+00:00,0,normal,27.8834,7.7757,5.5516,10.3572,17.8815
2026-03-03 10:30:00+00:00,0,normal,27.8858,7.7917,5.5311,10.3822,17.8804
2026-03-03 10:40:00+00:00,0,normal,27.8843,7.7816,5.4702,10.6172,17.8764
2026-03-03 10:50:00+00:00,0,normal,27.8978,7.7604,5.3867,10.6944,17.8765
2026-03-03 11:00:00+00:00,0,normal,27.9314,7.7329,5.4187,10.6971,17.8846
2026-03-03 11:10:00+00:00,0,normal,27.8851,7.7116,5.3952,10.7431,17.8804
2026-03-03 11:20:00+00:00,0,normal,27.8861,7.6936,5.3277,10.8814,17.8795
2026-03-03 11:30:00+00:00,0,normal,27.7728,7.6824,5.4139,10.8949,17.8801
2026-03-03 11:40:00+00:00,0,normal,27.6947,7.6706,5.4762,10.8439,17.8736
2026-03-03 11:50:00+00:00,0,normal,27.7491,7.682,5.4021,10.8869,17.8581
2026-03-03 12:00:00+00:00,0,normal,27.7279,7.6944,5.417,11.1208,17.8504
2026-03-03 12:10:00+00:00,0,normal,27.5891,7.685,5.5512,10.8286,17.8285
2026-03-03 12:20:00+00:00,0,normal,27.6664,7.6965,5.5899,10.7339,17.8137
2026-03-03 12:30:00+00:00,0,normal,27.6936,7.6931,5.6494,10.5743,17.8278
2026-03-03 12:40:00+00:00,0,normal,27.6132,7.6788,5.7239,10.4785,17.8281
2026-03-03 12:50:00+00:00,0,normal,27.5529,7.6635,5.773,10.2146,17.8199
2026-03-03 13:00:00+00:00,0,normal,27.6327,7.6442,5.7898,10.1368,17.8319
2026-03-03 13:10:00+00:00,0,normal,27.5386,7.6236,5.7609,10.1318,17.8339
2026-03-03 13:20:00+00:00,0,normal,27.5324,7.6107,5.7445,10.3233,17.8264
2026-03-03 13:30:00+00:00,0,normal,27.5367,7.5932,5.7464,10.2026,17.8096
2026-03-03 13:40:00+00:00,0,normal,27.5161,7.5815,5.7611,10.2395,17.8092
2026-03-03 13:50:00+00:00,0,normal,27.3794,7.5829,5.8274,10.5129,17.7909
2026-03-03 14:00:00+00:00,0,normal,27.3864,7.5826,5.8128,10.1855,17.7827
2026-03-03 14:10:00+00:00,0,normal,27.3415,7.588,5.8196,9.811,17.7375
2026-03-03 14:20:00+00:00,0,normal,27.1933,7.5776,5.8494,9.8972,17.7362
2026-03-03 14:30:00+00:00,0,normal,27.1823,7.5636,5.834,9.7664,17.7385
2026-03-03 14:40:00+00:00,0,normal,27.1458,7.526,5.7514,9.805,17.7562
2026-03-03 14:50:00+00:00,0,normal,27.005,7.492,5.8563,9.9505,17.7572
2026-03-03 15:00:00+00:00,0,normal,26.9094,7.465,5.9343,10.3236,17.7742
2026-03-03 15:10:00+00:00,0,normal,26.8753,7.459,6.0288,10.3014,17.7601
2026-03-03 15:20:00+00:00,0,normal,26.785,7.455,6.0758,10.2107,17.7426
2026-03-03 15:30:00+00:00,0,normal,26.7063,7.4623,6.2204,10.0626,17.7089
2026-03-03 15:40:00+00:00,0,normal,26.6708,7.4704,6.2357,9.9543,17.6983
2026-03-03 15:50:00+00:00,0,normal,26.6037,7.4669,6.2806,9.7668,17.6868
2026-03-03 16:00:00+00:00,0,normal,26.5605,7.443,6.2591,9.6656,17.685
2026-03-03 16:10:00+00:00,0,normal,26.5785,7.4274,6.2896,9.7052,17.6839
2026-03-03 16:20:00+00:00,0,normal,26.5696,7.4065,6.2443,9.6797,17.6978
2026-03-03 16:30:00+00:00,0,normal,26.5968,7.3962,6.2235,9.7845,17.6819
2026-03-03 16:40:00+00:00,0,normal,26.5384,7.3827,6.2415,9.9701,17.6867
2026-03-03 16:50:00+00:00,0,normal,26.5003,7.3824,6.3002,9.9218,17.6952
2026-03-03 17:00:00+00:00,0,normal,26.4525,7.3806,6.2938,10.0297,17.7067
2026-03-03 17:10:00+00:00,0,normal,26.3599,7.3701,6.3846,10.006,17.7003
2026-03-03 17:20:00+00:00,0,normal,26.2355,7.3612,6.4847,10.0785,17.7324
2026-03-03 17:30:00+00:00,0,normal,26.2145,7.3462,6.5542,10.0828,17.7393
2026-03-03 17:40:00+00:00,0,normal,26.1377,7.3414,6.5716,10.2823,17.7314
2026-03-03 17:50:00+00:00,0,normal,26.049,7.3256,6.6966,10.2112,17.7279
2026-03-03 18:00:00+00:00,0,normal,26.0408,7.3353,6.7134,10.2779,17.722
2026-03-03 18:10:00+00:00,0,normal,26.0439,7.3109,6.7069,10.2112,17.691
2026-03-03 18:20:00+00:00,0,normal,26.0022,7.304,6.6671,10.3412,17.6913
2026-03-03 18:30:00+00:00,0,normal,26.047,7.3075,6.6541,10.3499,17.694
2026-03-03 18:40:00+00:00,0,normal,25.9722,7.2987,6.6714,10.4821,17.6909
2026-03-03 18:50:00+00:00,0,normal,25.8764,7.2837,6.7805,10.3539,17.7034
2026-03-03 19:00:00+00:00,0,normal,25.8644,7.288,6.7894,10.3616,17.7298
2026-03-03 19:10:00+00:00,0,normal,25.7367,7.3025,6.86,10.2625,17.7075
2026-03-03 19:20:00+00:00,0,normal,25.5996,7.2909,6.9758,10.2593,17.6987
2026-03-03 19:30:00+00:00,0,normal,25.5866,7.2957,7.0093,10.2591,17.6861
2026-03-03 19:40:00+00:00,0,normal,25.6407,7.2888,6.9606,10.2261,17.6869
2026-03-03 19:50:00+00:00,0,normal,25.538,7.2947,7.0516,10.2211,17.6718
2026-03-03 20:00:00+00:00,0,normal,25.5973,7.2815,7.0322,10.1826,17.6952
2026-03-03 20:10:00+00:00,0,normal,25.5471,7.2717,7.0304,10.3442,17.7008
2026-03-03 20:20:00+00:00,0,normal,25.4811,7.2558,7.1023,10.1673,17.7033
2026-03-03 20:30:00+00:00,0,normal,25.3297,7.2595,7.1792,10.2671,17.699
2026-03-03 20:40:00+00:00,0,normal,25.3276,7.2671,7.2002,10.17,17.6983
2026-03-03 20:50:00+00:00,0,normal,25.2147,7.2755,7.3323,10.2586,17.6917
2026-03-03 21:00:00+00:00,0,normal,25.2216,7.2812,7.393,10.2798,17.6955
2026-03-03 21:10:00+00:00,0,normal,25.2414,7.2992,7.3161,10.5506,17.7002
2026-03-03 21:20:00+00:00,0,normal,25.3327,7.3103,7.282,10.7524,17.7036
2026-03-03 21:30:00+00:00,0,normal,25.2868,7.3036,7.3238,10.8713,17.7025
2026-03-03 21:40:00+00:00,0,normal,25.3532,7.3114,7.2766,10.8999,17.7015
2026-03-03 21:50:00+00:00,0,normal,25.4112,7.3142,7.234,10.7083,17.6876
2026-03-03 22:00:00+00:00,0,normal,25.3799,7.3182,7.2443,10.6992,17.6936
2026-03-03 22:10:00+00:00,0,normal,25.2996,7.3034,7.2693,10.715,17.7013
2026-03-03 22:20:00+00:00,0,normal,25.3254,7.3156,7.2297,10.8204,17.6858
2026-03-03 22:30:00+00:00,0,normal,25.3291,7.3108,7.1684,10.8939,17.6914
2026-03-03 22:40:00+00:00,0,normal,25.3464,7.3385,7.182,10.9846,17.7004
2026-03-03 22:50:00+00:00,0,normal,25.3722,7.324,7.2203,11.0318,17.6913
2026-03-03 23:00:00+00:00,0,normal,25.3787,7.3627,7.1745,11.208,17.683
2026-03-03 23:10:00+00:00,0,normal,25.3947,7.3512,7.1469,11.318,17.7004
2026-03-03 23:20:00+00:00,0,normal,25.3864,7.3579,7.1867,11.1683,17.6997
2026-03-03 23:30:00+00:00,0,normal,25.3529,7.3565,7.1715,11.156,17.6993
2026-03-03 23:40:00+00:00,0,normal,25.3494,7.3922,7.2205,11.2441,17.7161
2026-03-03 23:50:00+00:00,0,normal,25.3871,7.3851,7.2826,11.1726,17.7099
2026-03-04 00:00:00+00:00,0,normal,25.417,7.4181,7.2402,11.1351,18.2549
2026-03-04 00:10:00+00:00,0,normal,25.3908,7.4294,7.2101,11.0704,18.2561
2026-03-04 00:20:00+00:00,0,normal,25.3993,7.4326,7.1975,11.039,18.2534
2026-03-04 00:30:00+00:00,0,normal,25.4269,7.4349,7.1385,10.9825,18.2435
2026-03-04 00:40:00+00:00,0,normal,25.5407,7.4476,7.0938,10.9507,18.2619
2026-03-04 00:50:00+00:00,0,normal,25.5794,7.4335,7.1689,11.0836,18.2699
2026-03-04 01:00:00+00:00,0,normal,25.606,7.4512,7.2548,11.0458,18.2561
2026-03-04 01:10:00+00:00,0,normal,25.7268,7.4693,7.1863,11.2632,18.2613
2026-03-04 01:20:00+00:00,0,normal,25.8253,7.4963,7.1591,11.4165,18.2679
2026-03-04 01:30:00+00:00,0,normal,25.7646,7.4961,7.1605,11.1048,18.2554
2026-03-04 01:40:00+00:00,0,normal,25.6771,7.513,7.1015,11.0084,18.2634
2026-03-04 01:50:00+00:00,0,normal,25.7762,7.5386,6.929,11.3291,18.2711
2026-03-04 02:00:00+00:00,0,normal,25.812,7.5536,6.9214,11.0909,18.2723
2026-03-04 02:10:00+00:00,0,normal,25.8661,7.561,6.8084,10.891,18.2717
2026-03-04 02:20:00+00:00,0,normal,25.9236,7.589,6.7303,11.227,18.2863
2026-03-04 02:30:00+00:00,0,normal,26.1251,7.6183,6.6393,11.1803,18.2774
2026-03-04 02:40:00+00:00,0,normal,26.0962,7.6316,6.7083,11.0662,18.2842
2026-03-04 02:50:00+00:00,0,normal,26.0922,7.6387,6.7345,11.254,18.2985
2026-03-04 03:00:00+00:00,0,normal,26.0704,7.6325,6.7804,11.1875,18.2946
2026-03-04 03:10:00+00:00,0,normal,26.1944,7.6492,6.7205,11.0148,18.2864
2026-03-04 03:20:00+00:00,0,normal,26.2299,7.6504,6.6468,11.129,18.2836
2026-03-04 03:30:00+00:00,0,normal,26.3969,7.6498,6.5643,11.2776,18.2836
2026-03-04 03:40:00+00:00,0,normal,26.4143,7.6615,6.5026,11.3003,18.2682
2026-03-04 03:50:00+00:00,0,normal,26.5135,7.6761,6.4251,11.5809,18.2519
2026-03-04 04:00:00+00:00,0,normal,26.5437,7.6751,6.4516,11.7455,18.2381
2026-03-04 04:10:00+00:00,0,normal,26.4903,7.6893,6.49,11.8972,18.2486
2026-03-04 04:20:00+00:00,0,normal,26.4351,7.6899,6.4644,11.799,18.2531
2026-03-04 04:30:00+00:00,0,normal,26.5745,7.7093,6.3769,11.7809,18.2651
2026-03-04 04:40:00+00:00,0,normal,26.5902,7.7153,6.3546,11.6725,18.2842
2026-03-04 04:50:00+00:00,0,normal,26.5786,7.7167,6.3255,11.5531,18.2894
2026-03-04 05:00:00+00:00,0,normal,26.6838,7.7409,6.3152,11.2594,18.268
2026-03-04 05:10:00+00:00,0,normal,26.8234,7.7448,6.2918,11.147,18.2516
2026-03-04 05:20:00+00:00,0,normal,26.8345,7.7418,6.2957,11.0509,18.2534
2026-03-04 05:30:00+00:00,0,normal,26.8359,7.7724,6.2946,11.2262,18.2399
2026-03-04 05:40:00+00:00,0,normal,27.0,7.7939,6.1759,11.4865,18.2397
2026-03-04 05:50:00+00:00,0,normal,27.0928,7.7979,6.1183,11.5256,18.255
2026-03-04 06:00:00+00:00,0,normal,27.1157,7.8226,6.0535,11.5674,18.251
2026-03-04 06:10:00+00:00,0,normal,27.1551,7.8283,6.0065,11.3804,18.2421
2026-03-04 06:20:00+00:00,0,normal,27.2697,7.8193,5.9595,11.0304,18.2613
2026-03-04 06:30:00+00:00,0,normal,27.2058,7.8001,5.9903,10.7272,18.2595
2026-03-04 06:40:00+00:00,0,normal,27.2245,7.7883,5.9632,10.7004,18.2541
2026-03-04 06:50:00+00:00,0,normal,27.2305,7.7868,5.9277,10.6686,18.2535
2026-03-04 07:00:00+00:00,0,normal,27.2788,7.7929,5.9339,10.9122,18.2453
2026-03-04 07:10:00+00:00,0,normal,27.2625,7.8166,5.8768,11.0899,18.2336
2026-03-04 07:20:00+00:00,0,normal,27.3,7.8407,5.8566,11.0812,18.2306
2026-03-04 07:30:00+00:00,0,normal,27.3829,7.8537,5.7808,11.2692,18.2259
2026-03-04 07:40:00+00:00,0,normal,27.4664,7.8661,5.7904,11.3509,18.2421
2026-03-04 07:50:00+00:00,0,normal,27.5081,7.8704,5.7449,11.4054,18.2388
2026-03-04 08:00:00+00:00,1,aeration_disruption,27.5474,7.8465,5.6015,11.5316,18.2264
2026-03-04 08:10:00+00:00,1,aeration_disruption,27.6705,7.8441,5.2832,12.1876,18.2241
2026-03-04 08:20:00+00:00,1,aeration_disruption,27.7301,7.8327,4.9685,12.5949,18.2359
2026-03-04 08:30:00+00:00,1,aeration_disruption,27.8352,7.8254,4.6173,13.2332,18.2215
2026-03-04 08:40:00+00:00,1,aeration_disruption,27.8482,7.8132,4.2639,13.7218,18.2118
2026-03-04 08:50:00+00:00,1,aeration_disruption,28.0239,7.8215,3.9008,14.3782,18.2164
2026-03-04 09:00:00+00:00,1,aeration_disruption,28.1522,7.8123,3.4673,14.7737,18.2078
2026-03-04 09:10:00+00:00,1,aeration_disruption,28.1965,7.8152,3.446,14.8322,18.1966
2026-03-04 09:20:00+00:00,1,aeration_disruption,28.1784,7.8201,3.4175,14.5069,18.175
2026-03-04 09:30:00+00:00,1,aeration_disruption,28.1853,7.8154,3.4593,14.3485,18.1787
2026-03-04 09:40:00+00:00,1,aeration_disruption,28.1497,7.8197,3.4354,14.2617,18.1668
2026-03-04 09:50:00+00:00,1,aeration_disruption,28.1024,7.8226,3.5801,14.1692,18.1563
2026-03-04 10:00:00+00:00,1,aeration_disruption,28.0857,7.8143,3.5383,13.9122,18.1355
2026-03-04 10:10:00+00:00,1,aeration_disruption,28.0121,7.7917,3.5773,13.927,18.1465
2026-03-04 10:20:00+00:00,1,aeration_disruption,28.0749,7.7878,3.5261,14.0078,18.1315
2026-03-04 10:30:00+00:00,1,aeration_disruption,28.158,7.751,3.5238,13.9354,18.1019
2026-03-04 10:40:00+00:00,1,aeration_disruption,28.1913,7.7522,3.3916,14.1444,18.0948
2026-03-04 10:50:00+00:00,1,aeration_disruption,28.1882,7.7651,3.4436,14.4292,18.0895
2026-03-04 11:00:00+00:00,1,aeration_disruption,28.2157,7.7623,3.4046,14.537,18.0871
2026-03-04 11:10:00+00:00,1,aeration_disruption,28.1606,7.7596,3.4805,14.4159,18.0807
2026-03-04 11:20:00+00:00,1,aeration_disruption,28.1452,7.767,3.4505,14.451,18.102
2026-03-04 11:30:00+00:00,1,aeration_disruption,28.1304,7.7606,3.4702,14.2239,18.0987
2026-03-04 11:40:00+00:00,1,aeration_disruption,28.0815,7.7297,3.4655,13.9879,18.1113
2026-03-04 11:50:00+00:00,1,aeration_disruption,28.0778,7.719,3.4621,14.2072,18.109
2026-03-04 12:00:00+00:00,1,aeration_disruption,28.1144,7.6931,3.3436,14.2198,18.1116
2026-03-04 12:10:00+00:00,1,aeration_disruption,27.9945,7.6751,3.4442,14.1918,18.1075
2026-03-04 12:20:00+00:00,1,aeration_disruption,28.0047,7.6594,3.427,14.2523,18.1159
2026-03-04 12:30:00+00:00,1,aeration_disruption,28.0682,7.6619,3.3985,14.1945,18.104
2026-03-04 12:40:00+00:00,1,aeration_disruption,28.093,7.6599,3.3874,13.9575,18.0966
2026-03-04 12:50:00+00:00,1,aeration_disruption,28.0317,7.6473,3.4763,13.8217,18.075
2026-03-04 13:00:00+00:00,1,aeration_disruption,27.8684,7.6249,3.824,13.2157,18.0637
2026-03-04 13:10:00+00:00,1,aeration_disruption,27.65,7.6103,4.2409,12.5305,18.0463
2026-03-04 13:20:00+00:00,1,aeration_disruption,27.4909,7.5817,4.6097,12.1925,18.05
2026-03-04 13:30:00+00:00,1,aeration_disruption,27.3181,7.5669,5.0291,11.6961,18.04
2026-03-04 13:40:00+00:00,1,aeration_disruption,27.2076,7.5552,5.3446,11.2001,18.0478
2026-03-04 13:50:00+00:00,1,aeration_disruption,27.201,7.5615,5.6454,10.4638,18.0526
2026-03-04 14:00:00+00:00,0,normal,27.2289,7.5498,5.7867,10.3741,18.041
2026-03-04 14:10:00+00:00,0,normal,27.1183,7.5458,5.8183,10.1874,18.0259
2026-03-04 14:20:00+00:00,0,normal,27.0921,7.5177,5.8922,10.3145,18.0068
2026-03-04 14:30:00+00:00,0,normal,27.0583,7.5037,5.9586,10.543,18.0017
2026-03-04 14:40:00+00:00,0,normal,26.9613,7.492,6.0184,10.8078,17.9876
2026-03-04 14:50:00+00:00,0,normal,26.8356,7.4817,6.1036,10.6875,18.0099
2026-03-04 15:00:00+00:00,0,normal,26.805,7.4759,6.2498,10.6562,18.0049
2026-03-04 15:10:00+00:00,0,normal,26.773,7.4715,6.2487,10.4364,18.0103
2026-03-04 15:20:00+00:00,0,normal,26.7932,7.4886,6.2453,10.316,18.0114
2026-03-04 15:30:00+00:00,0,normal,26.7771,7.4822,6.2376,10.1641,18.0245
2026-03-04 15:40:00+00:00,0,normal,26.7843,7.4815,6.2195,10.069,17.9889
2026-03-04 15:50:00+00:00,0,normal,26.6757,7.4584,6.16,10.3077,17.9933
2026-03-04 16:00:00+00:00,0,normal,26.6325,7.4362,6.1458,10.2771,18.001
2026-03-04 16:10:00+00:00,0,normal,26.4741,7.4131,6.243,10.2847,17.9976
2026-03-04 16:20:00+00:00,0,normal,26.4169,7.3994,6.3266,10.2692,17.9784
2026-03-04 16:30:00+00:00,0,normal,26.3447,7.3816,6.4118,10.5716,18.0065
2026-03-04 16:40:00+00:00,0,normal,26.3298,7.3609,6.4746,10.477,18.0028
2026-03-04 16:50:00+00:00,0,normal,26.3425,7.3679,6.5129,10.4841,17.987
2026-03-04 17:00:00+00:00,0,normal,26.3652,7.3714,6.5224,10.4657,17.9854
2026-03-04 17:10:00+00:00,0,normal,26.3392,7.3626,6.4577,10.5975,17.9967
2026-03-04 17:20:00+00:00,0,normal,26.2883,7.3473,6.4859,10.4652,17.986
2026-03-04 17:30:00+00:00,0,normal,26.2971,7.3736,6.5798,10.4203,17.9794
2026-03-04 17:40:00+00:00,0,normal,26.1067,7.3526,6.6552,10.4642,17.9748
2026-03-04 17:50:00+00:00,0,normal,26.0534,7.3489,6.5872,10.4319,17.9932
2026-03-04 18:00:00+00:00,0,normal,25.9251,7.3487,6.706,10.283,17.9865
2026-03-04 18:10:00+00:00,0,normal,25.8281,7.341,6.6972,10.2814,17.9959
2026-03-04 18:20:00+00:00,0,normal,25.7369,7.3159,6.6664,10.3154,17.9946
2026-03-04 18:30:00+00:00,0,normal,25.7863,7.3249,6.6279,10.3617,18.0046
2026-03-04 18:40:00+00:00,0,normal,25.6501,7.3063,6.8148,10.54,17.9766
2026-03-04 18:50:00+00:00,0,normal,25.6234,7.2884,6.8915,10.8399,17.9777
2026-03-04 19:00:00+00:00,0,normal,25.6048,7.2841,6.9823,10.936,17.974
2026-03-04 19:10:00+00:00,0,normal,25.5371,7.2767,7.0859,10.8911,17.9797
2026-03-04 19:20:00+00:00,0,normal,25.4843,7.2708,7.1439,10.8726,17.9994
2026-03-04 19:30:00+00:00,0,normal,25.6121,7.2725,7.0699,10.6834,18.0058
2026-03-04 19:40:00+00:00,0,normal,25.61,7.2577,7.128,10.6343,17.9909
2026-03-04 19:50:00+00:00,0,normal,25.5463,7.2598,7.1766,10.7224,17.9794
2026-03-04 20:00:00+00:00,0,normal,25.4745,7.2557,7.2,10.8365,17.977
2026-03-04 20:10:00+00:00,0,normal,25.4023,7.2395,7.2374,10.8807,17.9542
2026-03-04 20:20:00+00:00,0,normal,25.217,7.2317,7.3171,10.9387,17.9527
2026-03-04 20:30:00+00:00,0,normal,25.193,7.2495,7.2354,10.8333,17.9604
2026-03-04 20:40:00+00:00,0,normal,25.2123,7.2637,7.2708,10.6923,17.9628
2026-03-04 20:50:00+00:00,0,normal,25.2209,7.267,7.207,10.52,17.9571
2026-03-04 21:00:00+00:00,0,normal,25.285,7.2964,7.2394,10.5118,17.9619
2026-03-04 21:10:00+00:00,0,normal,25.2756,7.3154,7.2832,10.2539,17.9686
2026-03-04 21:20:00+00:00,0,normal,25.2399,7.3155,7.2874,10.2572,17.9743
2026-03-04 21:30:00+00:00,0,normal,25.2344,7.3079,7.2791,10.3059,17.9662
2026-03-04 21:40:00+00:00,0,normal,25.2733,7.3352,7.3086,10.6852,17.9494
2026-03-04 21:50:00+00:00,0,normal,25.2403,7.3349,7.2575,10.6793,17.9392
2026-03-04 22:00:00+00:00,0,normal,25.2771,7.3332,7.2383,11.0155,17.9387
2026-03-04 22:10:00+00:00,0,normal,25.3164,7.3432,7.2492,11.007,17.9263
2026-03-04 22:20:00+00:00,0,normal,25.2691,7.3537,7.2312,11.2127,17.9344
2026-03-04 22:30:00+00:00,0,normal,25.272,7.3445,7.2247,10.8719,17.9517
2026-03-04 22:40:00+00:00,0,normal,25.2629,7.3324,7.2451,11.1188,17.963
2026-03-04 22:50:00+00:00,0,normal,25.3087,7.3353,7.1758,11.0565,17.9646
2026-03-04 23:00:00+00:00,0,normal,25.2198,7.3313,7.2693,11.2752,17.9834
2026-03-04 23:10:00+00:00,0,normal,25.2225,7.3339,7.2852,11.103,17.9823
2026-03-04 23:20:00+00:00,0,normal,25.2328,7.3345,7.3045,11.1536,17.975
2026-03-04 23:30:00+00:00,0,normal,25.1207,7.3579,7.3714,11.0636,17.9787
2026-03-04 23:40:00+00:00,0,normal,25.1022,7.3689,7.4178,11.3133,17.9822
2026-03-04 23:50:00+00:00,0,normal,25.2208,7.3828,7.3118,11.2111,17.9528
2026-03-05 00:00:00+00:00,0,normal,25.2553,7.3879,7.2583,11.2359,17.9481
2026-03-05 00:10:00+00:00,0,normal,25.2349,7.4096,7.3104,11.2732,17.9593
2026-03-05 00:20:00+00:00,0,normal,25.3184,7.4289,7.3077,11.2071,17.9537
2026-03-05 00:30:00+00:00,0,normal,25.3107,7.4292,7.2867,10.9602,17.9501
2026-03-05 00:40:00+00:00,0,normal,25.2856,7.4386,7.2684,10.7034,17.9663
2026-03-05 00:50:00+00:00,0,normal,25.3144,7.4714,7.2187,10.5188,17.9827
2026-03-05 01:00:00+00:00,0,normal,25.3378,7.4764,7.1262,10.5575,17.9844
2026-03-05 01:10:00+00:00,0,normal,25.403,7.4797,7.064,10.4322,17.974
2026-03-05 01:20:00+00:00,0,normal,25.4496,7.493,7.0566,10.5559,17.9807
2026-03-05 01:30:00+00:00,0,normal,25.5743,7.5207,7.0434,10.8113,17.9949
2026-03-05 01:40:00+00:00,0,normal,25.6259,7.5307,7.0759,10.954,17.9874
2026-03-05 01:50:00+00:00,0,normal,25.7074,7.5468,7.0161,10.9207,17.9716
2026-03-05 02:00:00+00:00,0,normal,25.7404,7.5667,7.0358,11.1577,17.997
2026-03-05 02:10:00+00:00,0,normal,25.7746,7.5849,6.9996,11.2086,17.9823
2026-03-05 02:20:00+00:00,0,normal,25.6923,7.579,7.0313,11.4482,17.9729
2026-03-05 02:30:00+00:00,0,normal,25.6975,7.567,6.986,11.5474,17.969
2026-03-05 02:40:00+00:00,0,normal,25.6903,7.5635,7.0208,11.4179,17.9734
2026-03-05 02:50:00+00:00,0,normal,25.7672,7.5689,6.9916,11.205,17.9661
2026-03-05 03:00:00+00:00,0,normal,25.8776,7.5941,6.903,11.199,17.9777
2026-03-05 03:10:00+00:00,0,normal,25.9257,7.616,6.823,11.0597,17.9825
2026-03-05 03:20:00+00:00,0,normal,26.0143,7.6325,6.7625,10.9891,17.9861
2026-03-05 03:30:00+00:00,0,normal,26.0608,7.6462,6.7071,11.1159,17.9927
2026-03-05 03:40:00+00:00,0,normal,26.0974,7.6575,6.5934,11.167,18.006
2026-03-05 03:50:00+00:00,0,normal,26.1505,7.646,6.5535,11.1406,18.0059
2026-03-05 04:00:00+00:00,0,normal,26.252,7.6472,6.5268,11.1097,17.9963
2026-03-05 04:10:00+00:00,0,normal,26.3235,7.6692,6.5573,11.0534,18.0019
2026-03-05 04:20:00+00:00,0,normal,26.4785,7.6888,6.4774,11.167,18.0116
2026-03-05 04:30:00+00:00,0,normal,26.5579,7.6939,6.4399,11.2579,18.0034
2026-03-05 04:40:00+00:00,0,normal,26.545,7.7096,6.4754,11.2587,18.0008
2026-03-05 04:50:00+00:00,0,normal,26.6197,7.7364,6.4486,11.1839,18.0028
2026-03-05 05:00:00+00:00,0,normal,26.6441,7.7371,6.4166,11.3734,17.9856
2026-03-05 05:10:00+00:00,0,normal,26.6589,7.7394,6.4074,11.4857,17.9764
2026-03-05 05:20:00+00:00,0,normal,26.7123,7.7437,6.371,11.4032,17.9548
2026-03-05 05:30:00+00:00,0,normal,26.7412,7.75,6.3002,11.338,17.9564
2026-03-05 05:40:00+00:00,0,normal,26.7917,7.7534,6.2652,11.4561,17.946
2026-03-05 05:50:00+00:00,0,normal,26.8663,7.7596,6.1453,11.2434,17.9535
2026-03-05 06:00:00+00:00,0,normal,26.9188,7.7717,6.0709,10.9463,17.963
2026-03-05 06:10:00+00:00,0,normal,26.9772,7.785,6.036,10.9123,17.9737
2026-03-05 06:20:00+00:00,0,normal,27.0894,7.7952,6.0512,11.0026,17.9683
2026-03-05 06:30:00+00:00,0,normal,27.1167,7.7895,6.0242,10.8408,17.9845
2026-03-05 06:40:00+00:00,0,normal,27.1977,7.8062,5.999,10.9529,17.9899
2026-03-05 06:50:00+00:00,0,normal,27.1884,7.8045,5.9864,10.8569,17.99
2026-03-05 07:00:00+00:00,0,normal,27.1512,7.8049,6.0328,10.9799,17.9946
2026-03-05 07:10:00+00:00,0,normal,27.0577,7.7831,6.0118,11.0874,17.9954
2026-03-05 07:20:00+00:00,0,normal,27.103,7.7912,5.9458,11.0665,17.9707
2026-03-05 07:30:00+00:00,0,normal,27.0751,7.7702,5.9653,11.0991,17.9651
2026-03-05 07:40:00+00:00,0,normal,27.1543,7.7695,5.9341,11.2782,17.9674
2026-03-05 07:50:00+00:00,0,normal,27.1625,7.79,5.8461,11.2024,17.9647
2026-03-05 08:00:00+00:00,0,normal,27.2838,7.8159,5.76,10.9967,17.9666
2026-03-05 08:10:00+00:00,0,normal,27.3309,7.8298,5.7159,11.0426,17.9745
2026-03-05 08:20:00+00:00,0,normal,27.349,7.8465,5.6436,10.8809,17.9678
2026-03-05 08:30:00+00:00,0,normal,27.3729,7.8632,5.5976,10.7618,17.954
2026-03-05 08:40:00+00:00,0,normal,27.4452,7.8406,5.6105,10.8489,17.9481
2026-03-05 08:50:00+00:00,0,normal,27.4864,7.8518,5.6253,10.6687,17.9423
2026-03-05 09:00:00+00:00,0,normal,27.5079,7.8461,5.6021,10.6772,17.9338
2026-03-05 09:10:00+00:00,0,normal,27.5939,7.8393,5.6195,10.7386,17.9228
2026-03-05 09:20:00+00:00,0,normal,27.5949,7.8287,5.6616,10.8302,17.9016
2026-03-05 09:30:00+00:00,0,normal,27.5957,7.8247,5.6133,10.7588,17.8953
2026-03-05 09:40:00+00:00,0,normal,27.5881,7.8054,5.5503,10.8789,17.8818
2026-03-05 09:50:00+00:00,0,normal,27.595,7.7925,5.5792,10.9289,17.8854
2026-03-05 10:00:00+00:00,0,normal,27.5269,7.7865,5.6372,11.1304,17.8815
2026-03-05 10:10:00+00:00,0,normal,27.5178,7.7934,5.628,11.0949,17.8806
2026-03-05 10:20:00+00:00,0,normal,27.5314,7.7782,5.6606,10.7742,17.8733
2026-03-05 10:30:00+00:00,0,normal,27.5401,7.7818,5.6864,10.7754,17.8798
2026-03-05 10:40:00+00:00,0,normal,27.4743,7.7687,5.7331,10.6533,17.8905
2026-03-05 10:50:00+00:00,0,normal,27.4355,7.7676,5.685,10.4555,17.9056
2026-03-05 11:00:00+00:00,0,normal,27.4494,7.7422,5.6003,10.2294,17.9037
2026-03-05 11:10:00+00:00,0,normal,27.4845,7.7508,5.529,10.4654,17.8877
2026-03-05 11:20:00+00:00,0,normal,27.4079,7.7273,5.5758,10.4119,17.8804
2026-03-05 11:30:00+00:00,0,normal,27.4393,7.7085,5.5675,10.5041,17.8724
2026-03-05 11:40:00+00:00,0,normal,27.5246,7.7086,5.53,10.3806,17.8566
2026-03-05 11:50:00+00:00,0,normal,27.5048,7.6935,5.6195,10.6737,17.8552
2026-03-05 12:00:00+00:00,0,normal,27.4303,7.6781,5.6611,10.4505,17.8548
2026-03-05 12:10:00+00:00,0,normal,27.434,7.6613,5.7088,10.478,17.8469
2026-03-05 12:20:00+00:00,0,normal,27.3947,7.6538,5.7445,10.2626,17.8352
2026-03-05 12:30:00+00:00,0,normal,27.3337,7.6241,5.7608,10.2462,17.8287
2026-03-05 12:40:00+00:00,0,normal,27.2828,7.6154,5.7403,10.4309,17.8135
2026-03-05 12:50:00+00:00,0,normal,27.2565,7.5934,5.7194,10.4742,17.8049
2026-03-05 13:00:00+00:00,0,normal,27.2149,7.591,5.7147,10.4136,17.7933
2026-03-05 13:10:00+00:00,0,normal,27.1888,7.5789,5.6903,10.3776,17.7923
2026-03-05 13:20:00+00:00,0,normal,27.1567,7.5706,5.7095,10.3813,17.7927
2026-03-05 13:30:00+00:00,0,normal,27.1187,7.5634,5.7925,10.0502,17.7939
2026-03-05 13:40:00+00:00,0,normal,27.086,7.5403,5.835,10.0592,17.7813
2026-03-05 13:50:00+00:00,0,normal,27.1406,7.5291,5.8254,10.2598,17.7891
2026-03-05 14:00:00+00:00,0,normal,27.0568,7.5329,5.8573,10.4997,17.7859
2026-03-05 14:10:00+00:00,0,normal,27.0386,7.5118,5.8664,10.4173,17.774
2026-03-05 14:20:00+00:00,0,normal,26.9563,7.504,5.8947,10.5125,17.7689
2026-03-05 14:30:00+00:00,0,normal,26.9425,7.5202,5.9388,10.5303,17.7778
2026-03-05 14:40:00+00:00,0,normal,26.8757,7.5031,5.9674,10.2125,17.7696
2026-03-05 14:50:00+00:00,0,normal,26.8359,7.4877,6.0473,9.9982,17.7587
2026-03-05 15:00:00+00:00,0,normal,26.797,7.4938,6.1479,9.9569,17.7493
2026-03-05 15:10:00+00:00,0,normal,26.7871,7.472,6.1821,9.9644,17.7686
2026-03-05 15:20:00+00:00,0,normal,26.6617,7.4513,6.2597,9.9155,17.7534
2026-03-05 15:30:00+00:00,0,normal,26.5494,7.4568,6.2949,10.1883,17.7355
2026-03-05 15:40:00+00:00,0,normal,26.5458,7.4408,6.2163,10.2795,17.7215
2026-03-05 15:50:00+00:00,0,normal,26.4641,7.4254,6.2315,10.3712,17.7225
2026-03-05 16:00:00+00:00,0,normal,26.3537,7.4102,6.264,10.2113,17.7091
2026-03-05 16:10:00+00:00,0,normal,26.3247,7.4017,6.3366,10.5005,17.7268
2026-03-05 16:20:00+00:00,0,normal,26.2899,7.3863,6.3789,10.3609,17.7299
2026-03-05 16:30:00+00:00,0,normal,26.1754,7.3597,6.5266,10.292,17.7198
2026-03-05 16:40:00+00:00,0,normal,26.1717,7.3439,6.5282,10.4333,17.7243
2026-03-05 16:50:00+00:00,0,normal,26.1632,7.3507,6.5524,10.5571,17.7009
2026-03-05 17:00:00+00:00,0,normal,26.1114,7.3455,6.5715,10.2608,17.6869
2026-03-05 17:10:00+00:00,0,normal,26.0928,7.3301,6.6102,10.2664,17.6823
2026-03-05 17:20:00+00:00,0,normal,26.0444,7.334,6.6337,10.1301,17.6844
2026-03-05 17:30:00+00:00,0,normal,25.9429,7.3343,6.7076,10.0407,17.6659
2026-03-05 17:40:00+00:00,0,normal,25.8224,7.3169,6.8246,10.02,17.6818
2026-03-05 17:50:00+00:00,0,normal,25.7572,7.3122,6.8705,10.1881,17.6964
2026-03-05 18:00:00+00:00,0,normal,25.7019,7.3136,6.8319,10.0886,17.6944
2026-03-05 18:10:00+00:00,0,normal,25.7225,7.317,6.8183,10.2183,17.6839
2026-03-05 18:20:00+00:00,0,normal,25.6105,7.3123,6.9195,10.262,17.6922
2026-03-05 18:30:00+00:00,0,normal,25.5919,7.3061,6.8841,10.3787,17.6764
2026-03-05 18:40:00+00:00,0,normal,25.5833,7.3091,6.827,10.3542,17.6652
2026-03-05 18:50:00+00:00,0,normal,25.4793,7.3105,6.9536,10.4181,17.6673
2026-03-05 19:00:00+00:00,0,normal,25.3707,7.317,7.0417,10.6222,17.6652
2026-03-05 19:10:00+00:00,0,normal,25.3893,7.3055,6.9989,10.6262,17.6583
2026-03-05 19:20:00+00:00,0,normal,25.3627,7.3318,7.0977,10.5259,17.6693
2026-03-05 19:30:00+00:00,0,normal,25.2341,7.3157,7.2822,10.6219,17.6646
2026-03-05 19:40:00+00:00,0,normal,25.1742,7.3031,7.2645,10.6917,17.6515
2026-03-05 19:50:00+00:00,0,normal,25.1506,7.2929,7.2579,10.502,17.674
2026-03-05 20:00:00+00:00,0,normal,25.0202,7.2788,7.2706,10.491,17.6623
2026-03-05 20:10:00+00:00,0,normal,24.9993,7.2679,7.2706,10.6144,17.6588
2026-03-05 20:20:00+00:00,0,normal,24.9923,7.2628,7.2032,10.7561,17.6548
2026-03-05 20:30:00+00:00,0,normal,25.0726,7.2751,7.2223,10.6544,17.6687
2026-03-05 20:40:00+00:00,0,normal,25.1268,7.2911,7.2556,10.9593,17.661
2026-03-05 20:50:00+00:00,0,normal,25.1345,7.3101,7.2912,10.9585,17.6808
2026-03-05 21:00:00+00:00,0,normal,25.1354,7.2957,7.2272,10.8613,17.6914
2026-03-05 21:10:00+00:00,0,normal,25.1342,7.3015,7.1841,10.8632,17.7031
2026-03-05 21:20:00+00:00,0,normal,25.0496,7.2691,7.2859,10.9756,17.706
2026-03-05 21:30:00+00:00,0,normal,25.0244,7.2609,7.3004,10.789,17.7141
2026-03-05 21:40:00+00:00,0,normal,25.0359,7.2682,7.3341,10.7824,17.6952
2026-03-05 21:50:00+00:00,0,normal,25.009,7.2762,7.3614,10.8082,17.6847
2026-03-05 22:00:00+00:00,0,normal,25.0045,7.2794,7.4676,10.6795,17.6819
2026-03-05 22:10:00+00:00,0,normal,25.0542,7.3092,7.4963,10.673,17.682
2026-03-05 22:20:00+00:00,0,normal,24.8715,7.3183,7.5429,10.8867,17.6772
2026-03-05 22:30:00+00:00,0,normal,24.8745,7.3173,7.5152,10.8991,17.7004
2026-03-05 22:40:00+00:00,0,normal,24.8876,7.3437,7.5918,10.9736,17.6924
2026-03-05 22:50:00+00:00,0,normal,24.9045,7.3519,7.5226,10.9658,17.7093
2026-03-05 23:00:00+00:00,0,normal,24.9035,7.364,7.4239,11.2017,17.7108
2026-03-05 23:10:00+00:00,0,normal,25.0757,7.3654,7.268,10.9769,17.7047
2026-03-05 23:20:00+00:00,0,normal,25.0546,7.3915,7.306,11.145,17.712
2026-03-05 23:30:00+00:00,0,normal,25.1477,7.3892,7.1814,11.379,17.7121
2026-03-05 23:40:00+00:00,0,normal,25.1386,7.4214,7.2603,11.2397,17.6958
2026-03-05 23:50:00+00:00,0,normal,25.1744,7.426,7.2219,11.0256,17.6934
2026-03-06 00:00:00+00:00,0,normal,25.1592,7.4517,7.3353,11.3646,18.2496
2026-03-06 00:10:00+00:00,0,normal,25.2167,7.4459,7.3115,11.3076,18.2379
2026-03-06 00:20:00+00:00,0,normal,25.1535,7.4577,7.3812,11.0741,18.2501
2026-03-06 00:30:00+00:00,0,normal,25.2324,7.4407,7.3164,11.2158,18.2419
2026-03-06 00:40:00+00:00,0,normal,25.2244,7.4565,7.344,11.5159,18.2448
2026-03-06 00:50:00+00:00,0,normal,25.2187,7.4423,7.2949,11.1276,18.2501
2026-03-06 01:00:00+00:00,0,normal,25.263,7.4552,7.2452,11.2961,18.2701
2026-03-06 01:10:00+00:00,0,normal,25.2864,7.4447,7.2394,11.1381,18.2844
2026-03-06 01:20:00+00:00,0,normal,25.2819,7.4642,7.1561,11.0185,18.2888
2026-03-06 01:30:00+00:00,0,normal,25.2847,7.4807,7.2018,10.7324,18.2864
2026-03-06 01:40:00+00:00,0,normal,25.3176,7.5065,7.2027,10.9105,18.2815
2026-03-06 01:50:00+00:00,0,normal,25.3537,7.5044,7.1919,10.7097,18.2629
2026-03-06 02:00:00+00:00,0,normal,25.4411,7.5149,7.134,10.8,18.2584
2026-03-06 02:10:00+00:00,0,normal,25.5346,7.5344,7.1225,10.8824,18.2652
2026-03-06 02:20:00+00:00,0,normal,25.6817,7.5556,6.9846,10.9129,18.2629
2026-03-06 02:30:00+00:00,0,normal,25.6912,7.5518,6.9285,10.8346,18.2755
2026-03-06 02:40:00+00:00,0,normal,25.772,7.595,6.9025,10.9482,18.2612
2026-03-06 02:50:00+00:00,0,normal,25.8063,7.6229,6.8636,10.9716,18.2507
2026-03-06 03:00:00+00:00,0,normal,25.8819,7.6135,6.8414,10.7877,18.2646
2026-03-06 03:10:00+00:00,0,normal,25.8879,7.5944,6.8791,10.89,18.2823
2026-03-06 03:20:00+00:00,0,normal,26.0134,7.6249,6.8187,11.0803,18.289
2026-03-06 03:30:00+00:00,0,normal,26.0552,7.6177,6.77,11.028,18.2956
2026-03-06 03:40:00+00:00,0,normal,26.081,7.6407,6.6941,10.9624,18.2881
2026-03-06 03:50:00+00:00,0,normal,26.127,7.6578,6.6707,11.3397,18.2714
2026-03-06 04:00:00+00:00,0,normal,26.087,7.6787,6.627,11.1939,18.2586
2026-03-06 04:10:00+00:00,0,normal,26.1744,7.6838,6.5988,11.0762,18.2401
2026-03-06 04:20:00+00:00,0,normal,26.221,7.6909,6.562,11.1034,18.2356
2026-03-06 04:30:00+00:00,0,normal,26.2837,7.6842,6.5529,11.3588,18.2546
2026-03-06 04:40:00+00:00,0,normal,26.3066,7.6996,6.5899,11.3373,18.2653
2026-03-06 04:50:00+00:00,0,normal,26.4216,7.7122,6.5241,11.5104,18.2591
2026-03-06 05:00:00+00:00,0,normal,26.4929,7.7245,6.4854,11.6429,18.2711
2026-03-06 05:10:00+00:00,0,normal,26.6623,7.7423,6.3612,11.5118,18.2937
2026-03-06 05:20:00+00:00,0,normal,26.7754,7.7676,6.3412,11.5597,18.2627
2026-03-06 05:30:00+00:00,0,normal,26.8142,7.767,6.2247,11.1508,18.2602
2026-03-06 05:40:00+00:00,0,normal,26.8927,7.7578,6.1869,11.2725,18.2635
2026-03-06 05:50:00+00:00,0,normal,26.9195,7.7698,6.1794,11.0675,18.2328
2026-03-06 06:00:00+00:00,0,normal,26.818,7.7579,6.2447,11.2256,18.2316
2026-03-06 06:10:00+00:00,0,normal,26.7758,7.7451,6.1997,11.1992,18.2518
2026-03-06 06:20:00+00:00,0,normal,26.8398,7.7568,6.0855,11.5852,18.2295
2026-03-06 06:30:00+00:00,0,normal,26.8909,7.7727,6.0214,11.4554,18.2313
2026-03-06 06:40:00+00:00,0,normal,26.852,7.7508,5.9748,11.6287,18.2531
2026-03-06 06:50:00+00:00,0,normal,26.9013,7.7586,5.9054,11.4087,18.2462
2026-03-06 07:00:00+00:00,0,normal,27.0077,7.7747,5.9113,11.0869,18.2254
2026-03-06 07:10:00+00:00,0,normal,27.0503,7.7834,5.9848,11.0381,18.2341
2026-03-06 07:20:00+00:00,0,normal,27.1094,7.7973,5.8988,10.9577,18.2187
2026-03-06 07:30:00+00:00,0,normal,27.152,7.8084,5.8937,10.8096,18.2124
2026-03-06 07:40:00+00:00,0,normal,27.2963,7.8287,5.8259,11.0896,18.189
2026-03-06 07:50:00+00:00,0,normal,27.2521,7.8155,5.8,11.3429,18.1929
2026-03-06 08:00:00+00:00,0,normal,27.2073,7.7933,5.7525,11.1916,18.2058
2026-03-06 08:10:00+00:00,0,normal,27.182,7.789,5.7949,11.2412,18.2214
2026-03-06 08:20:00+00:00,0,normal,27.2178,7.8003,5.7942,11.0823,18.2278
2026-03-06 08:30:00+00:00,0,normal,27.1554,7.7819,5.8656,10.7497,18.2523
2026-03-06 08:40:00+00:00,0,normal,27.2296,7.7983,5.8589,10.5026,18.2414
2026-03-06 08:50:00+00:00,0,normal,27.3149,7.8109,5.8296,10.5755,18.2229
2026-03-06 09:00:00+00:00,0,normal,27.3039,7.8101,5.7973,10.4322,18.2103
2026-03-06 09:10:00+00:00,0,normal,27.3751,7.8187,5.7556,10.6307,18.1936
2026-03-06 09:20:00+00:00,0,normal,27.3777,7.82,5.7509,10.7803,18.1591
2026-03-06 09:30:00+00:00,0,normal,27.4303,7.8052,5.6921,10.9775,18.1793
2026-03-06 09:40:00+00:00,0,normal,27.4387,7.8074,5.6655,11.0195,18.1806
2026-03-06 09:50:00+00:00,0,normal,27.4399,7.8108,5.6721,10.9532,18.168
2026-03-06 10:00:00+00:00,0,normal,27.3668,7.7895,5.6888,10.9787,18.1742
2026-03-06 10:10:00+00:00,0,normal,27.3728,7.8028,5.624,10.8616,18.1871
2026-03-06 10:20:00+00:00,0,normal,27.2858,7.7967,5.6307,10.7603,18.1798
2026-03-06 10:30:00+00:00,0,normal,27.2398,7.7829,5.7659,10.6222,18.1609
2026-03-06 10:40:00+00:00,0,normal,27.2872,7.7585,5.8444,10.8583,18.1635
2026-03-06 10:50:00+00:00,0,normal,27.2753,7.7476,5.8567,10.816,18.1529
2026-03-06 11:00:00+00:00,0,normal,27.3213,7.7048,5.8418,10.8112,18.1444
2026-03-06 11:10:00+00:00,0,normal,27.3594,7.6922,5.8109,10.7003,18.1094
2026-03-06 11:20:00+00:00,0,normal,27.3908,7.6877,5.7269,11.0912,18.1138
2026-03-06 11:30:00+00:00,0,normal,27.3166,7.6832,5.7419,10.7843,18.1085
2026-03-06 11:40:00+00:00,0,normal,27.388,7.6953,5.6691,10.6025,18.0923
2026-03-06 11:50:00+00:00,0,normal,27.3146,7.7019,5.7118,10.5831,18.0942
2026-03-06 12:00:00+00:00,0,normal,27.2597,7.6774,5.7661,10.4768,18.115
2026-03-06 12:10:00+00:00,0,normal,27.2418,7.6634,5.7106,9.9804,18.1118
2026-03-06 12:20:00+00:00,0,normal,27.1898,7.652,5.6475,10.0869,18.1008
2026-03-06 12:30:00+00:00,0,normal,27.0726,7.6203,5.685,10.1988,18.0886
2026-03-06 12:40:00+00:00,0,normal,26.9997,7.6215,5.7562,10.0783,18.0629
2026-03-06 12:50:00+00:00,0,normal,27.0024,7.6381,5.767,10.1322,18.0616
2026-03-06 13:00:00+00:00,0,normal,26.9587,7.6431,5.8746,10.142,18.0427
2026-03-06 13:10:00+00:00,0,normal,27.0188,7.6322,5.8421,10.0082,18.0337
2026-03-06 13:20:00+00:00,0,normal,27.0047,7.631,5.8455,10.0491,18.0514
2026-03-06 13:30:00+00:00,0,normal,27.0242,7.5997,5.8421,10.1247,18.0422
2026-03-06 13:40:00+00:00,0,normal,26.9645,7.5872,5.8418,10.0145,18.0164
2026-03-06 13:50:00+00:00,0,normal,26.8861,7.5628,5.8253,10.186,18.0283
2026-03-06 14:00:00+00:00,0,normal,26.8164,7.5387,5.9553,10.4395,18.0313
2026-03-06 14:10:00+00:00,0,normal,26.7999,7.5238,6.0041,10.344,18.0009
2026-03-06 14:20:00+00:00,0,normal,26.7082,7.5304,6.0286,10.3136,18.0114
2026-03-06 14:30:00+00:00,0,normal,26.6643,7.5065,6.08,10.4235,18.0227
2026-03-06 14:40:00+00:00,0,normal,26.643,7.5128,6.1209,10.2454,18.001
2026-03-06 14:50:00+00:00,0,normal,26.5722,7.4983,6.1551,10.0941,17.9827
2026-03-06 15:00:00+00:00,0,normal,26.5074,7.47,6.1763,10.1395,17.9811
2026-03-06 15:10:00+00:00,0,normal,26.43,7.4434,6.2326,10.2339,17.9883
2026-03-06 15:20:00+00:00,0,normal,26.3775,7.4325,6.315,10.2589,17.9919
2026-03-06 15:30:00+00:00,0,normal,26.2991,7.4,6.4387,10.2703,18.0045
2026-03-06 15:40:00+00:00,0,normal,26.2133,7.4036,6.4265,10.3457,18.0246
2026-03-06 15:50:00+00:00,0,normal,26.1645,7.3991,6.5122,10.3053,18.0475
2026-03-06 16:00:00+00:00,0,normal,26.1827,7.3904,6.5178,10.1048,18.0225
2026-03-06 16:10:00+00:00,0,normal,26.1314,7.3861,6.5154,9.9092,18.0186
2026-03-06 16:20:00+00:00,0,normal,26.0859,7.3766,6.4573,9.9301,18.0093
2026-03-06 16:30:00+00:00,0,normal,26.0468,7.3655,6.5574,9.9658,18.012
2026-03-06 16:40:00+00:00,0,normal,26.0233,7.3566,6.5949,10.0567,18.0278
2026-03-06 16:50:00+00:00,0,normal,25.8558,7.3342,6.7735,10.347,18.0367
2026-03-06 17:00:00+00:00,0,normal,25.8235,7.3309,6.764,10.5315,18.022
2026-03-06 17:10:00+00:00,0,normal,25.7212,7.3414,6.7952,10.7353,18.0148
2026-03-06 17:20:00+00:00,0,normal,25.6376,7.3424,6.8901,10.5562,17.9958
2026-03-06 17:30:00+00:00,0,normal,25.5436,7.3414,6.9239,10.3985,17.9649
2026-03-06 17:40:00+00:00,0,normal,25.6562,7.3475,6.7915,10.1675,17.9882
2026-03-06 17:50:00+00:00,0,normal,25.637,7.3327,6.8633,10.1561,17.99
2026-03-06 18:00:00+00:00,0,normal,25.68,7.3251,6.8693,9.9113,17.9876
2026-03-06 18:10:00+00:00,0,normal,25.695,7.2922,6.8231,10.1719,17.9853
2026-03-06 18:20:00+00:00,0,normal,25.5988,7.278,6.8806,10.3697,17.9741
2026-03-06 18:30:00+00:00,0,normal,25.4799,7.2816,6.9983,10.5467,17.9337
2026-03-06 18:40:00+00:00,0,normal,25.3547,7.2654,7.091,10.6507,17.9297
2026-03-06 18:50:00+00:00,0,normal,25.2563,7.2528,7.2245,10.6944,17.9534
2026-03-06 19:00:00+00:00,0,normal,25.2069,7.2727,7.2545,10.2624,17.9602
2026-03-06 19:10:00+00:00,0,normal,25.2165,7.2623,7.317,10.0479,17.9623
2026-03-06 19:20:00+00:00,0,normal,25.2033,7.2551,7.3197,10.1409,17.9798
2026-03-06 19:30:00+00:00,0,normal,25.1163,7.2552,7.3275,10.1561,18.0031
2026-03-06 19:40:00+00:00,0,normal,25.1132,7.2551,7.2848,10.1984,17.9834
2026-03-06 19:50:00+00:00,0,normal,25.0425,7.2547,7.3004,10.5784,17.967
2026-03-06 20:00:00+00:00,0,normal,25.0133,7.2709,7.2924,10.6307,17.9717
2026-03-06 20:10:00+00:00,0,normal,24.9635,7.2697,7.2648,10.4436,17.9743
2026-03-06 20:20:00+00:00,0,normal,24.9656,7.2798,7.296,10.4981,17.9554
2026-03-06 20:30:00+00:00,0,normal,24.9435,7.2665,7.3151,10.4956,17.9668
2026-03-06 20:40:00+00:00,0,normal,24.9443,7.2629,7.3061,10.5494,17.976
2026-03-06 20:50:00+00:00,0,normal,24.9143,7.2537,7.2747,10.4039,17.9547
2026-03-06 21:00:00+00:00,0,normal,24.8677,7.2634,7.3461,10.4897,17.9537
2026-03-06 21:10:00+00:00,0,normal,24.8859,7.2716,7.3648,10.4972,17.9542
2026-03-06 21:20:00+00:00,0,normal,24.8382,7.2901,7.3988,10.6423,17.9449
2026-03-06 21:30:00+00:00,0,normal,24.8342,7.3102,7.3807,10.5287,17.9371
2026-03-06 21:40:00+00:00,0,normal,24.8385,7.3195,7.5204,10.8038,17.9771
2026-03-06 21:50:00+00:00,0,normal,24.8263,7.31,7.5678,10.9058,17.964
2026-03-06 22:00:00+00:00,0,normal,24.8843,7.3092,7.5511,10.7003,17.9526
2026-03-06 22:10:00+00:00,0,normal,24.9245,7.2966,7.6103,10.6299,17.9487
2026-03-06 22:20:00+00:00,0,normal,24.9104,7.273,7.6895,10.7032,17.9695
2026-03-06 22:30:00+00:00,0,normal,24.928,7.289,7.5789,10.7512,17.9652
2026-03-06 22:40:00+00:00,0,normal,24.9178,7.2878,7.5933,10.7524,17.9821
2026-03-06 22:50:00+00:00,0,normal,24.852,7.2852,7.6384,10.8792,18.0003
2026-03-06 23:00:00+00:00,0,normal,24.8349,7.3053,7.6146,10.7958,17.9921
2026-03-06 23:10:00+00:00,0,normal,24.8156,7.322,7.649,10.8768,17.9663
2026-03-06 23:20:00+00:00,0,normal,24.8384,7.3335,7.6027,10.9147,17.9522
2026-03-06 23:30:00+00:00,0,normal,24.8735,7.3565,7.5337,11.053,17.9559
2026-03-06 23:40:00+00:00,0,normal,24.8951,7.3685,7.5334,11.0173,17.9577
2026-03-06 23:50:00+00:00,0,normal,24.9069,7.3873,7.5316,11.1993,17.9631
2026-03-07 00:00:00+00:00,0,normal,25.0813,7.415,7.3733,11.0616,17.9712
2026-03-07 00:10:00+00:00,0,normal,25.0687,7.4026,7.3981,11.0168,17.9867
2026-03-07 00:20:00+00:00,0,normal,25.0396,7.412,7.4647,11.2482,17.982
2026-03-07 00:30:00+00:00,0,normal,25.024,7.4211,7.427,11.4859,17.9567
2026-03-07 00:40:00+00:00,0,normal,25.103,7.419,7.3652,11.4085,17.9559
2026-03-07 00:50:00+00:00,0,normal,25.0776,7.4374,7.4243,11.4752,17.9706
2026-03-07 01:00:00+00:00,0,normal,25.1119,7.4624,7.4162,11.448,17.9509
2026-03-07 01:10:00+00:00,0,normal,25.2691,7.4756,7.2705,11.1589,17.9418
2026-03-07 01:20:00+00:00,0,normal,25.3917,7.4985,7.165,10.9081,17.9533
2026-03-07 01:30:00+00:00,0,normal,25.3976,7.5229,7.1804,11.0423,17.9726
2026-03-07 01:40:00+00:00,0,normal,25.3817,7.5086,7.1797,10.8518,17.9694
2026-03-07 01:50:00+00:00,0,normal,25.4558,7.5159,7.1615,10.7214,17.9964
2026-03-07 02:00:00+00:00,0,normal,25.4857,7.5349,7.1721,10.9409,18.0026
2026-03-07 02:10:00+00:00,0,normal,25.519,7.5316,7.2181,11.0809,18.0103
2026-03-07 02:20:00+00:00,0,normal,25.5484,7.5436,7.176,11.2133,18.0064
2026-03-07 02:30:00+00:00,0,normal,25.5996,7.5473,7.16,11.3673,18.0018
2026-03-07 02:40:00+00:00,0,normal,25.7135,7.5648,7.0786,11.3294,17.9731
2026-03-07 02:50:00+00:00,0,normal,25.7409,7.555,7.0061,11.0018,17.9745
2026-03-07 03:00:00+00:00,0,normal,25.8088,7.5715,6.9102,11.3445,17.9703
2026-03-07 03:10:00+00:00,0,normal,25.9042,7.5879,6.8579,11.0387,17.9666
2026-03-07 03:20:00+00:00,0,normal,25.9725,7.6238,6.8087,11.3284,17.9673
2026-03-07 03:30:00+00:00,0,normal,25.9579,7.644,6.8431,11.6018,17.986
2026-03-07 03:40:00+00:00,0,normal,26.0343,7.6575,6.8099,11.7337,17.9861
2026-03-07 03:50:00+00:00,0,normal,26.0824,7.6679,6.7883,11.3578,17.9784
2026-03-07 04:00:00+00:00,0,normal,26.1263,7.6693,6.7311,11.4149,17.9738
2026-03-07 04:10:00+00:00,0,normal,26.1454,7.6748,6.7383,11.2816,17.9681
2026-03-07 04:20:00+00:00,0,normal,26.2092,7.6677,6.6601,11.3878,17.981
2026-03-07 04:30:00+00:00,0,normal,26.2284,7.6835,6.6641,11.3941,17.9841
2026-03-07 04:40:00+00:00,0,normal,26.2451,7.6903,6.6333,11.5547,18.004
2026-03-07 04:50:00+00:00,0,normal,26.3854,7.7155,6.551,11.6029,18.0079
2026-03-07 05:00:00+00:00,0,normal,26.4079,7.712,6.4274,11.7748,18.0343
2026-03-07 05:10:00+00:00,0,normal,26.4811,7.7289,6.3266,11.6497,18.0046
2026-03-07 05:20:00+00:00,0,normal,26.5043,7.7414,6.2941,11.8446,17.9958
2026-03-07 05:30:00+00:00,0,normal,26.5713,7.7699,6.2514,11.6489,17.9985
2026-03-07 05:40:00+00:00,0,normal,26.6178,7.7534,6.2284,11.6816,17.9932
2026-03-07 05:50:00+00:00,0,normal,26.6881,7.776,6.2579,11.5504,17.9682
2026-03-07 06:00:00+00:00,0,normal,26.6761,7.7676,6.2922,11.5287,17.9727
2026-03-07 06:10:00+00:00,0,normal,26.754,7.7848,6.2251,11.35,17.9952
2026-03-07 06:20:00+00:00,0,normal,26.7651,7.7631,6.1974,11.3358,18.0015
2026-03-07 06:30:00+00:00,0,normal,26.7495,7.7727,6.1925,11.2824,18.0075
2026-03-07 06:40:00+00:00,0,normal,26.8086,7.7821,6.1092,11.0537,18.0136
2026-03-07 06:50:00+00:00,0,normal,26.9004,7.8064,6.0846,11.0133,18.0231
2026-03-07 07:00:00+00:00,0,normal,26.894,7.8009,6.0851,10.9194,18.0065
2026-03-07 07:10:00+00:00,0,normal,26.8986,7.8083,6.0848,10.9518,17.9868
2026-03-07 07:20:00+00:00,0,normal,26.8961,7.8032,6.0394,11.0483,17.976
2026-03-07 07:30:00+00:00,0,normal,26.8946,7.8008,6.0741,11.0091,17.9655
2026-03-07 07:40:00+00:00,0,normal,26.9597,7.8019,6.0443,10.7631,17.9596
2026-03-07 07:50:00+00:00,0,normal,26.9846,7.8068,5.9781,10.7013,17.9539
2026-03-07 08:00:00+00:00,0,normal,27.0424,7.8189,5.9452,10.976,17.962
2026-03-07 08:10:00+00:00,0,normal,27.0938,7.8241,5.9337,10.9418,17.96
2026-03-07 08:20:00+00:00,0,normal,27.1552,7.8202,5.8703,10.9446,17.9533
2026-03-07 08:30:00+00:00,0,normal,27.07,7.8118,5.8683,11.2083,17.9317
2026-03-07 08:40:00+00:00,0,normal,27.2203,7.8071,5.762,11.2342,17.9195
2026-03-07 08:50:00+00:00,0,normal,27.2413,7.7918,5.7552,11.0176,17.8891
2026-03-07 09:00:00+00:00,0,normal,27.2369,7.7993,5.7882,11.0355,17.8974
2026-03-07 09:10:00+00:00,0,normal,27.2657,7.794,5.7975,11.1267,17.8975
2026-03-07 09:20:00+00:00,0,normal,27.3588,7.7867,5.703,11.0676,17.8992
2026-03-07 09:30:00+00:00,0,normal,27.3126,7.7919,5.7884,11.2222,17.9058
2026-03-07 09:40:00+00:00,0,normal,27.3272,7.8027,5.7343,11.2152,17.9316
2026-03-07 09:50:00+00:00,0,normal,27.3285,7.7912,5.6316,11.1158,17.9126
2026-03-07 10:00:00+00:00,0,normal,27.3314,7.7898,5.5666,11.0752,17.9013
2026-03-07 10:10:00+00:00,0,normal,27.3339,7.7954,5.5569,10.9757,17.8997
2026-03-07 10:20:00+00:00,0,normal,27.274,7.7782,5.5928,10.6512,17.8736
2026-03-07 10:30:00+00:00,0,normal,27.3729,7.7726,5.5097,10.6417,17.8556
2026-03-07 10:40:00+00:00,0,normal,27.3513,7.7801,5.5474,10.7369,17.8595
2026-03-07 10:50:00+00:00,0,normal,27.3509,7.7584,5.5494,10.7556,17.8605
2026-03-07 11:00:00+00:00,0,normal,27.2715,7.7477,5.6444,10.8567,17.8487
2026-03-07 11:10:00+00:00,0,normal,27.2539,7.7357,5.7306,10.8729,17.8818
2026-03-07 11:20:00+00:00,0,normal,27.1345,7.7276,5.8479,10.7107,17.8607
2026-03-07 11:30:00+00:00,0,normal,27.1094,7.7114,5.8589,10.4067,17.8434
2026-03-07 11:40:00+00:00,0,normal,27.075,7.7051,5.8714,10.31,17.8423
2026-03-07 11:50:00+00:00,0,normal,27.0595,7.6945,5.8774,10.3342,17.8547
2026-03-07 12:00:00+00:00,0,normal,27.1071,7.6912,5.7265,10.3337,17.8264
2026-03-07 12:10:00+00:00,0,normal,27.0842,7.6713,5.7662,10.3703,17.8324
2026-03-07 12:20:00+00:00,0,normal,27.0586,7.6612,5.824,10.5683,17.8392
2026-03-07 12:30:00+00:00,0,normal,27.029,7.6597,5.8603,10.709,17.8624
2026-03-07 12:40:00+00:00,0,normal,27.0677,7.643,5.7731,10.4006,17.8441
2026-03-07 12:50:00+00:00,0,normal,27.0162,7.6386,5.8754,10.4064,17.8355
2026-03-07 13:00:00+00:00,0,normal,27.0047,7.6268,5.8279,10.3157,17.8289
2026-03-07 13:10:00+00:00,0,normal,26.9475,7.6028,5.8577,10.125,17.8243
2026-03-07 13:20:00+00:00,0,normal,26.881,7.5797,5.8951,9.9338,17.8129
2026-03-07 13:30:00+00:00,0,normal,26.7582,7.5746,5.9632,9.8852,17.812
2026-03-07 13:40:00+00:00,0,normal,26.7548,7.5506,5.9368,9.8826,17.8165
2026-03-07 13:50:00+00:00,0,normal,26.7334,7.5542,5.9417,9.9539,17.793
2026-03-07 14:00:00+00:00,0,normal,26.7084,7.5491,5.9373,9.9226,17.7825
2026-03-07 14:10:00+00:00,0,normal,26.6825,7.5387,5.9785,9.8997,17.7547
2026-03-07 14:20:00+00:00,0,normal,26.6508,7.5374,6.0771,10.105,17.7601
2026-03-07 14:30:00+00:00,0,normal,26.5227,7.5193,6.154,10.1484,17.7457
2026-03-07 14:40:00+00:00,0,normal,26.47,7.4879,6.2004,9.9556,17.7495
2026-03-07 14:50:00+00:00,0,normal,26.4396,7.4797,6.2266,10.1391,17.7464
2026-03-07 15:00:00+00:00,0,normal,26.483,7.4569,6.1839,10.2645,17.7281
2026-03-07 15:10:00+00:00,0,normal,26.5051,7.4461,6.0957,10.1744,17.7074
2026-03-07 15:20:00+00:00,0,normal,26.5308,7.4464,6.0998,10.3406,17.7083
2026-03-07 15:30:00+00:00,0,normal,26.4846,7.4355,6.1094,10.5663,17.6937
2026-03-07 15:40:00+00:00,0,normal,26.4255,7.408,6.1734,10.5203,17.6853
2026-03-07 15:50:00+00:00,0,normal,26.3176,7.3993,6.2115,10.5137,17.7097
2026-03-07 16:00:00+00:00,0,normal,26.2052,7.3759,6.3071,10.4806,17.6987
2026-03-07 16:10:00+00:00,0,normal,26.1619,7.3533,6.3604,10.2571,17.6885
2026-03-07 16:20:00+00:00,0,normal,26.0973,7.3602,6.4586,10.2759,17.7119
2026-03-07 16:30:00+00:00,0,normal,26.0671,7.3575,6.4243,10.156,17.7182
2026-03-07 16:40:00+00:00,0,normal,25.9955,7.3577,6.5008,10.0452,17.7014
2026-03-07 16:50:00+00:00,0,normal,26.0164,7.3535,6.5529,10.229,17.7111
2026-03-07 17:00:00+00:00,0,normal,25.8521,7.3567,6.6021,10.3071,17.7293
2026-03-07 17:10:00+00:00,0,normal,25.8503,7.3567,6.606,10.2477,17.7232
2026-03-07 17:20:00+00:00,0,normal,25.7813,7.3449,6.7207,10.3495,17.7037
2026-03-07 17:30:00+00:00,0,normal,25.6739,7.3385,6.8042,10.3772,17.7018
2026-03-07 17:40:00+00:00,0,normal,25.5328,7.3165,6.8437,10.414,17.7
2026-03-07 17:50:00+00:00,0,normal,25.4745,7.3051,6.9057,10.6199,17.6791
2026-03-07 18:00:00+00:00,0,normal,25.3823,7.2793,6.9644,10.6609,17.66
2026-03-07 18:10:00+00:00,0,normal,25.3033,7.2736,7.0625,10.807,17.6676
2026-03-07 18:20:00+00:00,0,normal,25.3127,7.2675,7.0676,10.791,17.6701
2026-03-07 18:30:00+00:00,0,normal,25.3347,7.2742,7.1076,10.636,17.6766
2026-03-07 18:40:00+00:00,0,normal,25.3253,7.2699,7.1333,10.334,17.6792
2026-03-07 18:50:00+00:00,0,normal,25.2489,7.2757,7.1808,10.2161,17.6935
2026-03-07 19:00:00+00:00,0,normal,25.1977,7.2745,7.1394,10.059,17.6874
2026-03-07 19:10:00+00:00,0,normal,25.1375,7.2689,7.198,10.2215,17.6899
2026-03-07 19:20:00+00:00,0,normal,25.151,7.268,7.215,10.4244,17.6717
2026-03-07 19:30:00+00:00,0,normal,25.1665,7.2602,7.2785,10.4734,17.6663
2026-03-07 19:40:00+00:00,0,normal,25.1318,7.2591,7.3404,10.5578,17.6582
2026-03-07 19:50:00+00:00,0,normal,25.1237,7.2577,7.4029,10.6095,17.6618
2026-03-07 20:00:00+00:00,0,normal,25.1051,7.2648,7.4307,10.558,17.6647
2026-03-07 20:10:00+00:00,0,normal,24.9881,7.2606,7.4581,10.533,17.6646
2026-03-07 20:20:00+00:00,0,normal,24.918,7.2816,7.3936,10.5664,17.6719
2026-03-07 20:30:00+00:00,0,normal,24.9217,7.2823,7.3457,10.6017,17.682
2026-03-07 20:40:00+00:00,0,normal,24.8867,7.2864,7.3687,10.7731,17.6746
2026-03-07 20:50:00+00:00,0,normal,24.8332,7.2786,7.4244,10.7392,17.6614
2026-03-07 21:00:00+00:00,0,normal,24.8235,7.2868,7.4826,10.6344,17.6646
2026-03-07 21:10:00+00:00,0,normal,24.7805,7.2716,7.5448,10.692,17.6636
2026-03-07 21:20:00+00:00,0,normal,24.7739,7.2583,7.6406,10.7461,17.6605
2026-03-07 21:30:00+00:00,0,normal,24.7963,7.2616,7.6005,10.4512,17.6835
2026-03-07 21:40:00+00:00,0,normal,24.7559,7.2724,7.5427,10.4568,17.6793
2026-03-07 21:50:00+00:00,0,normal,24.7398,7.2623,7.5399,10.5901,17.6868
2026-03-07 22:00:00+00:00,0,normal,24.7169,7.2681,7.6018,10.844,17.6836
2026-03-07 22:10:00+00:00,0,normal,24.7136,7.287,7.5266,10.8012,17.698
2026-03-07 22:20:00+00:00,0,normal,24.7056,7.2941,7.4933,11.0788,17.6813
2026-03-07 22:30:00+00:00,0,normal,24.8408,7.3169,7.4718,11.1713,17.6814
2026-03-07 22:40:00+00:00,0,normal,24.8806,7.3213,7.4722,11.2765,17.6773
2026-03-07 22:50:00+00:00,0,normal,24.9106,7.3494,7.3236,11.0115,17.675
2026-03-07 23:00:00+00:00,0,normal,24.8228,7.3528,7.4231,11.2145,17.659
2026-03-07 23:10:00+00:00,0,normal,24.8168,7.3659,7.4368,11.3078,17.6572
2026-03-07 23:20:00+00:00,0,normal,24.7207,7.3591,7.5025,11.4699,17.6668
2026-03-07 23:30:00+00:00,0,normal,24.7647,7.3657,7.3926,11.5219,17.6637
2026-03-07 23:40:00+00:00,0,normal,24.8215,7.3491,7.4123,11.6331,17.6776
2026-03-07 23:50:00+00:00,0,normal,24.9491,7.3596,7.3397,11.5979,17.6847
2026-03-08 00:00:00+00:00,0,normal,24.9895,7.3741,7.4007,11.4188,18.2586
2026-03-08 00:10:00+00:00,0,normal,25.0525,7.3726,7.3446,11.0362,18.2643
2026-03-08 00:20:00+00:00,0,normal,25.0133,7.3875,7.4989,10.9276,18.2808
2026-03-08 00:30:00+00:00,0,normal,25.0831,7.4112,7.4763,10.9085,18.2953
2026-03-08 00:40:00+00:00,0,normal,25.0924,7.43,7.4136,10.9692,18.3003
2026-03-08 00:50:00+00:00,0,normal,25.0981,7.4347,7.3563,11.1286,18.2853
2026-03-08 01:00:00+00:00,0,normal,25.1983,7.4528,7.2925,11.274,18.2748
2026-03-08 01:10:00+00:00,0,normal,25.2261,7.457,7.2049,11.5201,18.286
2026-03-08 01:20:00+00:00,0,normal,25.2087,7.4691,7.214,11.5968,18.2602
2026-03-08 01:30:00+00:00,0,normal,25.136,7.4837,7.2904,11.365,18.2474
2026-03-08 01:40:00+00:00,0,normal,25.2389,7.4913,7.2612,11.159,18.2404
2026-03-08 01:50:00+00:00,0,normal,25.2276,7.4989,7.3198,11.0501,18.2427
2026-03-08 02:00:00+00:00,0,normal,25.2867,7.5219,7.258,10.8897,18.2312
2026-03-08 02:10:00+00:00,0,normal,25.3347,7.5325,7.2601,10.8011,18.2389
2026-03-08 02:20:00+00:00,0,normal,25.4632,7.5334,7.1913,10.861,18.2549
2026-03-08 02:30:00+00:00,0,normal,25.4756,7.5591,7.1568,10.9262,18.2562
2026-03-08 02:40:00+00:00,0,normal,25.5382,7.5901,7.0579,11.1419,18.256
2026-03-08 02:50:00+00:00,0,normal,25.608,7.6082,6.9634,11.1295,18.2577
2026-03-08 03:00:00+00:00,0,normal,25.6655,7.5989,6.9164,11.0138,18.252
2026-03-08 03:10:00+00:00,0,normal,25.7724,7.609,6.8541,10.9949,18.2355
2026-03-08 03:20:00+00:00,0,normal,25.8355,7.6032,6.8104,11.1221,18.2319
2026-03-08 03:30:00+00:00,0,normal,25.8539,7.5975,6.7703,11.094,18.2396
2026-03-08 03:40:00+00:00,0,normal,25.8917,7.6077,6.7516,11.0979,18.2378
2026-03-08 03:50:00+00:00,0,normal,25.9051,7.6359,6.7433,11.2262,18.2454
2026-03-08 04:00:00+00:00,0,normal,25.9335,7.6362,6.6982,11.5182,18.2685
2026-03-08 04:10:00+00:00,0,normal,25.9352,7.656,6.7294,11.4901,18.2848
2026-03-08 04:20:00+00:00,0,normal,25.9707,7.6719,6.6773,11.6893,18.2849
2026-03-08 04:30:00+00:00,0,normal,25.9452,7.6791,6.7132,11.6801,18.2971
2026-03-08 04:40:00+00:00,0,normal,26.042,7.6955,6.5972,11.7954,18.3063
2026-03-08 04:50:00+00:00,0,normal,26.1454,7.7152,6.5666,11.5353,18.288
2026-03-08 05:00:00+00:00,0,normal,26.2501,7.7306,6.4988,11.6356,18.2918
2026-03-08 05:10:00+00:00,0,normal,26.3632,7.7405,6.5398,11.5182,18.3067
2026-03-08 05:20:00+00:00,0,normal,26.5729,7.7668,6.4603,11.3492,18.3093
2026-03-08 05:30:00+00:00,0,normal,26.6454,7.7607,6.4796,11.0453,18.308
2026-03-08 05:40:00+00:00,0,normal,26.6108,7.7835,6.462,11.1343,18.3165
2026-03-08 05:50:00+00:00,0,normal,26.6424,7.7699,6.4115,11.1617,18.3099
2026-03-08 06:00:00+00:00,0,normal,26.6683,7.7994,6.3251,11.0271,18.3052
2026-03-08 06:10:00+00:00,0,normal,26.6088,7.7778,6.3413,11.0166,18.2752
2026-03-08 06:20:00+00:00,0,normal,26.6209,7.7991,6.3647,11.201,18.2757
2026-03-08 06:30:00+00:00,0,normal,26.7294,7.791,6.2938,11.2931,18.2711
2026-03-08 06:40:00+00:00,0,normal,26.8331,7.8131,6.2148,10.9106,18.2577
2026-03-08 06:50:00+00:00,0,normal,26.8166,7.791,6.2137,10.9234,18.2314
2026-03-08 07:00:00+00:00,0,normal,26.8511,7.793,6.16,10.9001,18.2254
2026-03-08 07:10:00+00:00,0,normal,26.8941,7.7615,6.0667,10.9798,18.2161
2026-03-08 07:20:00+00:00,0,normal,26.9182,7.7893,6.0302,10.8253,18.2292
2026-03-08 07:30:00+00:00,0,normal,26.9587,7.7858,6.0351,10.9709,18.2299
2026-03-08 07:40:00+00:00,0,normal,27.1497,7.7691,5.9625,11.0036,18.2295
2026-03-08 07:50:00+00:00,0,normal,27.1949,7.7833,6.0043,11.1809,18.2523
2026-03-08 08:00:00+00:00,1,filter_loading,27.2273,7.8153,5.9057,12.6622,18.2446
2026-03-08 08:10:00+00:00,1,filter_loading,27.2555,7.7864,5.8052,14.8399,18.2349
2026-03-08 08:20:00+00:00,1,filter_loading,27.2164,7.7756,5.6924,16.99,18.2268
2026-03-08 08:30:00+00:00,1,filter_loading,27.1386,7.7958,5.5995,19.2103,18.2364
2026-03-08 08:40:00+00:00,1,filter_loading,27.1627,7.8025,5.4541,21.0694,18.2377
2026-03-08 08:50:00+00:00,1,filter_loading,27.1035,7.7912,5.3294,23.0361,18.223
2026-03-08 09:00:00+00:00,1,filter_loading,27.1047,7.8074,5.2343,25.2289,18.2045
2026-03-08 09:10:00+00:00,1,filter_loading,27.1384,7.8219,5.1752,27.0104,18.2056
2026-03-08 09:20:00+00:00,1,filter_loading,27.2026,7.819,5.0839,28.846,18.202
2026-03-08 09:30:00+00:00,1,filter_loading,27.2288,7.7908,5.0692,28.8109,18.1923
2026-03-08 09:40:00+00:00,1,filter_loading,27.2868,7.7859,5.1157,28.7762,18.1909
2026-03-08 09:50:00+00:00,1,filter_loading,27.2794,7.7718,5.08,28.6521,18.2115
2026-03-08 10:00:00+00:00,1,filter_loading,27.2147,7.7533,5.0173,28.8893,18.2104
2026-03-08 10:10:00+00:00,1,filter_loading,27.127,7.7507,4.9863,28.9002,18.1935
2026-03-08 10:20:00+00:00,1,filter_loading,27.149,7.7674,4.8965,29.0502,18.19
2026-03-08 10:30:00+00:00,1,filter_loading,27.1821,7.7693,4.8818,28.9626,18.1923
2026-03-08 10:40:00+00:00,1,filter_loading,27.2192,7.7571,4.9287,28.8021,18.1613
2026-03-08 10:50:00+00:00,1,filter_loading,27.2158,7.7539,4.9667,28.7873,18.1507
2026-03-08 11:00:00+00:00,1,filter_loading,27.2405,7.7621,5.0041,28.9806,18.1694
2026-03-08 11:10:00+00:00,1,filter_loading,27.188,7.7306,5.0739,28.9468,18.1423
2026-03-08 11:20:00+00:00,1,filter_loading,27.2165,7.7237,5.0491,28.9798,18.1459
2026-03-08 11:30:00+00:00,1,filter_loading,27.1905,7.7332,4.9475,29.1597,18.1366
2026-03-08 11:40:00+00:00,1,filter_loading,27.2651,7.7133,4.9111,28.8543,18.1305
2026-03-08 11:50:00+00:00,1,filter_loading,27.3078,7.6957,4.8545,28.6296,18.1054
2026-03-08 12:00:00+00:00,1,filter_loading,27.288,7.7096,4.856,28.4773,18.1132
2026-03-08 12:10:00+00:00,1,filter_loading,27.2759,7.6824,4.8543,28.4064,18.0828
2026-03-08 12:20:00+00:00,1,filter_loading,27.1862,7.6588,4.9447,28.2286,18.0799
2026-03-08 12:30:00+00:00,1,filter_loading,27.0943,7.6531,4.9474,28.532,18.0893
2026-03-08 12:40:00+00:00,1,filter_loading,27.0341,7.6312,4.9704,28.4658,18.0939
2026-03-08 12:50:00+00:00,1,filter_loading,26.9594,7.605,4.9658,28.6025,18.0818
2026-03-08 13:00:00+00:00,1,filter_loading,26.8964,7.6174,4.9573,28.5123,18.0807
2026-03-08 13:10:00+00:00,1,filter_loading,26.9003,7.6007,4.9531,28.288,18.0823
2026-03-08 13:20:00+00:00,1,filter_loading,26.9388,7.5913,4.9318,28.1717,18.0753
2026-03-08 13:30:00+00:00,1,filter_loading,26.8689,7.5747,5.0131,28.1894,18.0626
2026-03-08 13:40:00+00:00,1,filter_loading,26.8829,7.5657,5.0331,28.2652,18.0727
2026-03-08 13:50:00+00:00,1,filter_loading,26.837,7.5323,5.041,28.5842,18.0758
2026-03-08 14:00:00+00:00,1,filter_loading,26.7645,7.5159,5.1039,28.6452,18.0571
2026-03-08 14:10:00+00:00,1,filter_loading,26.6541,7.5061,5.1754,28.4261,18.0393
2026-03-08 14:20:00+00:00,1,filter_loading,26.6258,7.5029,5.229,28.2886,18.0329
2026-03-08 14:30:00+00:00,1,filter_loading,26.5741,7.5049,5.2971,28.0226,18.0092
2026-03-08 14:40:00+00:00,1,filter_loading,26.4914,7.5034,5.4514,25.732,18.0023
2026-03-08 14:50:00+00:00,1,filter_loading,26.4617,7.4928,5.6001,23.692,18.0183
2026-03-08 15:00:00+00:00,1,filter_loading,26.4931,7.4752,5.7285,21.6756,18.0119
2026-03-08 15:10:00+00:00,1,filter_loading,26.408,7.4612,5.8181,19.9462,17.9956
2026-03-08 15:20:00+00:00,1,filter_loading,26.3392,7.4372,6.0009,18.0358,18.005
2026-03-08 15:30:00+00:00,1,filter_loading,26.2391,7.4208,6.1682,16.1323,18.0114
2026-03-08 15:40:00+00:00,1,filter_loading,26.1868,7.4166,6.3128,13.8897,17.9894
2026-03-08 15:50:00+00:00,1,filter_loading,26.099,7.418,6.4433,12.096,17.9992
2026-03-08 16:00:00+00:00,0,normal,26.0907,7.4095,6.5322,10.442,17.9973
2026-03-08 16:10:00+00:00,0,normal,26.0572,7.3999,6.4876,10.326,17.9799
2026-03-08 16:20:00+00:00,0,normal,26.0986,7.3882,6.4922,10.1362,17.9607
2026-03-08 16:30:00+00:00,0,normal,26.0721,7.372,6.4719,10.2594,17.9626
2026-03-08 16:40:00+00:00,0,normal,26.0343,7.3664,6.4562,10.1068,17.9582
2026-03-08 16:50:00+00:00,0,normal,25.9858,7.3514,6.505,10.2314,17.9677
2026-03-08 17:00:00+00:00,0,normal,25.9849,7.3347,6.5479,10.0637,17.9641
2026-03-08 17:10:00+00:00,0,normal,25.8914,7.3419,6.5798,10.2319,17.973
2026-03-08 17:20:00+00:00,0,normal,25.7649,7.3272,6.6878,10.3592,17.9779
2026-03-08 17:30:00+00:00,0,normal,25.6971,7.3115,6.8413,10.371,17.979
2026-03-08 17:40:00+00:00,0,normal,25.6388,7.3121,6.8505,10.3789,17.9775
2026-03-08 17:50:00+00:00,0,normal,25.5888,7.3175,6.8593,10.645,17.9894
2026-03-08 18:00:00+00:00,0,normal,25.5921,7.281,6.9559,10.4385,17.9862
2026-03-08 18:10:00+00:00,0,normal,25.662,7.2929,6.9299,10.3223,17.9736
2026-03-08 18:20:00+00:00,0,normal,25.6136,7.299,6.9154,10.5122,17.9648
2026-03-08 18:30:00+00:00,0,normal,25.5483,7.2956,7.0067,10.2603,17.971
2026-03-08 18:40:00+00:00,0,normal,25.3977,7.2666,7.1236,10.2132,17.9744
2026-03-08 18:50:00+00:00,0,normal,25.32,7.3022,7.183,10.1263,17.9493
2026-03-08 19:00:00+00:00,0,normal,25.1889,7.2787,7.2431,10.2811,17.9613
2026-03-08 19:10:00+00:00,0,normal,25.1346,7.2532,7.299,10.1224,17.9544
2026-03-08 19:20:00+00:00,0,normal,25.0904,7.2502,7.341,10.1654,17.9463
2026-03-08 19:30:00+00:00,0,normal,25.121,7.2747,7.252,10.1098,17.9219
2026-03-08 19:40:00+00:00,0,normal,25.0721,7.2539,7.277,10.2888,17.9408
2026-03-08 19:50:00+00:00,0,normal,25.0931,7.2624,7.2632,10.2862,17.9203
2026-03-08 20:00:00+00:00,0,normal,24.9569,7.2782,7.3392,10.104,17.9207
2026-03-08 20:10:00+00:00,0,normal,24.9333,7.271,7.3788,10.1846,17.9224
2026-03-08 20:20:00+00:00,0,normal,24.9331,7.2547,7.4576,10.3191,17.9388
2026-03-08 20:30:00+00:00,0,normal,24.9795,7.2696,7.395,10.469,17.9621
2026-03-08 20:40:00+00:00,0,normal,24.9499,7.2778,7.4322,10.5521,17.9722
2026-03-08 20:50:00+00:00,0,normal,25.0886,7.2858,7.3146,10.7377,17.9685
2026-03-08 21:00:00+00:00,0,normal,25.07,7.2938,7.3483,10.9481,17.9761
2026-03-08 21:10:00+00:00,0,normal,25.0113,7.3303,7.3913,10.9189,17.9572
2026-03-08 21:20:00+00:00,0,normal,24.9497,7.3175,7.4939,10.4658,17.9404
2026-03-08 21:30:00+00:00,0,normal,24.9123,7.3184,7.5086,10.5556,17.9503
2026-03-08 21:40:00+00:00,0,normal,24.8149,7.3149,7.6068,10.6798,17.9383
2026-03-08 21:50:00+00:00,0,normal,24.784,7.3107,7.586,10.6145,17.9171
2026-03-08 22:00:00+00:00,0,normal,24.74,7.2998,7.577,10.674,17.9213
2026-03-08 22:10:00+00:00,0,normal,24.7385,7.282,7.5257,11.0747,17.9282
2026-03-08 22:20:00+00:00,0,normal,24.7399,7.2875,7.5681,10.941,17.9191
2026-03-08 22:30:00+00:00,0,normal,24.7584,7.2876,7.5545,10.8828,17.9388
2026-03-08 22:40:00+00:00,0,normal,24.7622,7.2962,7.5091,10.8141,17.9355
2026-03-08 22:50:00+00:00,0,normal,24.8285,7.2915,7.5511,10.8453,17.9419
2026-03-08 23:00:00+00:00,0,normal,24.8479,7.3346,7.5911,10.7385,17.9287
2026-03-08 23:10:00+00:00,0,normal,24.8195,7.337,7.6252,10.6352,17.934
2026-03-08 23:20:00+00:00,0,normal,24.8011,7.3468,7.6184,10.7196,17.9351
2026-03-08 23:30:00+00:00,0,normal,24.8732,7.3595,7.581,10.9218,17.9644
2026-03-08 23:40:00+00:00,0,normal,24.825,7.3778,7.5506,10.8479,17.9795
2026-03-08 23:50:00+00:00,0,normal,24.8384,7.3918,7.5202,10.8982,17.9722
2026-03-09 00:00:00+00:00,0,normal,24.9612,7.413,7.3724,10.8586,17.9849
2026-03-09 00:10:00+00:00,0,normal,25.0919,7.4342,7.2937,10.7049,17.9971
2026-03-09 00:20:00+00:00,0,normal,25.1122,7.4459,7.2758,10.4768,17.9861
2026-03-09 00:30:00+00:00,0,normal,25.2173,7.4513,7.2075,10.6912,17.9903
2026-03-09 00:40:00+00:00,0,normal,25.3108,7.4512,7.1643,10.5877,18.0186
2026-03-09 00:50:00+00:00,0,normal,25.2026,7.4508,7.2724,10.8432,18.0066
2026-03-09 01:00:00+00:00,0,normal,25.1634,7.4559,7.3048,10.9765,17.9892
2026-03-09 01:10:00+00:00,0,normal,25.205,7.4672,7.2951,11.2007,17.9951
2026-03-09 01:20:00+00:00,0,normal,25.2066,7.4742,7.2352,11.2381,17.9803
2026-03-09 01:30:00+00:00,0,normal,25.2111,7.4833,7.1818,11.4412,17.9732
2026-03-09 01:40:00+00:00,0,normal,25.3363,7.488,7.129,11.5301,17.9695
2026-03-09 01:50:00+00:00,0,normal,25.4017,7.4941,7.0886,11.7435,17.9905
2026-03-09 02:00:00+00:00,0,normal,25.4066,7.5029,7.0477,11.838,17.9797
2026-03-09 02:10:00+00:00,0,normal,25.4466,7.5378,7.1442,11.6478,17.9862
2026-03-09 02:20:00+00:00,0,normal,25.4301,7.5606,7.1199,11.4456,17.9824
2026-03-09 02:30:00+00:00,0,normal,25.4903,7.5774,7.0907,11.3173,17.9799
2026-03-09 02:40:00+00:00,0,normal,25.5076,7.5909,7.1798,11.1757,17.9816
2026-03-09 02:50:00+00:00,0,normal,25.6028,7.6068,7.1554,10.8209,18.0007
2026-03-09 03:00:00+00:00,0,normal,25.6969,7.6021,7.0955,10.9088,18.002
2026-03-09 03:10:00+00:00,0,normal,25.8087,7.6029,7.0135,10.8487,17.9981
2026-03-09 03:20:00+00:00,0,normal,25.8114,7.6178,6.8949,11.0377,18.0091
2026-03-09 03:30:00+00:00,0,normal,25.8318,7.6423,6.7542,11.0748,17.9951
2026-03-09 03:40:00+00:00,0,normal,25.8515,7.6458,6.7613,11.2029,17.9835
2026-03-09 03:50:00+00:00,0,normal,25.9868,7.6657,6.6455,11.2123,17.982
2026-03-09 04:00:00+00:00,0,normal,26.0475,7.6553,6.6509,11.5239,17.9806
2026-03-09 04:10:00+00:00,0,normal,26.1231,7.6772,6.6154,11.407,17.9927
2026-03-09 04:20:00+00:00,0,normal,26.2544,7.6848,6.5619,11.3611,17.9949
2026-03-09 04:30:00+00:00,0,normal,26.3355,7.6901,6.4631,11.553,18.012
2026-03-09 04:40:00+00:00,0,normal,26.2365,7.6842,6.4644,11.3965,18.0151
2026-03-09 04:50:00+00:00,0,normal,26.2945,7.7203,6.3967,11.3507,18.0189
2026-03-09 05:00:00+00:00,0,normal,26.3624,7.7225,6.3981,11.4889,18.0052
2026-03-09 05:10:00+00:00,0,normal,26.3973,7.7235,6.3482,11.4364,18.0027
2026-03-09 05:20:00+00:00,0,normal,26.4248,7.7372,6.3412,11.3518,17.9832
2026-03-09 05:30:00+00:00,0,normal,26.5674,7.7707,6.2337,11.3737,17.9829
2026-03-09 05:40:00+00:00,0,normal,26.5423,7.764,6.2788,11.616,17.9749
2026-03-09 05:50:00+00:00,0,normal,26.5373,7.7921,6.268,11.4407,17.9665
2026-03-09 06:00:00+00:00,0,normal,26.6017,7.8063,6.2396,11.3299,17.975
2026-03-09 06:10:00+00:00,0,normal,26.5757,7.8186,6.2425,11.4114,17.9786
2026-03-09 06:20:00+00:00,0,normal,26.5709,7.7954,6.317,11.3899,17.9603
2026-03-09 06:30:00+00:00,0,normal,26.6868,7.8181,6.1873,11.2141,17.9728
2026-03-09 06:40:00+00:00,0,normal,26.8137,7.808,6.1095,11.2815,17.9871
2026-03-09 06:50:00+00:00,0,normal,26.8828,7.7832,6.0299,11.6275,17.9798
2026-03-09 07:00:00+00:00,0,normal,27.0205,7.7715,5.951,11.516,17.9575
2026-03-09 07:10:00+00:00,0,normal,27.1582,7.792,5.8365,11.6225,17.9568
2026-03-09 07:20:00+00:00,0,normal,27.1327,7.7821,5.8812,11.3066,17.9486
2026-03-09 07:30:00+00:00,0,normal,27.1629,7.7738,5.8801,11.1248,17.9548
2026-03-09 07:40:00+00:00,0,normal,27.1446,7.8015,5.9446,10.8042,17.9444
2026-03-09 07:50:00+00:00,0,normal,27.1897,7.8079,5.9444,10.7401,17.9613
2026-03-09 08:00:00+00:00,0,normal,27.1318,7.7967,5.9555,10.6573,17.9639
2026-03-09 08:10:00+00:00,0,normal,27.244,7.7963,5.9166,10.946,17.9759
2026-03-09 08:20:00+00:00,0,normal,27.2376,7.8034,5.8985,10.9134,17.9555
2026-03-09 08:30:00+00:00,0,normal,27.3291,7.7806,5.8087,11.0226,17.9455
2026-03-09 08:40:00+00:00,0,normal,27.3388,7.782,5.764,11.0076,17.9286
2026-03-09 08:50:00+00:00,0,normal,27.3605,7.7686,5.7539,10.9737,17.9221
2026-03-09 09:00:00+00:00,0,normal,27.3366,7.767,5.7789,10.7859,17.9035
2026-03-09 09:10:00+00:00,0,normal,27.3812,7.7674,5.7605,10.8499,17.8925
2026-03-09 09:20:00+00:00,0,normal,27.3573,7.7841,5.7657,10.925,17.8944
2026-03-09 09:30:00+00:00,0,normal,27.34,7.7766,5.7505,10.8337,17.9146
2026-03-09 09:40:00+00:00,0,normal,27.3251,7.7913,5.7864,10.8836,17.9127
2026-03-09 09:50:00+00:00,0,normal,27.3004,7.7859,5.7908,10.9914,17.9084
2026-03-09 10:00:00+00:00,0,normal,27.2349,7.7828,5.8005,10.9396,17.9073
2026-03-09 10:10:00+00:00,0,normal,27.2545,7.7699,5.8193,10.5712,17.9064
2026-03-09 10:20:00+00:00,0,normal,27.2173,7.7416,5.8877,10.6803,17.8898
2026-03-09 10:30:00+00:00,0,normal,27.2321,7.739,5.8419,10.4855,17.8702
2026-03-09 10:40:00+00:00,0,normal,27.2625,7.7312,5.7857,10.2443,17.8648
2026-03-09 10:50:00+00:00,0,normal,27.3459,7.7135,5.7513,10.0793,17.8587
2026-03-09 11:00:00+00:00,0,normal,27.242,7.705,5.7635,10.2317,17.8554
2026-03-09 11:10:00+00:00,0,normal,27.2712,7.7127,5.7626,10.0498,17.8423
2026-03-09 11:20:00+00:00,0,normal,27.2812,7.6979,5.75,10.0347,17.855
2026-03-09 11:30:00+00:00,0,normal,27.2432,7.6968,5.7679,10.2182,17.8509
2026-03-09 11:40:00+00:00,0,normal,27.2425,7.6941,5.8158,10.3365,17.844
2026-03-09 11:50:00+00:00,0,normal,27.2558,7.6778,5.7662,10.4159,17.8547
2026-03-09 12:00:00+00:00,0,normal,27.1621,7.6861,5.7649,10.4203,17.8425
2026-03-09 12:10:00+00:00,0,normal,27.1494,7.6669,5.7673,10.5504,17.8518
2026-03-09 12:20:00+00:00,0,normal,27.1008,7.6449,5.792,10.5764,17.8326
2026-03-09 12:30:00+00:00,0,normal,26.9597,7.6242,5.7619,10.4152,17.8298
2026-03-09 12:40:00+00:00,0,normal,26.9523,7.6226,5.8186,10.2401,17.8095
2026-03-09 12:50:00+00:00,0,normal,27.0371,7.6055,5.7796,10.4111,17.8044
2026-03-09 13:00:00+00:00,0,normal,26.9273,7.6106,5.8656,10.4025,17.7772
2026-03-09 13:10:00+00:00,0,normal,26.9939,7.6127,5.8709,10.2809,17.7806
2026-03-09 13:20:00+00:00,0,normal,26.9885,7.6048,5.8454,10.4049,17.7858
2026-03-09 13:30:00+00:00,0,normal,26.9572,7.5933,5.8761,10.5968,17.7786
2026-03-09 13:40:00+00:00,0,normal,26.8273,7.5867,5.9383,10.4703,17.7989
2026-03-09 13:50:00+00:00,0,normal,26.8311,7.5684,5.9363,10.4593,17.808
2026-03-09 14:00:00+00:00,0,normal,26.6976,7.5333,5.98,10.4611,17.8014
2026-03-09 14:10:00+00:00,0,normal,26.6283,7.5294,6.07,10.2756,17.7642
2026-03-09 14:20:00+00:00,0,normal,26.6798,7.5213,6.0117,10.1852,17.7447
2026-03-09 14:30:00+00:00,0,normal,26.6577,7.5104,6.0457,10.0874,17.7205
2026-03-09 14:40:00+00:00,0,normal,26.5892,7.4919,6.0591,9.9343,17.6967
2026-03-09 14:50:00+00:00,0,normal,26.5788,7.4822,6.0878,9.7358,17.6946
2026-03-09 15:00:00+00:00,0,normal,26.6468,7.4463,6.0655,9.737,17.7164
2026-03-09 15:10:00+00:00,0,normal,26.5339,7.4222,6.2019,9.4258,17.7234
2026-03-09 15:20:00+00:00,0,normal,26.4562,7.4082,6.242,9.3982,17.7191
2026-03-09 15:30:00+00:00,0,normal,26.4288,7.4137,6.3003,9.485,17.7467
2026-03-09 15:40:00+00:00,0,normal,26.2729,7.4168,6.3649,9.7907,17.7451
2026-03-09 15:50:00+00:00,0,normal,26.1864,7.4155,6.4355,9.9645,17.738
2026-03-09 16:00:00+00:00,0,normal,26.0332,7.4015,6.4905,10.2409,17.728
2026-03-09 16:10:00+00:00,0,normal,25.9936,7.3996,6.5625,10.4943,17.7268
2026-03-09 16:20:00+00:00,0,normal,25.9318,7.3658,6.5558,10.2295,17.7014
2026-03-09 16:30:00+00:00,0,normal,25.9616,7.3765,6.5438,10.1579,17.7137
2026-03-09 16:40:00+00:00,0,normal,25.866,7.3914,6.6493,10.189,17.7169
2026-03-09 16:50:00+00:00,0,normal,25.9262,7.4143,6.6701,10.2558,17.7356
2026-03-09 17:00:00+00:00,0,normal,25.9281,7.3995,6.6892,9.9226,17.7346
2026-03-09 17:10:00+00:00,0,normal,25.8989,7.401,6.7647,10.1793,17.7474
2026-03-09 17:20:00+00:00,0,normal,25.7867,7.3743,6.8097,10.041,17.7196
2026-03-09 17:30:00+00:00,0,normal,25.806,7.3615,6.7463,9.8728,17.7143
2026-03-09 17:40:00+00:00,0,normal,25.672,7.3251,6.7869,10.0458,17.6914
2026-03-09 17:50:00+00:00,0,normal,25.659,7.3068,6.7889,10.1912,17.6834
2026-03-09 18:00:00+00:00,0,normal,25.66,7.3034,6.7966,10.3674,17.6706
2026-03-09 18:10:00+00:00,0,normal,25.6753,7.2905,6.8356,10.5594,17.6691
2026-03-09 18:20:00+00:00,0,normal,25.6049,7.2868,6.9303,10.5555,17.6521
2026-03-09 18:30:00+00:00,0,normal,25.4778,7.278,7.0132,10.257,17.6672
2026-03-09 18:40:00+00:00,0,normal,25.3646,7.2808,7.0406,10.3405,17.6547
2026-03-09 18:50:00+00:00,0,normal,25.2892,7.2865,7.0649,10.2974,17.6683
2026-03-09 19:00:00+00:00,0,normal,25.2633,7.3021,7.1309,10.2723,17.6685
2026-03-09 19:10:00+00:00,0,normal,25.1431,7.2857,7.22,10.6405,17.6858
2026-03-09 19:20:00+00:00,0,normal,25.206,7.2971,7.1689,10.8161,17.6818
2026-03-09 19:30:00+00:00,0,normal,25.086,7.2809,7.2376,10.9001,17.6863
2026-03-09 19:40:00+00:00,0,normal,25.0273,7.2784,7.3298,10.9821,17.6747
2026-03-09 19:50:00+00:00,0,normal,24.8942,7.2722,7.3358,11.1142,17.6832
2026-03-09 20:00:00+00:00,0,normal,24.9487,7.2572,7.3,10.873,17.6836
2026-03-09 20:10:00+00:00,0,normal,24.9737,7.2722,7.3224,10.6199,17.6888
2026-03-09 20:20:00+00:00,0,normal,25.0219,7.2793,7.2844,10.5022,17.7061
2026-03-09 20:30:00+00:00,0,normal,25.0018,7.2766,7.3388,10.2663,17.6943
2026-03-09 20:40:00+00:00,0,normal,25.04,7.2705,7.3558,10.0315,17.6918
2026-03-09 20:50:00+00:00,0,normal,24.9884,7.2872,7.3933,10.1336,17.6791
2026-03-09 21:00:00+00:00,0,normal,24.8872,7.2678,7.4226,10.2693,17.6635
2026-03-09 21:10:00+00:00,0,normal,24.9116,7.2702,7.5075,10.4305,17.6612
2026-03-09 21:20:00+00:00,0,normal,24.8209,7.2692,7.5616,10.6384,17.6751
2026-03-09 21:30:00+00:00,0,normal,24.7523,7.2671,7.5625,10.8103,17.6824
2026-03-09 21:40:00+00:00,0,normal,24.7311,7.2597,7.556,10.6839,17.6933
2026-03-09 21:50:00+00:00,0,normal,24.759,7.2589,7.6268,10.6722,17.7035
2026-03-09 22:00:00+00:00,0,normal,24.743,7.261,7.5741,10.4148,17.6961
2026-03-09 22:10:00+00:00,0,normal,24.7776,7.2593,7.5129,10.4678,17.7039
2026-03-09 22:20:00+00:00,0,normal,24.9127,7.2793,7.4484,10.6631,17.7059
2026-03-09 22:30:00+00:00,0,normal,24.9266,7.2919,7.4248,10.8459,17.7044
2026-03-09 22:40:00+00:00,0,normal,24.9487,7.318,7.384,10.9956,17.7119
2026-03-09 22:50:00+00:00,0,normal,24.9545,7.336,7.3789,11.1709,17.7128
2026-03-09 23:00:00+00:00,0,normal,25.0248,7.3491,7.3228,11.108,17.7032
2026-03-09 23:10:00+00:00,0,normal,24.9908,7.3509,7.3439,11.06,17.7067
2026-03-09 23:20:00+00:00,0,normal,25.0164,7.3791,7.3778,11.0732,17.6974
2026-03-09 23:30:00+00:00,0,normal,25.0522,7.3679,7.3075,11.1366,17.7088
2026-03-09 23:40:00+00:00,0,normal,24.9994,7.3896,7.3982,11.3604,17.7097
2026-03-09 23:50:00+00:00,0,normal,24.9211,7.4055,7.4215,11.527,17.7061
2026-03-10 00:00:00+00:00,0,normal,24.922,7.414,7.4921,11.4117,18.2498
2026-03-10 00:10:00+00:00,0,normal,24.9255,7.4212,7.4884,11.4341,18.2691
2026-03-10 00:20:00+00:00,0,normal,24.9484,7.4408,7.4849,11.3416,18.2581
2026-03-10 00:30:00+00:00,0,normal,25.0454,7.4425,7.3676,11.2731,18.2785
2026-03-10 00:40:00+00:00,0,normal,25.1632,7.4442,7.3151,11.1256,18.2835
2026-03-10 00:50:00+00:00,0,normal,25.1555,7.4621,7.2744,11.179,18.2878
2026-03-10 01:00:00+00:00,0,normal,25.1985,7.4567,7.1839,11.2993,18.2688
2026-03-10 01:10:00+00:00,0,normal,25.1674,7.4672,7.2396,11.1733,18.2531
2026-03-10 01:20:00+00:00,0,normal,25.2203,7.4829,7.2038,10.9303,18.2402
2026-03-10 01:30:00+00:00,0,normal,25.1732,7.5045,7.2281,10.9863,18.2453
2026-03-10 01:40:00+00:00,0,normal,25.2735,7.503,7.2177,11.036,18.2432
2026-03-10 01:50:00+00:00,0,normal,25.2654,7.5253,7.2719,10.9672,18.263
2026-03-10 02:00:00+00:00,0,normal,25.3456,7.5305,7.1881,11.0324,18.2733
2026-03-10 02:10:00+00:00,0,normal,25.411,7.5178,7.203,11.3477,18.2731
2026-03-10 02:20:00+00:00,0,normal,25.5351,7.5173,7.16,11.5737,18.2924
2026-03-10 02:30:00+00:00,0,normal,25.5127,7.5404,7.1043,11.4147,18.2914
2026-03-10 02:40:00+00:00,0,normal,25.5918,7.5467,7.0215,11.3126,18.2966
2026-03-10 02:50:00+00:00,0,normal,25.6029,7.5604,7.0562,11.4569,18.2861
2026-03-10 03:00:00+00:00,0,normal,25.5619,7.5872,7.0542,11.3513,18.2899
2026-03-10 03:10:00+00:00,0,normal,25.6109,7.6054,6.9495,11.28,18.2627
2026-03-10 03:20:00+00:00,0,normal,25.7439,7.6187,6.8657,11.412,18.2833
2026-03-10 03:30:00+00:00,0,normal,25.8381,7.6175,6.8477,11.4639,18.2695
2026-03-10 03:40:00+00:00,0,normal,25.9684,7.6361,6.7045,11.3994,18.2811
2026-03-10 03:50:00+00:00,0,normal,26.0839,7.6506,6.6383,11.2473,18.2726
2026-03-10 04:00:00+00:00,0,normal,26.1249,7.6479,6.7154,11.2667,18.2706
2026-03-10 04:10:00+00:00,0,normal,26.1214,7.6372,6.7469,11.3046,18.2519
2026-03-10 04:20:00+00:00,0,normal,26.1449,7.6569,6.6698,11.3257,18.2598
2026-03-10 04:30:00+00:00,0,normal,26.1309,7.6642,6.7049,11.4005,18.2691
2026-03-10 04:40:00+00:00,0,normal,26.1559,7.6711,6.6861,11.5536,18.2706
2026-03-10 04:50:00+00:00,0,normal,26.2237,7.6882,6.5813,11.2046,18.2724
2026-03-10 05:00:00+00:00,0,normal,26.3124,7.7057,6.5292,10.9741,18.2838
2026-03-10 05:10:00+00:00,0,normal,26.4924,7.7202,6.4356,10.9554,18.2938
2026-03-10 05:20:00+00:00,0,normal,26.5448,7.7308,6.3678,10.9119,18.2823
2026-03-10 05:30:00+00:00,0,normal,26.6233,7.7508,6.3128,10.9143,18.2903
2026-03-10 05:40:00+00:00,0,normal,26.6206,7.7404,6.2734,11.2861,18.3091
2026-03-10 05:50:00+00:00,0,normal,26.6618,7.7577,6.1416,11.4008,18.3197
2026-03-10 06:00:00+00:00,0,normal,26.5888,7.7606,6.1764,11.3283,18.3073
2026-03-10 06:10:00+00:00,0,normal,26.7165,7.7726,6.1365,11.3465,18.3129
2026-03-10 06:20:00+00:00,0,normal,26.7525,7.777,6.1106,11.1814,18.3077
2026-03-10 06:30:00+00:00,0,normal,26.8433,7.7975,6.1303,10.998,18.2771
2026-03-10 06:40:00+00:00,0,normal,26.8868,7.8049,6.182,10.9352,18.2539
2026-03-10 06:50:00+00:00,0,normal,26.8925,7.7968,6.1968,11.0285,18.2599
2026-03-10 07:00:00+00:00,0,normal,26.8807,7.7942,6.1827,10.9866,18.2436
2026-03-10 07:10:00+00:00,0,normal,26.9237,7.7846,6.1275,11.1078,18.2228
2026-03-10 07:20:00+00:00,0,normal,26.9721,7.7949,6.034,11.1419,18.2385
2026-03-10 07:30:00+00:00,0,normal,27.0448,7.7814,5.998,11.2841,18.2164
2026-03-10 07:40:00+00:00,0,normal,27.1221,7.8004,5.9061,11.464,18.1866
2026-03-10 07:50:00+00:00,0,normal,27.17,7.8153,5.9321,11.5405,18.1752
2026-03-10 08:00:00+00:00,0,normal,27.1533,7.807,5.8409,11.5089,18.1702
2026-03-10 08:10:00+00:00,0,normal,27.1996,7.8092,5.8333,11.3497,18.1707
2026-03-10 08:20:00+00:00,0,normal,27.1819,7.8231,5.8291,11.2858,18.1839
2026-03-10 08:30:00+00:00,0,normal,27.2426,7.8173,5.8268,11.2012,18.2126
2026-03-10 08:40:00+00:00,0,normal,27.3223,7.8166,5.6797,11.1968,18.2298
2026-03-10 08:50:00+00:00,0,normal,27.3985,7.8223,5.6589,11.1229,18.2622
2026-03-10 09:00:00+00:00,0,normal,27.3611,7.8143,5.6691,11.2194,18.2426
2026-03-10 09:10:00+00:00,0,normal,27.4021,7.7959,5.6754,11.1825,18.2402
2026-03-10 09:20:00+00:00,0,normal,27.402,7.7955,5.6636,11.1137,18.2056
2026-03-10 09:30:00+00:00,0,normal,27.3552,7.7764,5.7423,11.029,18.1919
2026-03-10 09:40:00+00:00,0,normal,27.3513,7.7809,5.7773,11.1127,18.1815
2026-03-10 09:50:00+00:00,0,normal,27.4156,7.7741,5.7337,10.909,18.1822
2026-03-10 10:00:00+00:00,0,normal,27.439,7.7725,5.7147,10.9478,18.1719
2026-03-10 10:10:00+00:00,0,normal,27.4165,7.7684,5.7039,10.6554,18.1782
2026-03-10 10:20:00+00:00,0,normal,27.3685,7.7723,5.7348,10.6081,18.1769
2026-03-10 10:30:00+00:00,0,normal,27.403,7.7674,5.6786,10.4946,18.1602
2026-03-10 10:40:00+00:00,0,normal,27.3505,7.7802,5.6704,10.5337,18.1674
2026-03-10 10:50:00+00:00,0,normal,27.3333,7.7833,5.6551,10.487,18.1578
2026-03-10 11:00:00+00:00,0,normal,27.3419,7.7768,5.7213,10.6162,18.1509
2026-03-10 11:10:00+00:00,0,normal,27.3218,7.7617,5.6929,10.3198,18.1452
2026-03-10 11:20:00+00:00,0,normal,27.2944,7.7601,5.7252,10.3358,18.1304
2026-03-10 11:30:00+00:00,0,normal,27.3243,7.7479,5.7924,10.3375,18.1091
2026-03-10 11:40:00+00:00,0,normal,27.3211,7.7246,5.7741,10.3896,18.1171
2026-03-10 11:50:00+00:00,0,normal,27.2992,7.7175,5.747,10.2315,18.1061
2026-03-10 12:00:00+00:00,0,normal,27.2732,7.7037,5.7508,10.6844,18.1248
2026-03-10 12:10:00+00:00,0,normal,27.2913,7.6805,5.7838,10.7796,18.1423
2026-03-10 12:20:00+00:00,0,normal,27.2606,7.6428,5.7241,10.7714,18.1425
2026-03-10 12:30:00+00:00,0,normal,27.1653,7.6248,5.8491,10.5673,18.1354
2026-03-10 12:40:00+00:00,0,normal,27.1017,7.6018,5.9008,10.6147,18.1444
2026-03-10 12:50:00+00:00,0,normal,27.1484,7.5792,5.9527,10.4206,18.1191
2026-03-10 13:00:00+00:00,0,normal,27.0921,7.5655,5.9555,10.222,18.0999
2026-03-10 13:10:00+00:00,0,normal,27.0233,7.575,5.954,10.2227,18.1179
2026-03-10 13:20:00+00:00,0,normal,27.0582,7.5758,5.8642,10.133,18.101
2026-03-10 13:30:00+00:00,0,normal,26.9822,7.5664,5.95,10.2661,18.0854
2026-03-10 13:40:00+00:00,0,normal,26.895,7.556,5.9321,10.235,18.0759
2026-03-10 13:50:00+00:00,0,normal,26.7534,7.5451,6.0655,10.2564,18.0758
2026-03-10 14:00:00+00:00,0,normal,26.6945,7.5308,6.1281,10.2298,18.0642
2026-03-10 14:10:00+00:00,0,normal,26.6735,7.5126,6.131,10.261,18.0658
2026-03-10 14:20:00+00:00,0,normal,26.7655,7.5003,6.0164,10.206,18.0696
2026-03-10 14:30:00+00:00,0,normal,26.7636,7.4891,6.1064,10.0391,18.0677
2026-03-10 14:40:00+00:00,0,normal,26.7661,7.4819,6.1184,10.1806,18.0565
2026-03-10 14:50:00+00:00,0,normal,26.7407,7.4684,6.1093,10.218,18.0451
2026-03-10 15:00:00+00:00,0,normal,26.6529,7.4674,6.21,10.2376,18.0445
2026-03-10 15:10:00+00:00,0,normal,26.4712,7.4551,6.2721,10.2615,18.0439
2026-03-10 15:20:00+00:00,0,normal,26.3902,7.4567,6.2331,10.4371,18.0336
2026-03-10 15:30:00+00:00,0,normal,26.4123,7.4479,6.2174,10.2186,18.0254
2026-03-10 15:40:00+00:00,0,normal,26.3297,7.4296,6.3795,10.3402,18.0071
2026-03-10 15:50:00+00:00,0,normal,26.2325,7.4114,6.46,10.1128,18.0021
2026-03-10 16:00:00+00:00,0,normal,26.2357,7.4044,6.52,10.1669,17.9995
2026-03-10 16:10:00+00:00,0,normal,26.2129,7.3911,6.5776,10.1062,18.0175
2026-03-10 16:20:00+00:00,0,normal,26.0851,7.3929,6.6776,10.3312,18.0204
2026-03-10 16:30:00+00:00,0,normal,26.072,7.3863,6.603,10.3479,18.037
2026-03-10 16:40:00+00:00,0,normal,26.0675,7.3877,6.6351,10.5785,18.0368
2026-03-10 16:50:00+00:00,0,normal,26.0846,7.3869,6.6079,10.421,18.0177
2026-03-10 17:00:00+00:00,0,normal,26.0172,7.3918,6.651,10.4787,17.997
2026-03-10 17:10:00+00:00,0,normal,25.986,7.3587,6.6212,10.2512,17.9996
2026-03-10 17:20:00+00:00,0,normal,25.9866,7.3688,6.6491,10.0634,17.9878
2026-03-10 17:30:00+00:00,0,normal,25.8941,7.3552,6.6628,10.0728,17.9754
2026-03-10 17:40:00+00:00,0,normal,25.7257,7.3604,6.7861,9.9933,17.976
2026-03-10 17:50:00+00:00,0,normal,25.6901,7.345,6.8054,9.9172,17.9697
2026-03-10 18:00:00+00:00,0,normal,25.6821,7.3369,6.8346,10.1358,17.9591
2026-03-10 18:10:00+00:00,0,normal,25.593,7.3151,6.9758,10.2591,17.9523
2026-03-10 18:20:00+00:00,0,normal,25.5633,7.3238,7.059,10.2983,17.972
2026-03-10 18:30:00+00:00,0,normal,25.5141,7.2968,7.1281,10.4494,17.9699
2026-03-10 18:40:00+00:00,0,normal,25.4597,7.2879,7.1792,10.4821,17.9567
2026-03-10 18:50:00+00:00,0,normal,25.4234,7.3017,7.1619,10.2209,17.942
2026-03-10 19:00:00+00:00,0,normal,25.3256,7.294,7.1914,10.0503,17.9455
2026-03-10 19:10:00+00:00,0,normal,25.2815,7.2767,7.1759,10.1923,17.9226
2026-03-10 19:20:00+00:00,0,normal,25.2825,7.2668,7.1726,10.3348,17.9281
2026-03-10 19:30:00+00:00,0,normal,25.2241,7.2797,7.1663,10.2922,17.9358
2026-03-10 19:40:00+00:00,0,normal,25.1551,7.259,7.2895,10.628,17.9493
2026-03-10 19:50:00+00:00,0,normal,25.1837,7.2656,7.3177,10.6274,17.9387
2026-03-10 20:00:00+00:00,0,normal,25.1784,7.2725,7.2783,10.4853,17.9372
2026-03-10 20:10:00+00:00,0,normal,25.1294,7.2798,7.3087,10.3613,17.9458
2026-03-10 20:20:00+00:00,0,normal,25.0695,7.2518,7.3569,10.4469,17.964
2026-03-10 20:30:00+00:00,0,normal,25.0464,7.2549,7.3466,10.2694,17.9712
2026-03-10 20:40:00+00:00,0,normal,24.9908,7.2579,7.301,10.4375,17.9928
2026-03-10 20:50:00+00:00,0,normal,25.0221,7.2511,7.3155,10.6024,17.9875
2026-03-10 21:00:00+00:00,0,normal,25.108,7.2403,7.2512,10.4784,17.975
2026-03-10 21:10:00+00:00,0,normal,25.2242,7.2647,7.2445,10.5455,17.9607
2026-03-10 21:20:00+00:00,0,normal,25.1684,7.2672,7.309,10.7512,17.962
2026-03-10 21:30:00+00:00,0,normal,25.1969,7.2742,7.3715,10.7155,17.9331
2026-03-10 21:40:00+00:00,0,normal,25.1543,7.2822,7.3873,10.5937,17.9519
2026-03-10 21:50:00+00:00,0,normal,25.1083,7.3015,7.4362,10.6839,17.9418
2026-03-10 22:00:00+00:00,0,normal,25.0207,7.2998,7.4327,10.9141,17.9527
2026-03-10 22:10:00+00:00,0,normal,25.0999,7.3073,7.3683,10.9962,17.9579
2026-03-10 22:20:00+00:00,0,normal,25.0811,7.2995,7.3428,11.0331,17.9602
2026-03-10 22:30:00+00:00,0,normal,25.0584,7.3044,7.3473,11.247,17.9522
2026-03-10 22:40:00+00:00,0,normal,24.9821,7.2995,7.3908,11.3065,17.9773
2026-03-10 22:50:00+00:00,0,normal,25.0269,7.3148,7.4019,11.093,17.9845
2026-03-10 23:00:00+00:00,0,normal,24.9826,7.3275,7.4315,10.8356,17.9627
2026-03-10 23:10:00+00:00,0,normal,25.0127,7.3311,7.4556,10.6885,17.9777
2026-03-10 23:20:00+00:00,0,normal,25.0323,7.3373,7.462,10.5177,17.9884
2026-03-10 23:30:00+00:00,0,normal,25.1123,7.3607,7.4334,10.5514,17.9792
2026-03-10 23:40:00+00:00,0,normal,25.1077,7.3584,7.4849,10.6376,17.9811
2026-03-10 23:50:00+00:00,0,normal,25.1679,7.3764,7.494,10.848,17.9906
2026-03-11 00:00:00+00:00,0,normal,25.1686,7.4034,7.4454,11.0586,17.9851
2026-03-11 00:10:00+00:00,0,normal,25.1345,7.4373,7.44,11.0342,17.9748
2026-03-11 00:20:00+00:00,0,normal,25.1774,7.4579,7.366,11.0288,17.9787
2026-03-11 00:30:00+00:00,0,normal,25.1808,7.4566,7.2626,11.1766,17.9649
2026-03-11 00:40:00+00:00,0,normal,25.1376,7.4569,7.2547,11.1928,17.9792
2026-03-11 00:50:00+00:00,0,normal,25.1427,7.459,7.2762,11.3812,17.9813
2026-03-11 01:00:00+00:00,0,normal,25.2418,7.4569,7.2587,11.7035,17.9873
2026-03-11 01:10:00+00:00,0,normal,25.2562,7.4484,7.2235,11.7205,17.9888
2026-03-11 01:20:00+00:00,0,normal,25.2486,7.4676,7.2583,11.6519,17.9856
2026-03-11 01:30:00+00:00,0,normal,25.3242,7.473,7.2374,11.499,17.9887
2026-03-11 01:40:00+00:00,0,normal,25.4463,7.4857,7.1679,11.4708,17.9998
2026-03-11 01:50:00+00:00,0,normal,25.4645,7.4859,7.1714,11.3801,18.0088
2026-03-11 02:00:00+00:00,0,normal,25.5081,7.5032,7.2913,11.2328,17.999
2026-03-11 02:10:00+00:00,0,normal,25.6698,7.5149,7.2287,11.199,18.0215
2026-03-11 02:20:00+00:00,0,normal,25.7608,7.5489,7.0628,11.2151,17.9967
2026-03-11 02:30:00+00:00,0,normal,25.8052,7.5702,6.9764,11.0742,17.9981
2026-03-11 02:40:00+00:00,0,normal,25.7723,7.5698,6.9645,10.9198,17.9943
2026-03-11 02:50:00+00:00,0,normal,25.8923,7.588,6.792,11.2604,18.0102
2026-03-11 03:00:00+00:00,0,normal,25.9302,7.5954,6.7462,11.1482,17.995
2026-03-11 03:10:00+00:00,0,normal,26.0434,7.6131,6.7455,11.108,18.0129
2026-03-11 03:20:00+00:00,0,normal,26.0323,7.6315,6.7476,11.0618,18.0129
2026-03-11 03:30:00+00:00,0,normal,26.123,7.657,6.6947,11.115,18.012
2026-03-11 03:40:00+00:00,0,normal,26.1157,7.657,6.7284,11.0634,18.0081
2026-03-11 03:50:00+00:00,0,normal,26.1381,7.6742,6.7652,11.2723,18.0123
2026-03-11 04:00:00+00:00,0,normal,26.1284,7.6654,6.815,11.4706,18.0312
2026-03-11 04:10:00+00:00,0,normal,26.2508,7.6635,6.739,11.6237,18.0103
2026-03-11 04:20:00+00:00,0,normal,26.3667,7.6894,6.6586,11.7275,18.0216
2026-03-11 04:30:00+00:00,0,normal,26.4132,7.715,6.5679,11.7702,18.0232
2026-03-11 04:40:00+00:00,0,normal,26.4972,7.7406,6.4781,11.7493,18.0233
2026-03-11 04:50:00+00:00,0,normal,26.5195,7.7537,6.396,11.9642,17.9913
2026-03-11 05:00:00+00:00,0,normal,26.5231,7.7505,6.4028,11.9829,18.0151
2026-03-11 05:10:00+00:00,0,normal,26.6177,7.7417,6.3917,11.9271,17.9922
2026-03-11 05:20:00+00:00,0,normal,26.7253,7.7444,6.3406,11.7788,18.0001
2026-03-11 05:30:00+00:00,0,normal,26.7983,7.7336,6.2772,11.691,17.9909
2026-03-11 05:40:00+00:00,0,normal,26.8535,7.7422,6.253,11.5333,18.0141
2026-03-11 05:50:00+00:00,0,normal,26.8399,7.7635,6.2735,11.3011,17.9956
2026-03-11 06:00:00+00:00,0,normal,26.8473,7.7796,6.2308,11.397,17.9956
2026-03-11 06:10:00+00:00,0,normal,26.8238,7.786,6.2738,11.3892,17.9795
2026-03-11 06:20:00+00:00,0,normal,26.828,7.7834,6.2125,11.3168,17.9755
2026-03-11 06:30:00+00:00,0,normal,26.8566,7.7968,6.1825,11.2335,17.9578
2026-03-11 06:40:00+00:00,0,normal,26.9782,7.7839,6.0879,11.295,17.9769
2026-03-11 06:50:00+00:00,0,normal,26.99,7.7801,6.0375,11.1916,17.9777
2026-03-11 07:00:00+00:00,0,normal,27.0135,7.7839,5.9881,11.0957,17.9774
2026-03-11 07:10:00+00:00,0,normal,27.103,7.8095,6.0166,11.2006,17.9955
2026-03-11 07:20:00+00:00,0,normal,27.1313,7.7881,5.9616,11.1471,17.9968
2026-03-11 07:30:00+00:00,0,normal,27.1695,7.7945,5.9891,11.1863,17.9886
2026-03-11 07:40:00+00:00,0,normal,27.2768,7.8037,5.8917,11.147,17.9952
2026-03-11 07:50:00+00:00,0,normal,27.3895,7.8078,5.823,11.2519,17.9992
2026-03-11 08:00:00+00:00,0,normal,27.4059,7.7944,5.7345,11.1839,17.9807
2026-03-11 08:10:00+00:00,0,normal,27.4814,7.8119,5.6875,11.1188,17.98
2026-03-11 08:20:00+00:00,0,normal,27.5352,7.809,5.6006,11.0659,17.9823
2026-03-11 08:30:00+00:00,0,normal,27.5759,7.8119,5.6052,10.8195,17.9704
2026-03-11 08:40:00+00:00,0,normal,27.5817,7.797,5.4829,10.9497,17.961
2026-03-11 08:50:00+00:00,0,normal,27.5083,7.801,5.5561,10.7507,17.9513
2026-03-11 09:00:00+00:00,0,normal,27.4974,7.7927,5.5985,10.9283,17.9511
2026-03-11 09:10:00+00:00,0,normal,27.5132,7.8138,5.5766,10.9104,17.9154
2026-03-11 09:20:00+00:00,0,normal,27.4557,7.8033,5.6012,11.2154,17.9111
2026-03-11 09:30:00+00:00,0,normal,27.5109,7.804,5.649,11.1563,17.9118
2026-03-11 09:40:00+00:00,0,normal,27.5846,7.8053,5.535,11.3663,17.9118
2026-03-11 09:50:00+00:00,0,normal,27.6142,7.8216,5.433,11.1698,17.8815
2026-03-11 10:00:00+00:00,0,normal,27.6347,7.8132,5.4499,11.0411,17.8847
2026-03-11 10:10:00+00:00,0,normal,27.6534,7.8055,5.479,10.8631,17.8762
2026-03-11 10:20:00+00:00,0,normal,27.6018,7.7945,5.5304,10.6899,17.8763
2026-03-11 10:30:00+00:00,0,normal,27.6345,7.7808,5.5796,10.5489,17.8797
2026-03-11 10:40:00+00:00,0,normal,27.574,7.7577,5.6885,10.385,17.8987
2026-03-11 10:50:00+00:00,0,normal,27.5165,7.733,5.7107,10.4613,17.8893
2026-03-11 11:00:00+00:00,0,normal,27.5438,7.7275,5.6381,10.1364,17.8902
2026-03-11 11:10:00+00:00,0,normal,27.5284,7.7395,5.633,10.1147,17.8847
2026-03-11 11:20:00+00:00,0,normal,27.5352,7.7388,5.6088,10.1169,17.8803
2026-03-11 11:30:00+00:00,0,normal,27.5154,7.7138,5.5849,10.1434,17.8624
2026-03-11 11:40:00+00:00,0,normal,27.4466,7.7295,5.6319,10.123,17.8751
2026-03-11 11:50:00+00:00,0,normal,27.4241,7.7357,5.7202,10.4406,17.8581
2026-03-11 12:00:00+00:00,0,normal,27.4303,7.7188,5.6382,10.5637,17.831
2026-03-11 12:10:00+00:00,0,normal,27.3457,7.7158,5.6821,10.6451,17.8006
2026-03-11 12:20:00+00:00,0,normal,27.3901,7.7162,5.6652,10.7444,17.7988
2026-03-11 12:30:00+00:00,0,normal,27.4489,7.6969,5.6438,10.7512,17.792
2026-03-11 12:40:00+00:00,0,normal,27.3612,7.6635,5.5929,10.7534,17.7895
2026-03-11 12:50:00+00:00,0,normal,27.2719,7.633,5.6195,10.8215,17.7911
2026-03-11 13:00:00+00:00,0,normal,27.2511,7.6343,5.6702,10.743,17.7952
2026-03-11 13:10:00+00:00,0,normal,27.233,7.6136,5.7264,10.721,17.7856
2026-03-11 13:20:00+00:00,0,normal,27.1262,7.5948,5.6891,10.826,17.7653
2026-03-11 13:30:00+00:00,0,normal,27.1088,7.5908,5.748,10.7768,17.7799
2026-03-11 13:40:00+00:00,0,normal,27.0843,7.5968,5.9128,10.4703,17.7694
2026-03-11 13:50:00+00:00,0,normal,27.0499,7.5613,5.8772,10.4518,17.7697
2026-03-11 14:00:00+00:00,0,normal,26.973,7.5599,5.8949,10.429,17.7653
2026-03-11 14:10:00+00:00,0,normal,26.9501,7.5478,5.9892,10.2749,17.7727
2026-03-11 14:20:00+00:00,0,normal,26.9556,7.5404,5.9558,10.3183,17.7791
2026-03-11 14:30:00+00:00,0,normal,26.8974,7.5235,5.9268,10.2026,17.8057
2026-03-11 14:40:00+00:00,0,normal,26.8232,7.5108,5.953,10.0834,17.8013
2026-03-11 14:50:00+00:00,0,normal,26.7166,7.4851,6.0056,9.9598,17.8053
2026-03-11 15:00:00+00:00,0,normal,26.6602,7.4902,6.0024,9.8913,17.8067
2026-03-11 15:10:00+00:00,0,normal,26.5827,7.478,6.1031,9.8083,17.7913
2026-03-11 15:20:00+00:00,0,normal,26.5619,7.4703,6.1642,9.9024,17.7677
2026-03-11 15:30:00+00:00,0,normal,26.5417,7.4558,6.2854,10.1421,17.7756
2026-03-11 15:40:00+00:00,0,normal,26.566,7.4516,6.3677,10.2853,17.7716
2026-03-11 15:50:00+00:00,0,normal,26.6138,7.4356,6.3916,10.281,17.7534
2026-03-11 16:00:00+00:00,0,normal,26.515,7.4166,6.4343,10.1054,17.7483
2026-03-11 16:10:00+00:00,0,normal,26.3917,7.4066,6.473,10.1413,17.7402
2026-03-11 16:20:00+00:00,0,normal,26.2789,7.3872,6.4641,9.9215,17.7299
2026-03-11 16:30:00+00:00,0,normal,26.1803,7.3982,6.4637,9.804,17.7106
2026-03-11 16:40:00+00:00,0,normal,26.0169,7.3837,6.5311,10.1742,17.7062
2026-03-11 16:50:00+00:00,0,normal,25.9943,7.3769,6.5829,10.1878,17.6898
2026-03-11 17:00:00+00:00,0,normal,26.0452,7.372,6.5565,10.2627,17.6905
2026-03-11 17:10:00+00:00,0,normal,26.0864,7.3872,6.5683,10.2909,17.7009
2026-03-11 17:20:00+00:00,0,normal,26.0785,7.3555,6.5863,10.3405,17.7175
2026-03-11 17:30:00+00:00,0,normal,26.14,7.3605,6.5846,9.8557,17.7203
2026-03-11 17:40:00+00:00,0,normal,26.0738,7.3576,6.5517,10.0421,17.7126
2026-03-11 17:50:00+00:00,0,normal,25.9209,7.3351,6.6661,10.0664,17.717
2026-03-11 18:00:00+00:00,0,normal,25.8554,7.3113,6.7,10.1698,17.7017
2026-03-11 18:10:00+00:00,0,normal,25.7241,7.3222,6.7988,10.2623,17.664
2026-03-11 18:20:00+00:00,0,normal,25.574,7.2983,6.9171,10.6225,17.6734
2026-03-11 18:30:00+00:00,0,normal,25.561,7.2949,6.9254,10.4159,17.6841
2026-03-11 18:40:00+00:00,0,normal,25.5729,7.2997,6.9599,10.3847,17.6521
2026-03-11 18:50:00+00:00,0,normal,25.4864,7.2943,7.0513,10.5976,17.6536
2026-03-11 19:00:00+00:00,0,normal,25.4698,7.2876,6.9868,10.6772,17.6821
2026-03-11 19:10:00+00:00,0,normal,25.4579,7.2822,7.0023,10.4003,17.66
2026-03-11 19:20:00+00:00,0,normal,25.4384,7.276,7.056,10.6527,17.6742
2026-03-11 19:30:00+00:00,0,normal,25.4075,7.2954,7.0934,10.5817,17.6968
2026-03-11 19:40:00+00:00,0,normal,25.3511,7.3095,7.0981,10.2777,17.6863
2026-03-11 19:50:00+00:00,0,normal,25.3171,7.3121,7.1241,10.4007,17.6781
2026-03-11 20:00:00+00:00,0,normal,25.2587,7.3365,7.2017,10.6862,17.688
2026-03-11 20:10:00+00:00,0,normal,25.2091,7.339,7.2267,10.5301,17.6681
2026-03-11 20:20:00+00:00,0,normal,25.1951,7.3198,7.1808,10.5824,17.6694
2026-03-11 20:30:00+00:00,0,normal,25.1727,7.307,7.2019,10.6517,17.6717
2026-03-11 20:40:00+00:00,0,normal,25.1167,7.2944,7.2708,10.4248,17.6753
2026-03-11 20:50:00+00:00,0,normal,25.1418,7.2557,7.2224,10.3764,17.6789
2026-03-11 21:00:00+00:00,0,normal,25.0785,7.2596,7.311,10.4813,17.6769
2026-03-11 21:10:00+00:00,0,normal,25.0763,7.2509,7.3775,10.5483,17.6712
2026-03-11 21:20:00+00:00,0,normal,25.0655,7.2687,7.4208,10.4852,17.6865
2026-03-11 21:30:00+00:00,0,normal,25.0995,7.2787,7.3727,10.4975,17.6867
2026-03-11 21:40:00+00:00,0,normal,25.0822,7.3023,7.3817,10.5642,17.6846
2026-03-11 21:50:00+00:00,0,normal,25.194,7.3057,7.3411,10.7059,17.6822
2026-03-11 22:00:00+00:00,0,normal,25.1932,7.3351,7.2939,10.6931,17.6938
2026-03-11 22:10:00+00:00,0,normal,25.2248,7.3454,7.3379,10.9281,17.6669
2026-03-11 22:20:00+00:00,0,normal,25.275,7.3543,7.3911,11.1095,17.6645
2026-03-11 22:30:00+00:00,0,normal,25.2106,7.3485,7.436,11.0558,17.6734
2026-03-11 22:40:00+00:00,0,normal,25.0919,7.3581,7.5165,11.0186,17.6803
2026-03-11 22:50:00+00:00,0,normal,24.9834,7.3386,7.5744,11.3133,17.6796
2026-03-11 23:00:00+00:00,0,normal,25.052,7.3246,7.4976,11.3889,17.6946
2026-03-11 23:10:00+00:00,0,normal,25.1076,7.3398,7.4628,11.1284,17.6975
2026-03-11 23:20:00+00:00,0,normal,25.2007,7.3715,7.3715,11.2828,17.6915
2026-03-11 23:30:00+00:00,0,normal,25.2641,7.3709,7.2709,11.5234,17.6827
2026-03-11 23:40:00+00:00,0,normal,25.319,7.3944,7.2581,11.4239,17.6689
2026-03-11 23:50:00+00:00,0,normal,25.2715,7.4108,7.276,11.2176,17.6804
2026-03-12 00:00:00+00:00,0,normal,25.3058,7.4233,7.2476,11.3675,18.2357
2026-03-12 00:10:00+00:00,0,normal,25.3232,7.432,7.2479,11.4451,18.2381
2026-03-12 00:20:00+00:00,0,normal,25.327,7.4426,7.2818,11.3677,18.2525
2026-03-12 00:30:00+00:00,0,normal,25.3505,7.44,7.2561,11.3753,18.2473
2026-03-12 00:40:00+00:00,0,normal,25.4411,7.4445,7.2397,11.7023,18.2266
2026-03-12 00:50:00+00:00,0,normal,25.4089,7.4541,7.2566,11.6479,18.2339
2026-03-12 01:00:00+00:00,0,normal,25.3776,7.4419,7.2545,11.4675,18.232
2026-03-12 01:10:00+00:00,0,normal,25.403,7.4585,7.1768,11.4135,18.2303
2026-03-12 01:20:00+00:00,0,normal,25.4605,7.4872,7.1454,11.3463,18.2514
2026-03-12 01:30:00+00:00,0,normal,25.4478,7.5047,7.0748,10.9027,18.2583
2026-03-12 01:40:00+00:00,0,normal,25.5011,7.5072,7.0131,11.1386,18.2511
2026-03-12 01:50:00+00:00,0,normal,25.591,7.5405,7.0081,11.0797,18.2528
2026-03-12 02:00:00+00:00,0,normal,25.6984,7.5447,7.0092,10.9872,18.259
2026-03-12 02:10:00+00:00,0,normal,25.7947,7.5439,6.907,10.983,18.2513
2026-03-12 02:20:00+00:00,0,normal,25.8863,7.5603,6.8922,11.1712,18.255
2026-03-12 02:30:00+00:00,0,normal,25.9158,7.5841,6.8364,11.0576,18.2762
2026-03-12 02:40:00+00:00,0,normal,26.0943,7.6078,6.7347,11.2555,18.2806
2026-03-12 02:50:00+00:00,0,normal,26.0978,7.6234,6.7033,11.4769,18.2841
2026-03-12 03:00:00+00:00,0,normal,26.115,7.635,6.7395,11.4951,18.2717
2026-03-12 03:10:00+00:00,0,normal,26.0931,7.6545,6.7162,11.4609,18.2663
2026-03-12 03:20:00+00:00,0,normal,26.1523,7.6395,6.7218,11.4654,18.2567
2026-03-12 03:30:00+00:00,0,normal,26.0353,7.6299,6.7468,11.2653,18.2545
2026-03-12 03:40:00+00:00,0,normal,26.1211,7.6429,6.7115,11.1368,18.2453
2026-03-12 03:50:00+00:00,0,normal,26.1403,7.6699,6.7458,11.0633,18.253
2026-03-12 04:00:00+00:00,0,normal,26.2385,7.6856,6.6945,11.3642,18.2733
2026-03-12 04:10:00+00:00,0,normal,26.2531,7.7004,6.6862,11.3925,18.2737
2026-03-12 04:20:00+00:00,0,normal,26.3569,7.7121,6.5946,11.4306,18.2749
2026-03-12 04:30:00+00:00,0,normal,26.4236,7.7177,6.5589,11.5093,18.2801
2026-03-12 04:40:00+00:00,0,normal,26.6304,7.7204,6.3565,11.4748,18.2852
2026-03-12 04:50:00+00:00,0,normal,26.6409,7.7203,6.3665,11.1584,18.2695
2026-03-12 05:00:00+00:00,0,normal,26.7388,7.7368,6.2513,11.1858,18.258
2026-03-12 05:10:00+00:00,0,normal,26.7806,7.7448,6.2129,11.2537,18.2644
2026-03-12 05:20:00+00:00,0,normal,26.7811,7.764,6.1335,11.2842,18.2574
2026-03-12 05:30:00+00:00,0,normal,26.7253,7.7825,6.1906,11.1113,18.2593
2026-03-12 05:40:00+00:00,0,normal,26.8459,7.7903,6.07,11.2704,18.2601
2026-03-12 05:50:00+00:00,0,normal,26.885,7.8006,6.1069,11.1539,18.2715
2026-03-12 06:00:00+00:00,0,normal,27.0422,7.8007,6.0158,10.9993,18.257
2026-03-12 06:10:00+00:00,0,normal,27.1376,7.8147,6.0267,10.6824,18.2723
2026-03-12 06:20:00+00:00,0,normal,27.175,7.8105,6.0004,10.9087,18.2644
2026-03-12 06:30:00+00:00,0,normal,27.1788,7.8121,6.005,10.9799,18.2609
2026-03-12 06:40:00+00:00,0,normal,27.2129,7.8158,5.9546,11.1317,18.268
2026-03-12 06:50:00+00:00,0,normal,27.2046,7.8306,5.9805,11.4248,18.2617
2026-03-12 07:00:00+00:00,0,normal,27.1731,7.8232,5.9356,11.5856,18.2448
2026-03-12 07:10:00+00:00,0,normal,27.202,7.8294,5.8565,11.6415,18.2562
2026-03-12 07:20:00+00:00,0,normal,27.233,7.8449,5.8402,11.2753,18.2445
2026-03-12 07:30:00+00:00,0,normal,27.3239,7.8511,5.7734,10.9766,18.2256
2026-03-12 07:40:00+00:00,0,normal,27.3751,7.8661,5.7481,10.7617,18.218
2026-03-12 07:50:00+00:00,0,normal,27.5175,7.8752,5.7499,10.6032,18.2152
2026-03-12 08:00:00+00:00,1,acidic_source_water,27.6167,7.7866,5.713,10.4769,18.3088
2026-03-12 08:10:00+00:00,1,acidic_source_water,27.6648,7.5649,5.6437,10.6346,18.5003
2026-03-12 08:20:00+00:00,1,acidic_source_water,27.6965,7.3701,5.6203,10.9271,18.6958
2026-03-12 08:30:00+00:00,1,acidic_source_water,27.6366,7.1699,5.625,10.9225,18.904
2026-03-12 08:40:00+00:00,1,acidic_source_water,27.544,6.953,5.6285,10.9021,19.0929
2026-03-12 08:50:00+00:00,1,acidic_source_water,27.5619,6.7589,5.6253,10.7735,19.259
2026-03-12 09:00:00+00:00,1,acidic_source_water,27.5478,6.7713,5.7094,10.759,19.2857
2026-03-12 09:10:00+00:00,1,acidic_source_water,27.5336,6.7745,5.7322,10.5267,19.2838
2026-03-12 09:20:00+00:00,1,acidic_source_water,27.5937,6.7558,5.7213,10.515,19.2666
2026-03-12 09:30:00+00:00,1,acidic_source_water,27.6812,6.7548,5.6538,10.6185,19.2625
2026-03-12 09:40:00+00:00,1,acidic_source_water,27.7091,6.7556,5.6684,10.7874,19.2667
2026-03-12 09:50:00+00:00,1,acidic_source_water,27.7828,6.7459,5.5562,10.8825,19.2378
2026-03-12 10:00:00+00:00,1,acidic_source_water,27.7973,6.716,5.5109,11.0436,19.2319
2026-03-12 10:10:00+00:00,1,acidic_source_water,27.7798,6.7292,5.5189,11.0474,19.246
2026-03-12 10:20:00+00:00,1,acidic_source_water,27.7752,6.7389,5.517,10.9474,19.2516
2026-03-12 10:30:00+00:00,1,acidic_source_water,27.7179,6.7412,5.5161,10.8706,19.2696
2026-03-12 10:40:00+00:00,1,acidic_source_water,27.6766,6.7468,5.571,10.7986,19.2701
2026-03-12 10:50:00+00:00,1,acidic_source_water,27.7571,6.7663,5.5576,10.8022,19.2599
2026-03-12 11:00:00+00:00,1,acidic_source_water,27.7704,6.7463,5.5169,10.5981,19.2476
2026-03-12 11:10:00+00:00,1,acidic_source_water,27.7714,6.7287,5.501,10.8414,19.2478
2026-03-12 11:20:00+00:00,1,acidic_source_water,27.7537,6.7075,5.5357,10.7934,19.231
2026-03-12 11:30:00+00:00,1,acidic_source_water,27.7815,6.6879,5.4817,10.7604,19.2239
2026-03-12 11:40:00+00:00,1,acidic_source_water,27.6964,6.6595,5.5166,10.9032,19.2358
2026-03-12 11:50:00+00:00,1,acidic_source_water,27.697,6.6446,5.5327,10.8467,19.227
2026-03-12 12:00:00+00:00,1,acidic_source_water,27.6659,6.6476,5.5762,10.7129,19.2215
2026-03-12 12:10:00+00:00,1,acidic_source_water,27.7038,6.8181,5.5609,10.7434,19.0142
2026-03-12 12:20:00+00:00,1,acidic_source_water,27.6861,6.9954,5.5821,10.6987,18.8202
2026-03-12 12:30:00+00:00,1,acidic_source_water,27.6401,7.192,5.6538,10.3029,18.5964
2026-03-12 12:40:00+00:00,1,acidic_source_water,27.5776,7.372,5.671,10.1859,18.394
2026-03-12 12:50:00+00:00,1,acidic_source_water,27.5694,7.5482,5.6837,10.029,18.1829
2026-03-12 13:00:00+00:00,0,normal,27.4651,7.6375,5.7001,10.084,18.0872
2026-03-12 13:10:00+00:00,0,normal,27.3571,7.6376,5.8262,10.1662,18.0848
2026-03-12 13:20:00+00:00,0,normal,27.307,7.6146,5.8018,10.2627,18.0889
2026-03-12 13:30:00+00:00,0,normal,27.2089,7.6153,5.855,10.682,18.0896
2026-03-12 13:40:00+00:00,0,normal,27.1653,7.6059,5.8758,10.696,18.0929
2026-03-12 13:50:00+00:00,0,normal,27.1205,7.5854,5.9031,10.5808,18.0777
2026-03-12 14:00:00+00:00,0,normal,27.0854,7.5697,5.8722,10.4572,18.0668
2026-03-12 14:10:00+00:00,0,normal,27.0343,7.5667,5.9567,10.3593,18.0504
2026-03-12 14:20:00+00:00,0,normal,27.0519,7.5438,5.9724,10.3096,18.0645
2026-03-12 14:30:00+00:00,0,normal,26.9621,7.5086,6.0272,10.1991,18.054
2026-03-12 14:40:00+00:00,0,normal,26.9457,7.5051,6.0477,10.348,18.0639
2026-03-12 14:50:00+00:00,0,normal,26.9109,7.5007,6.0495,10.4349,18.063
2026-03-12 15:00:00+00:00,0,normal,26.8521,7.4647,6.0527,10.509,18.0631
2026-03-12 15:10:00+00:00,0,normal,26.7716,7.4592,6.098,10.4797,18.0608
2026-03-12 15:20:00+00:00,0,normal,26.7711,7.4811,6.143,10.5577,18.0606
2026-03-12 15:30:00+00:00,0,normal,26.6455,7.4494,6.1908,10.3671,18.0445
2026-03-12 15:40:00+00:00,0,normal,26.5874,7.4314,6.2939,10.2698,18.0341
2026-03-12 15:50:00+00:00,0,normal,26.5335,7.4398,6.3248,10.1481,18.0327
2026-03-12 16:00:00+00:00,0,normal,26.5231,7.4418,6.3482,10.0796,18.0001
2026-03-12 16:10:00+00:00,0,normal,26.3783,7.4213,6.3574,10.1842,17.9825
2026-03-12 16:20:00+00:00,0,normal,26.3826,7.4165,6.4186,10.2692,17.9682
2026-03-12 16:30:00+00:00,0,normal,26.3329,7.4108,6.3787,10.2636,17.9458
2026-03-12 16:40:00+00:00,0,normal,26.3351,7.4266,6.4091,10.4159,17.9584
2026-03-12 16:50:00+00:00,0,normal,26.279,7.3968,6.4537,10.376,17.9557
2026-03-12 17:00:00+00:00,0,normal,26.2363,7.3784,6.5118,10.2955,17.9532
2026-03-12 17:10:00+00:00,0,normal,26.1846,7.3826,6.4663,10.3996,17.9648
2026-03-12 17:20:00+00:00,0,normal,26.1688,7.3679,6.5884,10.4058,17.99
2026-03-12 17:30:00+00:00,0,normal,26.0362,7.3514,6.6184,10.3938,17.9767
2026-03-12 17:40:00+00:00,0,normal,25.9715,7.3448,6.6628,10.478,17.9883
2026-03-12 17:50:00+00:00,0,normal,25.9647,7.3278,6.6677,10.5569,17.994
2026-03-12 18:00:00+00:00,0,normal,25.9202,7.3123,6.8023,10.4396,17.989
2026-03-12 18:10:00+00:00,0,normal,25.9384,7.321,6.727,10.3536,17.9923
2026-03-12 18:20:00+00:00,0,normal,25.9209,7.2939,6.7589,10.3071,17.982
2026-03-12 18:30:00+00:00,0,normal,25.8953,7.2969,6.795,10.3098,17.9805
2026-03-12 18:40:00+00:00,0,normal,25.8248,7.3086,6.8238,10.3661,17.9601
2026-03-12 18:50:00+00:00,0,normal,25.8159,7.3,6.7947,10.4352,17.973
2026-03-12 19:00:00+00:00,0,normal,25.7098,7.2822,6.8909,10.558,17.9525
2026-03-12 19:10:00+00:00,0,normal,25.6648,7.2892,6.9968,10.4631,17.9401
2026-03-12 19:20:00+00:00,0,normal,25.6096,7.2893,6.985,10.3767,17.9184
2026-03-12 19:30:00+00:00,0,normal,25.5697,7.2771,7.0368,10.4108,17.9334
2026-03-12 19:40:00+00:00,0,normal,25.4759,7.2848,7.1162,10.3223,17.9418
2026-03-12 19:50:00+00:00,0,normal,25.4503,7.2866,7.0535,10.3187,17.9477
2026-03-12 20:00:00+00:00,0,normal,25.4218,7.2896,7.0728,10.4661,17.9595
2026-03-12 20:10:00+00:00,0,normal,25.3092,7.2837,7.1341,10.5254,17.978
2026-03-12 20:20:00+00:00,0,normal,25.3793,7.2905,7.1175,10.5475,17.971
2026-03-12 20:30:00+00:00,0,normal,25.3681,7.2951,7.1294,10.6859,17.9492
2026-03-12 20:40:00+00:00,0,normal,25.3005,7.2932,7.2352,10.5608,17.9482
2026-03-12 20:50:00+00:00,0,normal,25.3603,7.2968,7.1421,10.6345,17.9673
2026-03-12 21:00:00+00:00,0,normal,25.4251,7.303,7.2075,10.6141,17.9615
2026-03-12 21:10:00+00:00,0,normal,25.3409,7.3273,7.1853,10.4126,17.9741
2026-03-12 21:20:00+00:00,0,normal,25.3131,7.3227,7.1608,10.4926,17.9697
2026-03-12 21:30:00+00:00,0,normal,25.253,7.3267,7.1729,10.5175,17.9634
2026-03-12 21:40:00+00:00,0,normal,25.1802,7.3181,7.2127,10.4455,17.9526
2026-03-12 21:50:00+00:00,0,normal,25.1929,7.3104,7.196,10.5575,17.9552
2026-03-12 22:00:00+00:00,0,normal,25.2067,7.2913,7.2236,10.7234,17.9588
2026-03-12 22:10:00+00:00,0,normal,25.2329,7.3076,7.3013,10.5971,17.9584
2026-03-12 22:20:00+00:00,0,normal,25.2942,7.3248,7.2879,10.6422,17.969
2026-03-12 22:30:00+00:00,0,normal,25.2381,7.3371,7.3033,10.6215,17.9527
2026-03-12 22:40:00+00:00,0,normal,25.248,7.3511,7.1946,10.4945,17.9473
2026-03-12 22:50:00+00:00,0,normal,25.2516,7.3581,7.2405,10.5123,17.9264
2026-03-12 23:00:00+00:00,0,normal,25.3512,7.3563,7.1233,10.5444,17.9333
2026-03-12 23:10:00+00:00,0,normal,25.3642,7.353,7.1339,10.5253,17.9474
2026-03-12 23:20:00+00:00,0,normal,25.4121,7.349,7.1405,10.6,17.9528
2026-03-12 23:30:00+00:00,0,normal,25.4118,7.3721,7.2373,10.6703,17.9509
2026-03-12 23:40:00+00:00,0,normal,25.4145,7.4016,7.2366,10.7359,17.964
2026-03-12 23:50:00+00:00,0,normal,25.3816,7.3993,7.2583,10.8575,17.9665
2026-03-13 00:00:00+00:00,0,normal,25.4069,7.417,7.2671,11.1781,17.9632
2026-03-13 00:10:00+00:00,0,normal,25.4223,7.4408,7.2781,11.3019,17.9608
2026-03-13 00:20:00+00:00,0,normal,25.394,7.4381,7.281,11.2732,17.9477
2026-03-13 00:30:00+00:00,0,normal,25.4462,7.428,7.2934,11.0244,17.9513
2026-03-13 00:40:00+00:00,0,normal,25.5131,7.4673,7.2612,10.8366,17.9697
2026-03-13 00:50:00+00:00,0,normal,25.5497,7.4796,7.2083,10.6521,17.9626
2026-03-13 01:00:00+00:00,0,normal,25.6609,7.5015,7.1702,10.4217,17.9793
2026-03-13 01:10:00+00:00,0,normal,25.7946,7.5092,6.9982,10.4906,18.0026
2026-03-13 01:20:00+00:00,0,normal,25.8348,7.5137,6.9319,10.7494,18.0101
2026-03-13 01:30:00+00:00,0,normal,25.7973,7.5161,6.9429,10.87,17.9936
2026-03-13 01:40:00+00:00,0,normal,25.8447,7.5157,6.923,10.9706,17.996
2026-03-13 01:50:00+00:00,0,normal,25.9035,7.5284,6.8339,11.0943,18.0084
2026-03-13 02:00:00+00:00,0,normal,25.9321,7.5269,6.9243,11.0912,18.0205
2026-03-13 02:10:00+00:00,0,normal,25.9968,7.5478,6.8638,11.2876,18.0087
2026-03-13 02:20:00+00:00,0,normal,26.058,7.5509,6.8173,11.357,18.0063
2026-03-13 02:30:00+00:00,0,normal,26.0933,7.5677,6.7566,11.3488,18.0025
2026-03-13 02:40:00+00:00,0,normal,26.0963,7.5699,6.8086,11.5179,17.9785
2026-03-13 02:50:00+00:00,0,normal,26.1269,7.6032,6.6806,11.7064,17.9639
2026-03-13 03:00:00+00:00,0,normal,26.1945,7.6256,6.7179,11.4855,17.9697
2026-03-13 03:10:00+00:00,0,normal,26.1798,7.646,6.7737,11.6105,17.9692
2026-03-13 03:20:00+00:00,0,normal,26.242,7.6592,6.7352,11.554,17.9796
2026-03-13 03:30:00+00:00,0,normal,26.2978,7.687,6.6897,11.5771,17.9749
2026-03-13 03:40:00+00:00,0,normal,26.305,7.7046,6.7436,11.3481,17.9694
2026-03-13 03:50:00+00:00,0,normal,26.3422,7.7059,6.7083,11.3568,17.9764
2026-03-13 04:00:00+00:00,0,normal,26.456,7.7113,6.6252,11.2673,18.0004
2026-03-13 04:10:00+00:00,0,normal,26.4975,7.7195,6.68,11.3564,17.9979
2026-03-13 04:20:00+00:00,0,normal,26.6224,7.7173,6.5253,11.1508,18.005
2026-03-13 04:30:00+00:00,0,normal,26.7635,7.7101,6.4478,11.1031,18.0051
2026-03-13 04:40:00+00:00,0,normal,26.8152,7.7151,6.3012,11.1844,17.9952
2026-03-13 04:50:00+00:00,0,normal,26.9099,7.7079,6.1959,11.133,17.9887
2026-03-13 05:00:00+00:00,0,normal,26.9714,7.7164,6.1546,11.0452,17.9901
2026-03-13 05:10:00+00:00,0,normal,27.0308,7.7315,6.1774,11.3138,17.9854
2026-03-13 05:20:00+00:00,0,normal,27.0768,7.7465,6.1668,11.4558,17.9975
2026-03-13 05:30:00+00:00,0,normal,27.0818,7.7581,6.2213,11.3401,18.0124
2026-03-13 05:40:00+00:00,0,normal,27.0696,7.7841,6.2432,11.1557,18.0101
2026-03-13 05:50:00+00:00,0,normal,27.147,7.7869,6.1043,11.0695,18.0157
2026-03-13 06:00:00+00:00,0,normal,27.1231,7.7803,6.0631,10.9728,18.0322
2026-03-13 06:10:00+00:00,0,normal,27.0917,7.7916,6.0141,10.9133,18.0154
2026-03-13 06:20:00+00:00,0,normal,27.182,7.8029,5.8546,11.0264,17.9931
2026-03-13 06:30:00+00:00,0,normal,27.2692,7.8163,5.7834,11.0685,17.9959
2026-03-13 06:40:00+00:00,0,normal,27.3131,7.8413,5.7738,11.0774,17.9784
2026-03-13 06:50:00+00:00,0,normal,27.3748,7.852,5.7348,10.8673,17.9515
2026-03-13 07:00:00+00:00,0,normal,27.4466,7.8427,5.7019,10.9834,17.9658
2026-03-13 07:10:00+00:00,0,normal,27.4946,7.8404,5.7711,10.874,17.9797
2026-03-13 07:20:00+00:00,0,normal,27.5253,7.8512,5.7753,10.8763,17.9603
2026-03-13 07:30:00+00:00,0,normal,27.5279,7.843,5.7159,11.0322,17.9651
2026-03-13 07:40:00+00:00,0,normal,27.5282,7.8386,5.6982,11.1659,17.9714
2026-03-13 07:50:00+00:00,0,normal,27.6244,7.8415,5.6708,11.1313,17.9584
2026-03-13 08:00:00+00:00,0,normal,27.6231,7.8428,5.6624,11.1669,17.9289
2026-03-13 08:10:00+00:00,0,normal,27.7201,7.8353,5.6219,11.1744,17.9163
2026-03-13 08:20:00+00:00,0,normal,27.8275,7.8361,5.6424,11.2129,17.9204
2026-03-13 08:30:00+00:00,0,normal,27.8455,7.8285,5.7272,11.1257,17.894
2026-03-13 08:40:00+00:00,0,normal,27.7229,7.8249,5.7409,11.0956,17.8906
2026-03-13 08:50:00+00:00,0,normal,27.7918,7.8369,5.7323,11.0827,17.8979
2026-03-13 09:00:00+00:00,0,normal,27.7489,7.8309,5.6714,11.0498,17.9086
2026-03-13 09:10:00+00:00,0,normal,27.6702,7.8279,5.735,11.0968,17.872
2026-03-13 09:20:00+00:00,0,normal,27.6899,7.8333,5.6562,11.0815,17.8905
2026-03-13 09:30:00+00:00,0,normal,27.7921,7.8258,5.6295,11.0321,17.884
2026-03-13 09:40:00+00:00,0,normal,27.8109,7.8135,5.5962,10.9208,17.8878
2026-03-13 09:50:00+00:00,0,normal,27.8363,7.8131,5.5654,11.1274,17.8775
2026-03-13 10:00:00+00:00,0,normal,27.9186,7.8045,5.4119,11.0259,17.8769
2026-03-13 10:10:00+00:00,0,normal,27.9602,7.8054,5.3779,11.0223,17.8758
2026-03-13 10:20:00+00:00,0,normal,27.9642,7.8149,5.3664,10.8334,17.869
2026-03-13 10:30:00+00:00,0,normal,27.9012,7.8102,5.4276,10.8368,17.8644
2026-03-13 10:40:00+00:00,0,normal,27.9111,7.7946,5.434,10.6794,17.8571
2026-03-13 10:50:00+00:00,0,normal,27.8875,7.7966,5.5271,10.4749,17.8826
2026-03-13 11:00:00+00:00,0,normal,27.8963,7.7676,5.51,10.3259,17.8744
2026-03-13 11:10:00+00:00,0,normal,27.8864,7.7548,5.4944,10.293,17.871
2026-03-13 11:20:00+00:00,0,normal,27.8929,7.7462,5.42,10.45,17.8567
2026-03-13 11:30:00+00:00,0,normal,27.8775,7.7394,5.4488,10.5162,17.8518
2026-03-13 11:40:00+00:00,0,normal,27.8157,7.7299,5.4453,10.5474,17.8383
2026-03-13 11:50:00+00:00,0,normal,27.7183,7.7282,5.4884,10.5624,17.8349
2026-03-13 12:00:00+00:00,0,normal,27.6759,7.7121,5.4748,10.7516,17.831
2026-03-13 12:10:00+00:00,0,normal,27.6359,7.68,5.4935,10.5915,17.8336
2026-03-13 12:20:00+00:00,0,normal,27.6117,7.6646,5.5333,10.4455,17.8214
2026-03-13 12:30:00+00:00,0,normal,27.6418,7.6517,5.464,10.4649,17.8142
2026-03-13 12:40:00+00:00,0,normal,27.6029,7.6487,5.5187,10.5737,17.8094
2026-03-13 12:50:00+00:00,0,normal,27.5775,7.6304,5.6194,10.5913,17.7995
2026-03-13 13:00:00+00:00,0,normal,27.5386,7.6443,5.6999,10.4534,17.7744
2026-03-13 13:10:00+00:00,0,normal,27.5068,7.6268,5.718,10.528,17.7678
2026-03-13 13:20:00+00:00,0,normal,27.4043,7.6064,5.7601,10.5984,17.755
2026-03-13 13:30:00+00:00,0,normal,27.3978,7.5845,5.7736,10.5592,17.7524
2026-03-13 13:40:00+00:00,0,normal,27.3271,7.5877,5.8082,10.7118,17.7529
2026-03-13 13:50:00+00:00,0,normal,27.3145,7.5678,5.7537,10.7759,17.7511
2026-03-13 14:00:00+00:00,0,normal,27.2358,7.5692,5.7867,10.5266,17.7541
2026-03-13 14:10:00+00:00,0,normal,27.1858,7.5748,5.8933,10.2916,17.7371
2026-03-13 14:20:00+00:00,0,normal,27.1452,7.5721,5.9593,10.1743,17.7217
2026-03-13 14:30:00+00:00,0,normal,27.1887,7.556,5.9114,9.9826,17.7293
2026-03-13 14:40:00+00:00,0,normal,27.0862,7.5449,6.021,10.0847,17.7368
2026-03-13 14:50:00+00:00,0,normal,27.0119,7.5435,6.0797,10.2804,17.7379
2026-03-13 15:00:00+00:00,0,normal,27.0299,7.5247,6.0748,10.3987,17.7601
2026-03-13 15:10:00+00:00,0,normal,26.9905,7.5189,6.091,10.6768,17.7664
2026-03-13 15:20:00+00:00,0,normal,26.922,7.4977,6.1172,10.5187,17.7608
2026-03-13 15:30:00+00:00,0,normal,26.9201,7.4885,6.1103,10.4149,17.7611
2026-03-13 15:40:00+00:00,0,normal,26.8961,7.4591,6.1258,10.347,17.7465
2026-03-13 15:50:00+00:00,0,normal,26.7851,7.4335,6.1361,10.1836,17.7285
2026-03-13 16:00:00+00:00,0,normal,26.7587,7.4157,6.1592,9.7491,17.7185
2026-03-13 16:10:00+00:00,0,normal,26.7228,7.4217,6.2432,9.9831,17.7118
2026-03-13 16:20:00+00:00,0,normal,26.6936,7.4039,6.2647,9.908,17.7138
2026-03-13 16:30:00+00:00,0,normal,26.5985,7.3962,6.3138,9.9323,17.7047
2026-03-13 16:40:00+00:00,0,normal,26.6046,7.3944,6.3739,10.1119,17.6949
2026-03-13 16:50:00+00:00,0,normal,26.5086,7.3897,6.4161,10.2079,17.6954
2026-03-13 17:00:00+00:00,0,normal,26.3867,7.3787,6.4621,9.9786,17.6796
2026-03-13 17:10:00+00:00,0,normal,26.2893,7.3771,6.4993,10.0664,17.6658
2026-03-13 17:20:00+00:00,0,normal,26.3102,7.3798,6.4963,10.053,17.6788
2026-03-13 17:30:00+00:00,0,normal,26.2316,7.3774,6.5468,9.8734,17.6958
2026-03-13 17:40:00+00:00,0,normal,26.1851,7.364,6.5305,10.0802,17.6922
2026-03-13 17:50:00+00:00,0,normal,26.1931,7.3393,6.5504,10.1311,17.6924
2026-03-13 18:00:00+00:00,0,normal,26.1559,7.3348,6.5781,10.1595,17.6959
2026-03-13 18:10:00+00:00,0,normal,26.058,7.3093,6.6234,10.226,17.6903
2026-03-13 18:20:00+00:00,0,normal,25.967,7.2958,6.7821,10.4858,17.6631
2026-03-13 18:30:00+00:00,0,normal,25.9461,7.2954,6.8976,10.4716,17.6583
2026-03-13 18:40:00+00:00,0,normal,25.8694,7.32,6.9406,10.4424,17.6587
2026-03-13 18:50:00+00:00,0,normal,25.7728,7.3252,7.0511,10.5706,17.6611
2026-03-13 19:00:00+00:00,0,normal,25.7834,7.3241,7.1227,10.5284,17.6705
2026-03-13 19:10:00+00:00,0,normal,25.7526,7.3104,7.0452,10.3492,17.674
2026-03-13 19:20:00+00:00,0,normal,25.7578,7.3096,7.0024,10.2222,17.674
2026-03-13 19:30:00+00:00,0,normal,25.6747,7.2953,7.0399,10.0776,17.6843
2026-03-13 19:40:00+00:00,0,normal,25.6839,7.2685,7.0604,9.9019,17.6726
2026-03-13 19:50:00+00:00,0,normal,25.5963,7.2728,7.1202,10.0172,17.6654
2026-03-13 20:00:00+00:00,0,normal,25.5485,7.2886,7.2056,9.9771,17.673
2026-03-13 20:10:00+00:00,0,normal,25.4457,7.2709,7.2629,10.2917,17.6801
2026-03-13 20:20:00+00:00,0,normal,25.534,7.266,7.3102,10.3242,17.6686
2026-03-13 20:30:00+00:00,0,normal,25.5219,7.2726,7.2828,10.3267,17.683
2026-03-13 20:40:00+00:00,0,normal,25.4969,7.2722,7.3284,10.1416,17.666
2026-03-13 20:50:00+00:00,0,normal,25.4466,7.2736,7.2953,10.415,17.6646
2026-03-13 21:00:00+00:00,0,normal,25.3849,7.282,7.2818,10.3217,17.674
2026-03-13 21:10:00+00:00,0,normal,25.2869,7.2904,7.33,10.562,17.6764
2026-03-13 21:20:00+00:00,0,normal,25.2462,7.3185,7.3792,10.5152,17.666
2026-03-13 21:30:00+00:00,0,normal,25.2562,7.3169,7.3322,10.5706,17.6894
2026-03-13 21:40:00+00:00,0,normal,25.2321,7.3085,7.3523,10.5209,17.6979
2026-03-13 21:50:00+00:00,0,normal,25.2851,7.3255,7.3477,10.3987,17.6972
2026-03-13 22:00:00+00:00,0,normal,25.3381,7.3421,7.239,10.3901,17.7109
2026-03-13 22:10:00+00:00,0,normal,25.4183,7.3356,7.1894,10.5624,17.7
2026-03-13 22:20:00+00:00,0,normal,25.3596,7.3638,7.1984,10.6728,17.6885
2026-03-13 22:30:00+00:00,0,normal,25.4163,7.382,7.1244,10.4767,17.6781
2026-03-13 22:40:00+00:00,0,normal,25.395,7.3639,7.2176,10.4285,17.6747
2026-03-13 22:50:00+00:00,0,normal,25.3717,7.3619,7.2403,10.3702,17.6747
2026-03-13 23:00:00+00:00,0,normal,25.2802,7.3559,7.3184,10.3218,17.6666
2026-03-13 23:10:00+00:00,0,normal,25.4222,7.3669,7.2355,10.4003,17.6579
2026-03-13 23:20:00+00:00,0,normal,25.4681,7.3829,7.281,10.621,17.6481
2026-03-13 23:30:00+00:00,0,normal,25.5121,7.3968,7.2365,10.9205,17.6389
2026-03-13 23:40:00+00:00,0,normal,25.5842,7.42,7.2417,10.9316,17.6313
2026-03-13 23:50:00+00:00,0,normal,25.6497,7.4455,7.1609,11.0671,17.6697
2026-03-14 00:00:00+00:00,0,normal,25.6279,7.4378,7.2067,10.992,18.2235
2026-03-14 00:10:00+00:00,0,normal,25.6258,7.4372,7.2207,11.2247,18.2651
2026-03-14 00:20:00+00:00,0,normal,25.6094,7.4723,7.1881,11.1028,18.2789
2026-03-14 00:30:00+00:00,0,normal,25.5607,7.4492,7.1433,11.2155,18.285
2026-03-14 00:40:00+00:00,0,normal,25.6725,7.4596,7.0749,11.231,18.2784
2026-03-14 00:50:00+00:00,0,normal,25.7153,7.4839,7.0206,11.3576,18.2788
2026-03-14 01:00:00+00:00,0,normal,25.7885,7.497,6.9595,11.1163,18.2534
2026-03-14 01:10:00+00:00,0,normal,25.8407,7.5024,6.9839,11.2102,18.2409
2026-03-14 01:20:00+00:00,0,normal,25.9352,7.5354,6.9973,11.4544,18.243
2026-03-14 01:30:00+00:00,0,normal,25.8489,7.5296,7.0224,11.5407,18.2297
2026-03-14 01:40:00+00:00,0,normal,25.8125,7.5202,7.1012,11.5173,18.2417
2026-03-14 01:50:00+00:00,0,normal,25.8269,7.5377,7.0818,11.7683,18.2421
2026-03-14 02:00:00+00:00,0,normal,25.9781,7.5433,6.9729,11.7689,18.2653
2026-03-14 02:10:00+00:00,0,normal,26.0606,7.5423,6.8655,11.4941,18.255
2026-03-14 02:20:00+00:00,0,normal,26.1415,7.5639,6.8291,11.4102,18.2542
2026-03-14 02:30:00+00:00,0,normal,26.223,7.58,6.7548,11.4129,18.2614
2026-03-14 02:40:00+00:00,0,normal,26.2344,7.5726,6.7123,11.1672,18.2676
2026-03-14 02:50:00+00:00,0,normal,26.2181,7.5873,6.6879,11.157,18.2681
2026-03-14 03:00:00+00:00,0,normal,26.2077,7.6163,6.7254,11.0783,18.2769
2026-03-14 03:10:00+00:00,0,normal,26.3052,7.6291,6.6495,11.2548,18.2898
2026-03-14 03:20:00+00:00,0,normal,26.4158,7.6383,6.4955,11.3512,18.2938
2026-03-14 03:30:00+00:00,0,normal,26.5217,7.6672,6.4905,11.2124,18.2987
2026-03-14 03:40:00+00:00,0,normal,26.5934,7.6877,6.5338,11.247,18.2934
2026-03-14 03:50:00+00:00,0,normal,26.6171,7.7099,6.5086,11.5046,18.297
2026-03-14 04:00:00+00:00,0,normal,26.663,7.7328,6.527,11.4906,18.2915
2026-03-14 04:10:00+00:00,0,normal,26.6671,7.741,6.5394,11.6129,18.2726
2026-03-14 04:20:00+00:00,0,normal,26.7459,7.7556,6.5067,12.0227,18.2665
2026-03-14 04:30:00+00:00,0,normal,26.7946,7.758,6.366,11.924,18.2408
2026-03-14 04:40:00+00:00,0,normal,26.8771,7.7386,6.3359,11.9317,18.2272
2026-03-14 04:50:00+00:00,0,normal,26.941,7.7377,6.2904,11.7135,18.2258
2026-03-14 05:00:00+00:00,0,normal,26.9569,7.7709,6.3168,11.6264,18.2473
2026-03-14 05:10:00+00:00,0,normal,26.9557,7.7796,6.2744,11.1743,18.2465
2026-03-14 05:20:00+00:00,0,normal,26.9854,7.775,6.276,11.0573,18.2791
2026-03-14 05:30:00+00:00,0,normal,26.9834,7.7905,6.2339,10.942,18.2886
2026-03-14 05:40:00+00:00,0,normal,26.9917,7.7974,6.227,10.979,18.276
2026-03-14 05:50:00+00:00,0,normal,27.0855,7.7736,6.1257,10.8793,18.2729
2026-03-14 06:00:00+00:00,0,normal,27.2207,7.7583,6.0224,11.2462,18.2819
2026-03-14 06:10:00+00:00,0,normal,27.2842,7.7755,6.0079,11.303,18.249
2026-03-14 06:20:00+00:00,0,normal,27.4206,7.7869,5.9273,11.1957,18.2492
2026-03-14 06:30:00+00:00,0,normal,27.4923,7.7722,5.8389,11.146,18.2746
2026-03-14 06:40:00+00:00,0,normal,27.5314,7.7956,5.8635,11.0468,18.2425
2026-03-14 06:50:00+00:00,0,normal,27.5325,7.8226,5.884,10.9521,18.2208
2026-03-14 07:00:00+00:00,0,normal,27.5955,7.8239,5.7532,11.1751,18.2418
2026-03-14 07:10:00+00:00,0,normal,27.6417,7.8264,5.7368,11.4582,18.2308
2026-03-14 07:20:00+00:00,0,normal,27.6647,7.8499,5.7285,11.603,18.2281
2026-03-14 07:30:00+00:00,0,normal,27.6616,7.8505,5.7073,11.5887,18.2528
2026-03-14 07:40:00+00:00,0,normal,27.63,7.824,5.6835,11.491,18.2668
2026-03-14 07:50:00+00:00,0,normal,27.6252,7.817,5.7307,11.3503,18.2654
2026-03-14 08:00:00+00:00,0,normal,27.5293,7.8072,5.6818,11.0875,18.2562
2026-03-14 08:10:00+00:00,0,normal,27.628,7.7978,5.5928,10.8724,18.2364
2026-03-14 08:20:00+00:00,0,normal,27.736,7.8107,5.5339,10.955,18.2416
2026-03-14 08:30:00+00:00,0,normal,27.8,7.8324,5.5783,10.8009,18.227
2026-03-14 08:40:00+00:00,0,normal,27.7948,7.8277,5.5685,10.8523,18.2223
2026-03-14 08:50:00+00:00,0,normal,27.9367,7.8334,5.531,10.8703,18.2237
2026-03-14 09:00:00+00:00,0,normal,27.8506,7.8436,5.5955,10.9814,18.2152
2026-03-14 09:10:00+00:00,0,normal,27.8087,7.8186,5.5549,10.9398,18.1844
2026-03-14 09:20:00+00:00,0,normal,27.818,7.8169,5.4998,11.2045,18.188
2026-03-14 09:30:00+00:00,0,normal,27.8737,7.8375,5.4575,10.8265,18.1853
2026-03-14 09:40:00+00:00,0,normal,27.8683,7.8452,5.51,10.9856,18.1867
2026-03-14 09:50:00+00:00,0,normal,27.9583,7.8359,5.4542,11.0384,18.1911
2026-03-14 10:00:00+00:00,0,normal,28.0371,7.8513,5.4784,11.0226,18.1848
2026-03-14 10:10:00+00:00,0,normal,28.0669,7.8345,5.3688,10.918,18.1748
2026-03-14 10:20:00+00:00,0,normal,28.0994,7.8398,5.3497,11.1937,18.1597
2026-03-14 10:30:00+00:00,0,normal,28.0503,7.8219,5.3531,10.932,18.1423
2026-03-14 10:40:00+00:00,0,normal,27.9369,7.8181,5.3995,10.778,18.1387
2026-03-14 10:50:00+00:00,0,normal,27.8678,7.7929,5.4048,10.8213,18.1377
2026-03-14 11:00:00+00:00,0,normal,27.8291,7.7928,5.4847,10.5439,18.1289
2026-03-14 11:10:00+00:00,0,normal,27.7576,7.764,5.5502,10.5069,18.1289
2026-03-14 11:20:00+00:00,0,normal,27.7329,7.7443,5.5647,10.5927,18.1459
2026-03-14 11:30:00+00:00,0,normal,27.7653,7.7188,5.5721,10.6332,18.1502
2026-03-14 11:40:00+00:00,0,normal,27.793,7.7132,5.5778,10.3732,18.1498
2026-03-14 11:50:00+00:00,0,normal,27.8627,7.7136,5.4939,10.4663,18.1529
2026-03-14 12:00:00+00:00,0,normal,27.8002,7.6803,5.468,10.2396,18.1463
2026-03-14 12:10:00+00:00,0,normal,27.763,7.6746,5.4246,10.0545,18.1321
2026-03-14 12:20:00+00:00,0,normal,27.7237,7.684,5.452,10.0566,18.1143
2026-03-14 12:30:00+00:00,0,normal,27.6996,7.6644,5.4531,10.1121,18.1219
2026-03-14 12:40:00+00:00,0,normal,27.5991,7.6514,5.5925,10.1019,18.1061
2026-03-14 12:50:00+00:00,0,normal,27.6018,7.6484,5.6327,10.3571,18.0848
2026-03-14 13:00:00+00:00,0,normal,27.6389,7.6358,5.6465,10.4563,18.0771
2026-03-14 13:10:00+00:00,0,normal,27.6649,7.6145,5.6285,10.4539,18.0679
2026-03-14 13:20:00+00:00,0,normal,27.598,7.6295,5.5938,10.387,18.0683
2026-03-14 13:30:00+00:00,0,normal,27.5358,7.5998,5.5734,10.4064,18.0644
2026-03-14 13:40:00+00:00,0,normal,27.5298,7.5844,5.4987,10.1721,18.0789
2026-03-14 13:50:00+00:00,0,normal,27.4524,7.5666,5.5745,10.2564,18.075
2026-03-14 14:00:00+00:00,0,normal,27.3647,7.5624,5.6115,10.1147,18.0602
2026-03-14 14:10:00+00:00,0,normal,27.301,7.5206,5.707,10.2985,18.0434
2026-03-14 14:20:00+00:00,0,normal,27.3165,7.5285,5.6939,10.3423,18.0369
2026-03-14 14:30:00+00:00,0,normal,27.2675,7.5329,5.7814,10.2177,18.0445
2026-03-14 14:40:00+00:00,0,normal,27.2639,7.5358,5.8064,10.1191,18.0286
2026-03-14 14:50:00+00:00,0,normal,27.2705,7.5213,5.7784,9.9647,18.0283
2026-03-14 15:00:00+00:00,0,normal,27.2544,7.5165,5.8187,9.9152,17.9989
2026-03-14 15:10:00+00:00,0,normal,27.151,7.4931,5.8828,9.9532,17.9936
2026-03-14 15:20:00+00:00,0,normal,27.127,7.4719,5.8745,10.2345,17.9743
2026-03-14 15:30:00+00:00,0,normal,27.0535,7.4722,5.9388,10.2458,17.968
2026-03-14 15:40:00+00:00,0,normal,27.0457,7.4516,6.0445,10.232,17.977
2026-03-14 15:50:00+00:00,0,normal,26.9866,7.4518,6.0522,10.2148,17.9951
2026-03-14 16:00:00+00:00,0,normal,26.976,7.4329,6.0795,10.1974,17.9895
2026-03-14 16:10:00+00:00,0,normal,26.8949,7.4273,6.1769,10.1048,17.9783
2026-03-14 16:20:00+00:00,0,normal,26.8204,7.4008,6.1604,10.1287,17.9756
2026-03-14 16:30:00+00:00,0,normal,26.6633,7.422,6.1845,10.1027,17.9754
2026-03-14 16:40:00+00:00,0,normal,26.6089,7.4086,6.2559,10.09,17.9535
2026-03-14 16:50:00+00:00,0,normal,26.5489,7.4011,6.3821,10.0374,17.9659
2026-03-14 17:00:00+00:00,0,normal,26.5268,7.3947,6.4038,9.9292,17.9576
2026-03-14 17:10:00+00:00,0,normal,26.4888,7.3769,6.4948,9.9841,17.9644
2026-03-14 17:20:00+00:00,0,normal,26.4293,7.3403,6.5685,10.1446,17.9583
2026-03-14 17:30:00+00:00,0,normal,26.3555,7.3483,6.5494,10.1707,17.9735
2026-03-14 17:40:00+00:00,0,normal,26.2385,7.3482,6.5508,10.2454,17.9831
2026-03-14 17:50:00+00:00,0,normal,26.207,7.3545,6.5864,10.4251,17.9837
2026-03-14 18:00:00+00:00,0,normal,26.1276,7.3519,6.6516,10.2305,17.9684
2026-03-14 18:10:00+00:00,0,normal,26.1314,7.3482,6.7011,10.2546,17.9819
2026-03-14 18:20:00+00:00,0,normal,26.1066,7.329,6.7923,10.4765,17.9823
2026-03-14 18:30:00+00:00,0,normal,26.1199,7.3173,6.8398,10.5901,17.9636
2026-03-14 18:40:00+00:00,0,normal,26.012,7.3051,6.9033,10.6603,17.9862
2026-03-14 18:50:00+00:00,0,normal,25.9606,7.3143,6.9294,10.8533,17.9855
2026-03-14 19:00:00+00:00,0,normal,25.8499,7.3139,6.9486,10.8031,17.9642
2026-03-14 19:10:00+00:00,0,normal,25.8628,7.3103,6.9787,10.5679,17.9502
2026-03-14 19:20:00+00:00,0,normal,25.8182,7.3237,7.0113,10.3856,17.9471
2026-03-14 19:30:00+00:00,0,normal,25.8269,7.3179,7.0472,10.3028,17.9134
2026-03-14 19:40:00+00:00,0,normal,25.871,7.3116,6.9792,10.1326,17.9256
2026-03-14 19:50:00+00:00,0,normal,25.8587,7.3196,6.9796,10.3659,17.9261
2026-03-14 20:00:00+00:00,0,normal,25.7813,7.3081,7.0152,10.1084,17.9354
2026-03-14 20:10:00+00:00,0,normal,25.7505,7.2828,7.0302,10.2699,17.9159
2026-03-14 20:20:00+00:00,0,normal,25.6419,7.2737,7.0724,10.3969,17.9358
2026-03-14 20:30:00+00:00,0,normal,25.5611,7.2785,7.133,10.8337,17.9331
2026-03-14 20:40:00+00:00,0,normal,25.575,7.2804,7.1554,10.7234,17.9569
2026-03-14 20:50:00+00:00,0,normal,25.5218,7.2848,7.1555,10.9842,17.9534
2026-03-14 21:00:00+00:00,0,normal,25.4908,7.3183,7.1405,10.9261,17.9687
2026-03-14 21:10:00+00:00,0,normal,25.5108,7.3312,7.1965,10.9144,17.9638
2026-03-14 21:20:00+00:00,0,normal,25.5803,7.3343,7.1663,10.672,17.9556
2026-03-14 21:30:00+00:00,0,normal,25.4823,7.3147,7.2279,10.5929,17.9438
2026-03-14 21:40:00+00:00,0,normal,25.5099,7.3445,7.2349,10.7353,17.9406
2026-03-14 21:50:00+00:00,0,normal,25.5063,7.3319,7.2113,10.7459,17.9399
2026-03-14 22:00:00+00:00,0,normal,25.4857,7.3243,7.1223,10.5974,17.9471
2026-03-14 22:10:00+00:00,0,normal,25.3983,7.349,7.1791,10.4526,17.9618
2026-03-14 22:20:00+00:00,0,normal,25.4893,7.3711,7.0619,10.8783,17.9542
2026-03-14 22:30:00+00:00,0,normal,25.5006,7.3678,7.1131,10.9323,17.9522
2026-03-14 22:40:00+00:00,0,normal,25.5222,7.3923,7.1329,11.0177,17.9702
2026-03-14 22:50:00+00:00,0,normal,25.5926,7.4205,7.1281,11.1396,17.9552
2026-03-14 23:00:00+00:00,0,normal,25.6587,7.4179,7.1403,11.4177,17.9392
2026-03-14 23:10:00+00:00,0,normal,25.6768,7.4235,7.1901,11.0535,17.9423
2026-03-14 23:20:00+00:00,0,normal,25.6461,7.4293,7.166,11.0068,17.9541
2026-03-14 23:30:00+00:00,0,normal,25.6745,7.4234,7.145,10.9946,17.9447
2026-03-14 23:40:00+00:00,0,normal,25.6727,7.426,7.1597,10.9164,17.9616
2026-03-14 23:50:00+00:00,0,normal,25.6194,7.4242,7.1737,10.8508,17.9758
2026-03-15 00:00:00+00:00,0,normal,25.5575,7.4258,7.1761,10.9424,17.9583
2026-03-15 00:10:00+00:00,0,normal,25.5303,7.4313,7.1809,10.8573,17.9588
2026-03-15 00:20:00+00:00,0,normal,25.5432,7.4459,7.1117,10.7915,17.9651
2026-03-15 00:30:00+00:00,0,normal,25.566,7.4637,7.1353,10.7365,17.9622
2026-03-15 00:40:00+00:00,0,normal,25.5849,7.4787,7.0723,10.8839,17.965
2026-03-15 00:50:00+00:00,0,normal,25.7131,7.5161,7.032,11.1196,18.004
2026-03-15 01:00:00+00:00,0,normal,25.8272,7.5362,6.9528,11.1195,18.0235
2026-03-15 01:10:00+00:00,0,normal,25.9108,7.5435,6.9532,11.3178,18.0115
2026-03-15 01:20:00+00:00,0,normal,25.9527,7.5519,6.852,11.5183,17.999
2026-03-15 01:30:00+00:00,0,normal,25.9977,7.5707,6.8574,11.4157,18.0139
2026-03-15 01:40:00+00:00,0,normal,26.019,7.5548,6.8596,11.116,18.003
2026-03-15 01:50:00+00:00,0,normal,26.0815,7.5762,6.7962,11.1704,18.0026
2026-03-15 02:00:00+00:00,0,normal,26.0585,7.5794,6.8454,11.1198,18.0106
2026-03-15 02:10:00+00:00,0,normal,26.0398,7.592,6.8951,11.0281,18.0226
2026-03-15 02:20:00+00:00,0,normal,26.1296,7.5933,6.8142,10.9587,17.9956
2026-03-15 02:30:00+00:00,0,normal,26.1259,7.6105,6.7451,11.0555,17.9882
2026-03-15 02:40:00+00:00,0,normal,26.1921,7.5932,6.7301,10.7513,17.97
2026-03-15 02:50:00+00:00,0,normal,26.248,7.6203,6.6867,10.737,17.9677
2026-03-15 03:00:00+00:00,0,normal,26.4136,7.6178,6.5783,10.9216,17.978
2026-03-15 03:10:00+00:00,0,normal,26.3859,7.6122,6.5715,11.0496,17.9931
2026-03-15 03:20:00+00:00,0,normal,26.4798,7.6364,6.5715,11.2144,17.9996
2026-03-15 03:30:00+00:00,0,normal,26.5445,7.676,6.5701,11.5446,18.0047
2026-03-15 03:40:00+00:00,0,normal,26.5811,7.6719,6.5033,11.7109,18.0168
2026-03-15 03:50:00+00:00,0,normal,26.5676,7.6998,6.4879,11.55,17.9967
2026-03-15 04:00:00+00:00,0,normal,26.6841,7.7336,6.527,11.4863,17.9891
2026-03-15 04:10:00+00:00,0,normal,26.7093,7.7311,6.4955,11.3471,17.9856
2026-03-15 04:20:00+00:00,0,normal,26.7214,7.7349,6.3945,11.4154,18.0014
2026-03-15 04:30:00+00:00,0,normal,26.7614,7.7484,6.3708,11.1878,18.0002
2026-03-15 04:40:00+00:00,0,normal,26.8176,7.7535,6.3156,11.2663,18.0115
2026-03-15 04:50:00+00:00,0,normal,26.9048,7.7458,6.1851,11.2123,18.0331
2026-03-15 05:00:00+00:00,0,normal,26.9754,7.7453,6.1384,11.1944,18.0261
2026-03-15 05:10:00+00:00,0,normal,26.9838,7.75,6.1399,10.922,18.0026
2026-03-15 05:20:00+00:00,0,normal,27.1201,7.7686,6.137,11.0294,17.9973
2026-03-15 05:30:00+00:00,0,normal,27.2024,7.7719,6.1113,10.9202,17.9991
2026-03-15 05:40:00+00:00,0,normal,27.1974,7.8047,6.0721,10.9317,17.9727
2026-03-15 05:50:00+00:00,0,normal,27.2088,7.8376,6.0033,10.8532,17.9741
2026-03-15 06:00:00+00:00,0,normal,27.2598,7.8375,5.9571,11.1506,17.9639
2026-03-15 06:10:00+00:00,0,normal,27.2905,7.8245,5.8293,10.9906,17.9592
2026-03-15 06:20:00+00:00,0,normal,27.3212,7.8295,5.7922,10.8214,17.9523
2026-03-15 06:30:00+00:00,0,normal,27.4328,7.8132,5.7131,10.8926,17.9611
2026-03-15 06:40:00+00:00,0,normal,27.5121,7.8032,5.727,10.9124,17.9399
2026-03-15 06:50:00+00:00,0,normal,27.556,7.795,5.7033,10.8317,17.9537
2026-03-15 07:00:00+00:00,0,normal,27.6109,7.8016,5.7315,10.9669,17.9615
2026-03-15 07:10:00+00:00,0,normal,27.6209,7.7838,5.7358,11.1101,17.9727
2026-03-15 07:20:00+00:00,0,normal,27.6373,7.7943,5.7647,11.0559,17.983
2026-03-15 07:30:00+00:00,0,normal,27.6297,7.7727,5.7595,11.0349,17.9977
2026-03-15 07:40:00+00:00,0,normal,27.6771,7.7805,5.8083,11.127,18.0158
2026-03-15 07:50:00+00:00,0,normal,27.7131,7.7988,5.7263,11.0245,17.9976
2026-03-15 08:00:00+00:00,0,normal,27.738,7.8129,5.7151,11.1104,17.9748
2026-03-15 08:10:00+00:00,0,normal,27.7894,7.8028,5.6729,10.9587,17.9582
2026-03-15 08:20:00+00:00,0,normal,27.788,7.821,5.6688,11.1048,17.9616
2026-03-15 08:30:00+00:00,0,normal,27.8131,7.8155,5.5874,11.0711,17.9411
2026-03-15 08:40:00+00:00,0,normal,27.793,7.8073,5.6522,10.9559,17.9225
2026-03-15 08:50:00+00:00,0,normal,27.9019,7.8069,5.5251,10.9529,17.9162
2026-03-15 09:00:00+00:00,0,normal,27.8485,7.8097,5.4967,11.1312,17.9186
2026-03-15 09:10:00+00:00,0,normal,27.9724,7.8095,5.3799,11.2695,17.8987
2026-03-15 09:20:00+00:00,0,normal,28.0441,7.8163,5.334,11.1926,17.8872
2026-03-15 09:30:00+00:00,0,normal,28.0355,7.8244,5.2954,11.2532,17.9071
2026-03-15 09:40:00+00:00,0,normal,27.9681,7.8272,5.3382,11.1954,17.9155
2026-03-15 09:50:00+00:00,0,normal,28.0218,7.8301,5.3087,11.0962,17.9115
2026-03-15 10:00:00+00:00,0,normal,27.9484,7.8183,5.3351,10.9127,17.926
2026-03-15 10:10:00+00:00,0,normal,27.8957,7.8118,5.303,10.7486,17.9279
2026-03-15 10:20:00+00:00,0,normal,27.967,7.7919,5.2562,10.8273,17.9086
2026-03-15 10:30:00+00:00,0,normal,27.9962,7.7852,5.2618,10.651,17.9044
2026-03-15 10:40:00+00:00,0,normal,27.98,7.7788,5.313,10.711,17.9012
2026-03-15 10:50:00+00:00,0,normal,28.0297,7.7753,5.315,10.7069,17.8887
2026-03-15 11:00:00+00:00,0,normal,28.0568,7.7636,5.4138,10.8692,17.8893
2026-03-15 11:10:00+00:00,0,normal,28.0262,7.7525,5.4629,10.7731,17.8972
2026-03-15 11:20:00+00:00,0,normal,27.9726,7.737,5.5135,10.9632,17.8855
2026-03-15 11:30:00+00:00,0,normal,28.0165,7.7268,5.492,10.8233,17.8627
2026-03-15 11:40:00+00:00,0,normal,28.0405,7.7208,5.4946,10.5735,17.8716
2026-03-15 11:50:00+00:00,0,normal,28.0225,7.7284,5.4408,10.4905,17.8452
2026-03-15 12:00:00+00:00,0,normal,27.9407,7.744,5.4587,10.447,17.8376
2026-03-15 12:10:00+00:00,0,normal,27.8982,7.7324,5.5199,10.4844,17.8301
2026-03-15 12:20:00+00:00,0,normal,27.8033,7.7197,5.5539,10.4926,17.8204
2026-03-15 12:30:00+00:00,0,normal,27.7282,7.7194,5.5336,10.6142,17.8047
2026-03-15 12:40:00+00:00,0,normal,27.6083,7.6882,5.6236,10.5993,17.8132
2026-03-15 12:50:00+00:00,0,normal,27.6227,7.6465,5.648,10.6362,17.8101
2026-03-15 13:00:00+00:00,0,normal,27.6702,7.6601,5.5763,10.6212,17.8024
2026-03-15 13:10:00+00:00,0,normal,27.6653,7.6539,5.5279,10.5149,17.8142
2026-03-15 13:20:00+00:00,0,normal,27.5997,7.6345,5.6497,10.5583,17.7986
2026-03-15 13:30:00+00:00,0,normal,27.5941,7.6401,5.6458,10.4914,17.7933
2026-03-15 13:40:00+00:00,0,normal,27.5448,7.6439,5.6394,10.4845,17.7989
2026-03-15 13:50:00+00:00,0,normal,27.4492,7.6135,5.7258,10.529,17.7775
2026-03-15 14:00:00+00:00,0,normal,27.3993,7.5865,5.754,10.389,17.7765
2026-03-15 14:10:00+00:00,0,normal,27.3989,7.5697,5.727,10.4334,17.7953
2026-03-15 14:20:00+00:00,0,normal,27.4192,7.559,5.7038,10.4291,17.8017
2026-03-15 14:30:00+00:00,0,normal,27.3189,7.5439,5.8189,10.2542,17.791
2026-03-15 14:40:00+00:00,0,normal,27.2826,7.5316,5.817,10.0342,17.8194
2026-03-15 14:50:00+00:00,0,normal,27.2029,7.5432,5.9029,10.1444,17.7982
2026-03-15 15:00:00+00:00,0,normal,27.1261,7.5334,5.9834,10.0594,17.7745
2026-03-15 15:10:00+00:00,0,normal,27.0657,7.5196,5.9626,9.9523,17.7534
2026-03-15 15:20:00+00:00,0,normal,27.0885,7.5079,5.9337,10.1736,17.738
2026-03-15 15:30:00+00:00,0,normal,27.0774,7.518,5.904,10.2937,17.7318
2026-03-15 15:40:00+00:00,0,normal,27.052,7.4994,5.9422,10.4289,17.7337
2026-03-15 15:50:00+00:00,0,normal,26.9973,7.4905,5.9371,10.147,17.711
2026-03-15 16:00:00+00:00,0,normal,26.9026,7.4674,6.1026,10.1143,17.7126
2026-03-15 16:10:00+00:00,0,normal,26.7505,7.4502,6.2411,9.9729,17.7129
2026-03-15 16:20:00+00:00,0,normal,26.6938,7.4162,6.2651,9.895,17.7068
2026-03-15 16:30:00+00:00,0,normal,26.6124,7.386,6.3462,9.9754,17.7016
2026-03-15 16:40:00+00:00,0,normal,26.5802,7.3801,6.4539,9.8821,17.6996
2026-03-15 16:50:00+00:00,0,normal,26.5597,7.3695,6.4307,9.9482,17.6838
2026-03-15 17:00:00+00:00,0,normal,26.5236,7.3569,6.3712,10.0543,17.673
2026-03-15 17:10:00+00:00,0,normal,26.3889,7.3502,6.5125,10.0262,17.6547
2026-03-15 17:20:00+00:00,0,normal,26.4036,7.3583,6.5328,9.8786,17.6508
2026-03-15 17:30:00+00:00,0,normal,26.3439,7.3476,6.5256,10.0298,17.6704
2026-03-15 17:40:00+00:00,0,normal,26.2475,7.3585,6.5916,10.2389,17.6644
2026-03-15 17:50:00+00:00,0,normal,26.2375,7.3645,6.6054,10.1035,17.6785
2026-03-15 18:00:00+00:00,0,normal,26.2606,7.3815,6.6439,10.272,17.6743
2026-03-15 18:10:00+00:00,0,normal,26.1904,7.37,6.6393,10.4966,17.6741
2026-03-15 18:20:00+00:00,0,normal,26.0801,7.3684,6.6218,10.8317,17.6656
2026-03-15 18:30:00+00:00,0,normal,26.1141,7.3482,6.5851,10.7254,17.6738
2026-03-15 18:40:00+00:00,0,normal,26.109,7.3346,6.6085,10.74,17.67
2026-03-15 18:50:00+00:00,0,normal,26.0215,7.3286,6.6679,10.5744,17.6793
2026-03-15 19:00:00+00:00,0,normal,25.9034,7.3182,6.7222,10.6458,17.6802
2026-03-15 19:10:00+00:00,0,normal,25.9543,7.2925,6.8218,10.4946,17.6582
2026-03-15 19:20:00+00:00,0,normal,25.8744,7.2849,6.9594,10.6317,17.6637
2026-03-15 19:30:00+00:00,0,normal,25.7506,7.2654,7.0542,10.7563,17.6744
2026-03-15 19:40:00+00:00,0,normal,25.7131,7.2358,6.954,10.7908,17.6704
2026-03-15 19:50:00+00:00,0,normal,25.8357,7.2417,6.9092,10.5661,17.6774
2026-03-15 20:00:00+00:00,0,normal,25.7675,7.2596,6.8827,10.7398,17.6912
2026-03-15 20:10:00+00:00,0,normal,25.6948,7.2453,6.9403,10.6482,17.6963
2026-03-15 20:20:00+00:00,0,normal,25.6841,7.2754,6.9299,10.5665,17.6841
2026-03-15 20:30:00+00:00,0,normal,25.7315,7.2717,6.9746,10.5447,17.6854
2026-03-15 20:40:00+00:00,0,normal,25.6269,7.2757,7.0758,10.6299,17.6758
2026-03-15 20:50:00+00:00,0,normal,25.6566,7.2769,7.046,10.4654,17.6895
2026-03-15 21:00:00+00:00,0,normal,25.674,7.3071,6.9899,10.5502,17.6815
2026-03-15 21:10:00+00:00,0,normal,25.7395,7.3066,6.96,10.9031,17.6663
2026-03-15 21:20:00+00:00,0,normal,25.6316,7.3329,7.1274,11.0723,17.6566
2026-03-15 21:30:00+00:00,0,normal,25.5956,7.3336,7.1149,11.2592,17.6666
2026-03-15 21:40:00+00:00,0,normal,25.5463,7.3347,7.2503,11.2611,17.6548
2026-03-15 21:50:00+00:00,0,normal,25.5805,7.338,7.2041,11.295,17.6558
2026-03-15 22:00:00+00:00,0,normal,25.5425,7.3478,7.2601,11.1772,17.6732
2026-03-15 22:10:00+00:00,0,normal,25.5487,7.3508,7.1913,11.296,17.6773
2026-03-15 22:20:00+00:00,0,normal,25.5456,7.3631,7.23,11.2622,17.6641
2026-03-15 22:30:00+00:00,0,normal,25.4778,7.3726,7.2047,11.3666,17.6868
2026-03-15 22:40:00+00:00,0,normal,25.3497,7.369,7.3298,11.413,17.6842
2026-03-15 22:50:00+00:00,0,normal,25.3757,7.3719,7.3242,11.1866,17.6894
2026-03-15 23:00:00+00:00,0,normal,25.3947,7.3912,7.2948,11.2351,17.7243
2026-03-15 23:10:00+00:00,0,normal,25.3952,7.3938,7.2686,11.0128,17.737
2026-03-15 23:20:00+00:00,0,normal,25.5,7.4017,7.212,11.1718,17.7162
2026-03-15 23:30:00+00:00,0,normal,25.6507,7.4137,7.1083,11.2113,17.7226
2026-03-15 23:40:00+00:00,0,normal,25.6591,7.4223,7.083,11.4595,17.7133
2026-03-15 23:50:00+00:00,0,normal,25.7632,7.3987,7.0406,11.5317,17.6929
2026-03-16 00:00:00+00:00,0,normal,25.8142,7.411,6.9906,11.7735,18.2487
2026-03-16 00:10:00+00:00,0,normal,25.8207,7.4314,6.9563,11.5104,18.2656
2026-03-16 00:20:00+00:00,0,normal,25.8067,7.439,6.9908,11.4808,18.248
2026-03-16 00:30:00+00:00,0,normal,25.7708,7.4446,6.9367,11.1785,18.2619
2026-03-16 00:40:00+00:00,0,normal,25.7674,7.4918,6.9686,10.9604,18.2653
2026-03-16 00:50:00+00:00,0,normal,25.6947,7.5018,7.0231,10.8165,18.2552
2026-03-16 01:00:00+00:00,0,normal,25.6981,7.4834,7.1012,11.0504,18.2558
2026-03-16 01:10:00+00:00,0,normal,25.7273,7.4864,7.0931,10.9119,18.2659
2026-03-16 01:20:00+00:00,0,normal,25.7839,7.4949,7.1207,11.0488,18.2475
2026-03-16 01:30:00+00:00,0,normal,25.7737,7.4777,7.0716,11.1294,18.2559
2026-03-16 01:40:00+00:00,0,normal,25.9699,7.4951,7.0413,11.3197,18.263
2026-03-16 01:50:00+00:00,0,normal,26.0741,7.5274,6.9713,11.2636,18.2717
2026-03-16 02:00:00+00:00,0,normal,26.0934,7.5611,6.9444,11.6226,18.2761
2026-03-16 02:10:00+00:00,0,normal,26.151,7.5659,6.9546,11.6841,18.2888
2026-03-16 02:20:00+00:00,0,normal,26.1686,7.5816,6.908,11.7149,18.2838
2026-03-16 02:30:00+00:00,0,normal,26.1761,7.5923,6.8489,11.6334,18.2878
2026-03-16 02:40:00+00:00,0,normal,26.1768,7.6073,6.7715,11.6046,18.28
2026-03-16 02:50:00+00:00,0,normal,26.1811,7.6074,6.6907,11.5016,18.2911
2026-03-16 03:00:00+00:00,0,normal,26.2528,7.6081,6.614,11.4487,18.2892
2026-03-16 03:10:00+00:00,0,normal,26.3665,7.6252,6.5705,11.1518,18.2688
2026-03-16 03:20:00+00:00,0,normal,26.4283,7.6337,6.517,11.1056,18.2733
2026-03-16 03:30:00+00:00,0,normal,26.4877,7.6498,6.485,11.1193,18.2466
2026-03-16 03:40:00+00:00,0,normal,26.5986,7.6688,6.4158,11.0951,18.2315
2026-03-16 03:50:00+00:00,0,normal,26.7203,7.7067,6.395,11.0577,18.225
2026-03-16 04:00:00+00:00,0,normal,26.7588,7.7185,6.3814,11.3448,18.2505
2026-03-16 04:10:00+00:00,0,normal,26.8043,7.7418,6.3054,11.403,18.2405
2026-03-16 04:20:00+00:00,0,normal,26.8417,7.7535,6.2956,11.4657,18.2784
2026-03-16 04:30:00+00:00,0,normal,26.9341,7.7611,6.3273,11.4616,18.2765
2026-03-16 04:40:00+00:00,0,normal,26.8641,7.7814,6.3212,11.5934,18.2723
2026-03-16 04:50:00+00:00,0,normal,26.9008,7.7812,6.2679,11.5374,18.2432
2026-03-16 05:00:00+00:00,0,normal,26.8847,7.7636,6.2909,11.5375,18.2339
2026-03-16 05:10:00+00:00,0,normal,26.9351,7.7614,6.2164,11.4846,18.2103
2026-03-16 05:20:00+00:00,0,normal,27.0074,7.7646,6.0959,11.2137,18.2347
2026-03-16 05:30:00+00:00,0,normal,27.0892,7.7322,5.9916,11.163,18.2526
2026-03-16 05:40:00+00:00,0,normal,27.1824,7.7413,5.9037,11.1196,18.2735
2026-03-16 05:50:00+00:00,0,normal,27.3303,7.7668,5.8226,10.9981,18.2793
2026-03-16 06:00:00+00:00,0,normal,27.3998,7.7738,5.8178,10.9635,18.2901
2026-03-16 06:10:00+00:00,0,normal,27.4383,7.7756,5.7962,11.1201,18.2864
2026-03-16 06:20:00+00:00,0,normal,27.5259,7.8057,5.7698,11.1223,18.269
2026-03-16 06:30:00+00:00,0,normal,27.5495,7.8166,5.8438,11.231,18.2596
2026-03-16 06:40:00+00:00,0,normal,27.5658,7.8231,5.8955,11.3739,18.2561
2026-03-16 06:50:00+00:00,0,normal,27.6755,7.8253,5.8184,11.1317,18.231
2026-03-16 07:00:00+00:00,0,normal,27.6578,7.8408,5.8547,10.9381,18.2277
2026-03-16 07:10:00+00:00,0,normal,27.6435,7.831,5.8361,10.6868,18.2254
2026-03-16 07:20:00+00:00,0,normal,27.6403,7.8259,5.7574,10.5451,18.2247
2026-03-16 07:30:00+00:00,0,normal,27.6851,7.8373,5.6301,10.3941,18.2385
2026-03-16 07:40:00+00:00,0,normal,27.6936,7.8341,5.6193,10.6534,18.2459
2026-03-16 07:50:00+00:00,0,normal,27.7295,7.8216,5.5978,10.8841,18.243
2026-03-16 08:00:00+00:00,1,thermal_excursion,28.0534,7.8185,5.4489,11.1237,18.2289
2026-03-16 08:10:00+00:00,1,thermal_excursion,28.6461,7.8163,5.2486,11.0667,18.2329
2026-03-16 08:20:00+00:00,1,thermal_excursion,29.2083,7.8009,5.0813,11.0819,18.2119
2026-03-16 08:30:00+00:00,1,thermal_excursion,29.7414,7.8133,4.908,10.9893,18.1986
2026-03-16 08:40:00+00:00,1,thermal_excursion,30.3412,7.8189,4.6732,10.7119,18.1729
2026-03-16 08:50:00+00:00,1,thermal_excursion,30.9711,7.8281,4.5092,10.7994,18.1856
2026-03-16 09:00:00+00:00,1,thermal_excursion,31.6015,7.8249,4.3575,10.8896,18.1676
2026-03-16 09:10:00+00:00,1,thermal_excursion,32.1614,7.8137,4.1518,11.0263,18.1706
2026-03-16 09:20:00+00:00,1,thermal_excursion,32.198,7.791,4.0905,10.9211,18.1736
2026-03-16 09:30:00+00:00,1,thermal_excursion,32.2079,7.7938,4.079,10.8824,18.1646
2026-03-16 09:40:00+00:00,1,thermal_excursion,32.254,7.8013,4.0813,10.6503,18.1674
2026-03-16 09:50:00+00:00,1,thermal_excursion,32.24,7.8062,3.975,10.6236,18.1739
2026-03-16 10:00:00+00:00,1,thermal_excursion,32.1979,7.809,4.0282,10.5347,18.1493
2026-03-16 10:10:00+00:00,1,thermal_excursion,32.1914,7.8245,4.0503,10.6783,18.1569
2026-03-16 10:20:00+00:00,1,thermal_excursion,32.2131,7.8136,4.0564,10.8477,18.1675
2026-03-16 10:30:00+00:00,1,thermal_excursion,32.2323,7.8133,4.0185,11.0207,18.1498
2026-03-16 10:40:00+00:00,1,thermal_excursion,32.2249,7.7972,4.0682,10.9025,18.1385
2026-03-16 10:50:00+00:00,1,thermal_excursion,32.2153,7.7824,4.0761,10.9006,18.1616
2026-03-16 11:00:00+00:00,1,thermal_excursion,32.162,7.7602,4.0852,11.064,18.1533
2026-03-16 11:10:00+00:00,1,thermal_excursion,32.1049,7.7546,4.1095,10.9082,18.1594
2026-03-16 11:20:00+00:00,1,thermal_excursion,32.0549,7.7187,4.1573,10.7633,18.1622
2026-03-16 11:30:00+00:00,1,thermal_excursion,32.018,7.7309,4.1771,10.6384,18.1625
2026-03-16 11:40:00+00:00,1,thermal_excursion,31.9926,7.7294,4.1619,10.3938,18.1382
2026-03-16 11:50:00+00:00,1,thermal_excursion,31.9591,7.7391,4.1961,10.1969,18.1314
2026-03-16 12:00:00+00:00,1,thermal_excursion,31.8751,7.72,4.2375,10.1071,18.1227
2026-03-16 12:10:00+00:00,1,thermal_excursion,31.7297,7.7118,4.2623,10.0285,18.1137
2026-03-16 12:20:00+00:00,1,thermal_excursion,31.701,7.6941,4.2383,10.277,18.1237
2026-03-16 12:30:00+00:00,1,thermal_excursion,31.7946,7.6938,4.2436,10.3881,18.1343
2026-03-16 12:40:00+00:00,1,thermal_excursion,31.8677,7.666,4.1888,10.4103,18.1167
2026-03-16 12:50:00+00:00,1,thermal_excursion,31.8738,7.6393,4.1804,10.435,18.0978
2026-03-16 13:00:00+00:00,1,thermal_excursion,31.9554,7.6224,4.0912,10.5105,18.0979
2026-03-16 13:10:00+00:00,1,thermal_excursion,31.8696,7.605,4.1798,10.5851,18.0614
2026-03-16 13:20:00+00:00,1,thermal_excursion,31.6993,7.5915,4.2333,10.4715,18.046
2026-03-16 13:30:00+00:00,1,thermal_excursion,31.5503,7.5692,4.2787,10.3179,18.0432
2026-03-16 13:40:00+00:00,1,thermal_excursion,31.5347,7.5744,4.2919,10.5095,18.0428
2026-03-16 13:50:00+00:00,1,thermal_excursion,30.9265,7.5753,4.529,10.3893,18.0234
2026-03-16 14:00:00+00:00,1,thermal_excursion,30.3908,7.5815,4.7081,10.2477,18.0417
2026-03-16 14:10:00+00:00,1,thermal_excursion,29.863,7.5796,4.8738,10.1109,18.0332
2026-03-16 14:20:00+00:00,1,thermal_excursion,29.2939,7.5849,5.0855,9.8866,18.0428
2026-03-16 14:30:00+00:00,1,thermal_excursion,28.7021,7.5841,5.2484,9.847,18.0243
2026-03-16 14:40:00+00:00,1,thermal_excursion,28.0671,7.5817,5.48,9.829,18.0252
2026-03-16 14:50:00+00:00,1,thermal_excursion,27.4064,7.5383,5.7482,9.6796,17.9997
2026-03-16 15:00:00+00:00,0,normal,26.9406,7.5088,5.9683,9.9664,18.0106
2026-03-16 15:10:00+00:00,0,normal,26.9233,7.4861,6.1066,10.2957,17.9933
2026-03-16 15:20:00+00:00,0,normal,26.8565,7.4645,6.1675,10.1208,18.0017
2026-03-16 15:30:00+00:00,0,normal,26.7746,7.4544,6.232,10.2816,18.0036
2026-03-16 15:40:00+00:00,0,normal,26.7663,7.458,6.2224,10.3076,18.0044
2026-03-16 15:50:00+00:00,0,normal,26.7206,7.4514,6.2191,10.2549,17.979
2026-03-16 16:00:00+00:00,0,normal,26.7021,7.4635,6.1529,10.183,17.9839
2026-03-16 16:10:00+00:00,0,normal,26.6384,7.4385,6.2146,10.1525,17.9637
2026-03-16 16:20:00+00:00,0,normal,26.6752,7.4032,6.2521,10.0179,17.9692
2026-03-16 16:30:00+00:00,0,normal,26.6617,7.4053,6.201,9.7877,17.9714
2026-03-16 16:40:00+00:00,0,normal,26.6174,7.3973,6.2291,9.7652,17.9657
2026-03-16 16:50:00+00:00,0,normal,26.5058,7.376,6.2689,9.8152,17.9586
2026-03-16 17:00:00+00:00,0,normal,26.4925,7.3886,6.2832,9.9083,17.9783
2026-03-16 17:10:00+00:00,0,normal,26.4184,7.4068,6.3234,9.9802,17.9562
2026-03-16 17:20:00+00:00,0,normal,26.3392,7.3948,6.478,10.1455,17.9373
2026-03-16 17:30:00+00:00,0,normal,26.2733,7.373,6.5275,10.2715,17.947
2026-03-16 17:40:00+00:00,0,normal,26.2389,7.3729,6.6064,10.0956,17.954
2026-03-16 17:50:00+00:00,0,normal,26.1508,7.3575,6.6126,10.1489,17.9487
2026-03-16 18:00:00+00:00,0,normal,26.1095,7.3457,6.6048,10.0299,17.9577
2026-03-16 18:10:00+00:00,0,normal,26.081,7.3346,6.6031,10.1748,17.982
2026-03-16 18:20:00+00:00,0,normal,26.1055,7.3277,6.5765,10.1637,17.9957
2026-03-16 18:30:00+00:00,0,normal,26.0519,7.307,6.6513,10.0905,17.963
2026-03-16 18:40:00+00:00,0,normal,26.0476,7.3276,6.7376,10.2113,17.9476
2026-03-16 18:50:00+00:00,0,normal,26.0164,7.3139,6.7641,10.5489,17.9443
2026-03-16 19:00:00+00:00,0,normal,25.9952,7.3128,6.733,10.5535,17.9371
2026-03-16 19:10:00+00:00,0,normal,25.9295,7.3214,6.7966,10.382,17.908
2026-03-16 19:20:00+00:00,0,normal,25.8842,7.3246,6.7617,10.6238,17.9244
2026-03-16 19:30:00+00:00,0,normal,25.8577,7.309,6.7304,10.5102,17.9512
2026-03-16 19:40:00+00:00,0,normal,25.7801,7.3162,6.7619,10.5658,17.946
2026-03-16 19:50:00+00:00,0,normal,25.645,7.2989,6.8756,10.6631,17.945
2026-03-16 20:00:00+00:00,0,normal,25.6326,7.2988,6.9388,10.8566,17.9748
2026-03-16 20:10:00+00:00,0,normal,25.59,7.2937,6.975,11.1186,17.9826
2026-03-16 20:20:00+00:00,0,normal,25.4857,7.2999,7.0863,11.3478,17.9742
2026-03-16 20:30:00+00:00,0,normal,25.4962,7.3035,7.1257,11.1401,17.9827
2026-03-16 20:40:00+00:00,0,normal,25.5727,7.3115,7.1266,11.0732,17.9781
2026-03-16 20:50:00+00:00,0,normal,25.4754,7.3079,7.1314,11.2562,17.9588
2026-03-16 21:00:00+00:00,0,normal,25.501,7.3092,7.1595,10.9607,17.9691
2026-03-16 21:10:00+00:00,0,normal,25.4368,7.2964,7.1862,10.8171,17.9626
2026-03-16 21:20:00+00:00,0,normal,25.3902,7.2924,7.2686,10.7425,17.9491
2026-03-16 21:30:00+00:00,0,normal,25.3932,7.2959,7.272,10.5633,17.9626
2026-03-16 21:40:00+00:00,0,normal,25.4306,7.2921,7.2939,10.2307,17.9414
2026-03-16 21:50:00+00:00,0,normal,25.39,7.3256,7.2618,10.2414,17.9459
2026-03-16 22:00:00+00:00,0,normal,25.5041,7.3354,7.1933,10.2154,17.9454
2026-03-16 22:10:00+00:00,0,normal,25.4544,7.337,7.151,10.4182,17.9557
2026-03-16 22:20:00+00:00,0,normal,25.3907,7.3421,7.1394,10.6409,17.9479
2026-03-16 22:30:00+00:00,0,normal,25.4073,7.3613,7.1268,10.8728,17.9869
2026-03-16 22:40:00+00:00,0,normal,25.4759,7.344,7.1521,11.0078,17.9756
2026-03-16 22:50:00+00:00,0,normal,25.4111,7.3372,7.2092,11.1199,17.9785
2026-03-16 23:00:00+00:00,0,normal,25.4686,7.3511,7.2495,11.0439,17.9713
2026-03-16 23:10:00+00:00,0,normal,25.4444,7.3627,7.3026,11.2826,17.9656
2026-03-16 23:20:00+00:00,0,normal,25.419,7.3614,7.274,11.1477,17.9609
2026-03-16 23:30:00+00:00,0,normal,25.4089,7.3668,7.2763,11.2545,17.9629
2026-03-16 23:40:00+00:00,0,normal,25.473,7.3847,7.2547,11.127,17.9798
2026-03-16 23:50:00+00:00,0,normal,25.4875,7.3901,7.2457,11.154,17.9826
2026-03-17 00:00:00+00:00,0,normal,25.5253,7.3956,7.2048,11.182,17.9802
2026-03-17 00:10:00+00:00,0,normal,25.5674,7.4129,7.2164,11.3247,17.9787
2026-03-17 00:20:00+00:00,0,normal,25.5369,7.4485,7.2542,11.0901,17.9775
2026-03-17 00:30:00+00:00,0,normal,25.5196,7.4723,7.2442,11.1264,17.9531
2026-03-17 00:40:00+00:00,0,normal,25.5615,7.5054,7.1279,11.3484,17.9573
2026-03-17 00:50:00+00:00,0,normal,25.6002,7.5171,7.0509,11.1557,17.9756
2026-03-17 01:00:00+00:00,0,normal,25.6281,7.5406,7.0949,11.0678,17.9625
2026-03-17 01:10:00+00:00,0,normal,25.6874,7.5351,6.971,11.1531,17.9545
2026-03-17 01:20:00+00:00,0,normal,25.7799,7.5462,6.9095,11.2479,17.9601
2026-03-17 01:30:00+00:00,0,normal,25.8091,7.5439,6.9671,11.2427,17.9597
2026-03-17 01:40:00+00:00,0,normal,25.8584,7.5579,6.9371,11.1706,17.9618
2026-03-17 01:50:00+00:00,0,normal,26.0064,7.5663,6.7661,11.1485,17.9699
2026-03-17 02:00:00+00:00,0,normal,26.1215,7.5839,6.7182,11.313,17.996
2026-03-17 02:10:00+00:00,0,normal,26.1205,7.5686,6.7712,11.2456,17.9942
2026-03-17 02:20:00+00:00,0,normal,26.1545,7.5745,6.7811,10.9984,18.0049
2026-03-17 02:30:00+00:00,0,normal,26.1695,7.5955,6.7959,11.0862,17.9983
2026-03-17 02:40:00+00:00,0,normal,26.1789,7.6012,6.8331,11.1651,18.0041
2026-03-17 02:50:00+00:00,0,normal,26.1381,7.6082,6.8895,11.0184,17.968
2026-03-17 03:00:00+00:00,0,normal,26.2355,7.6312,6.7657,11.1921,17.9681
2026-03-17 03:10:00+00:00,0,normal,26.3918,7.6512,6.5644,11.3253,17.9638
2026-03-17 03:20:00+00:00,0,normal,26.4816,7.6556,6.6073,11.1127,17.9469
2026-03-17 03:30:00+00:00,0,normal,26.5217,7.6618,6.4989,11.1993,17.9208
2026-03-17 03:40:00+00:00,0,normal,26.6078,7.664,6.4425,11.2289,17.932
2026-03-17 03:50:00+00:00,0,normal,26.6314,7.6882,6.406,11.2676,17.9449
2026-03-17 04:00:00+00:00,0,normal,26.6513,7.6977,6.4671,11.4734,17.9506
2026-03-17 04:10:00+00:00,0,normal,26.6749,7.7095,6.3952,11.6831,17.9571
2026-03-17 04:20:00+00:00,0,normal,26.7515,7.7409,6.3723,11.5254,17.9812
2026-03-17 04:30:00+00:00,0,normal,26.7653,7.759,6.3193,11.7376,17.9957
2026-03-17 04:40:00+00:00,0,normal,26.8228,7.7711,6.2493,11.5536,18.0039
2026-03-17 04:50:00+00:00,0,normal,26.7987,7.7756,6.2196,11.5288,18.0104
2026-03-17 05:00:00+00:00,0,normal,26.8488,7.7788,6.1774,11.4801,18.0287
2026-03-17 05:10:00+00:00,0,normal,26.8376,7.756,6.1849,11.4759,18.0246
2026-03-17 05:20:00+00:00,0,normal,26.8229,7.7585,6.1943,11.5773,18.0191
2026-03-17 05:30:00+00:00,0,normal,26.8828,7.7318,6.2626,11.7014,18.0064
2026-03-17 05:40:00+00:00,0,normal,26.9539,7.74,6.2389,11.6625,17.9914
2026-03-17 05:50:00+00:00,0,normal,27.065,7.7559,6.1935,11.7005,17.9691
2026-03-17 06:00:00+00:00,0,normal,27.1439,7.7714,6.0851,11.7477,17.9851
2026-03-17 06:10:00+00:00,0,normal,27.2533,7.7774,6.0458,11.1537,17.9874
2026-03-17 06:20:00+00:00,0,normal,27.2913,7.7951,5.9611,11.2122,17.9925
2026-03-17 06:30:00+00:00,0,normal,27.346,7.8106,5.8519,11.0624,17.9981
2026-03-17 06:40:00+00:00,0,normal,27.4145,7.8105,5.7301,11.0384,18.0041
2026-03-17 06:50:00+00:00,0,normal,27.4117,7.8056,5.7826,11.0989,17.9751
2026-03-17 07:00:00+00:00,0,normal,27.4518,7.8148,5.6905,11.4087,17.9752
2026-03-17 07:10:00+00:00,0,normal,27.4667,7.8289,5.6371,11.1767,17.9707
2026-03-17 07:20:00+00:00,0,normal,27.4591,7.8136,5.6533,11.1565,17.9643
2026-03-17 07:30:00+00:00,0,normal,27.4522,7.8124,5.696,11.1295,17.9844
2026-03-17 07:40:00+00:00,0,normal,27.5228,7.8244,5.636,11.1269,17.9895
2026-03-17 07:50:00+00:00,0,normal,27.6267,7.8363,5.6054,11.0722,17.9764
2026-03-17 08:00:00+00:00,0,normal,27.7348,7.8439,5.603,11.1042,17.9685
2026-03-17 08:10:00+00:00,0,normal,27.9023,7.8538,5.4736,10.9837,17.9577
2026-03-17 08:20:00+00:00,0,normal,27.9145,7.8645,5.4468,10.8862,17.9324
2026-03-17 08:30:00+00:00,0,normal,27.9216,7.8629,5.469,10.7254,17.9428
2026-03-17 08:40:00+00:00,0,normal,27.8502,7.8483,5.5203,10.7816,17.9357
2026-03-17 08:50:00+00:00,0,normal,27.8572,7.8427,5.4596,10.7282,17.9244
2026-03-17 09:00:00+00:00,0,normal,27.7924,7.8417,5.5037,10.6359,17.9298
2026-03-17 09:10:00+00:00,0,normal,27.8334,7.8283,5.5186,10.7968,17.9156
2026-03-17 09:20:00+00:00,0,normal,27.8144,7.8126,5.4805,10.8156,17.901
2026-03-17 09:30:00+00:00,0,normal,27.8842,7.8161,5.3929,10.829,17.901
2026-03-17 09:40:00+00:00,0,normal,27.8745,7.8229,5.4083,10.8634,17.9071
2026-03-17 09:50:00+00:00,0,normal,27.8808,7.8028,5.4105,10.9059,17.9044
2026-03-17 10:00:00+00:00,0,normal,27.836,7.8005,5.4115,10.6034,17.9099
2026-03-17 10:10:00+00:00,0,normal,27.9207,7.805,5.3875,10.4703,17.9049
2026-03-17 10:20:00+00:00,0,normal,27.9803,7.8015,5.4302,10.2658,17.9007
2026-03-17 10:30:00+00:00,0,normal,27.9291,7.7811,5.4648,10.2971,17.8872
2026-03-17 10:40:00+00:00,0,normal,27.9437,7.8147,5.4672,10.3242,17.8865
2026-03-17 10:50:00+00:00,0,normal,27.8561,7.7988,5.5081,10.3795,17.8872
2026-03-17 11:00:00+00:00,0,normal,27.8263,7.8078,5.5086,10.1745,17.8941
2026-03-17 11:10:00+00:00,0,normal,27.6719,7.7991,5.5315,10.2981,17.8812
2026-03-17 11:20:00+00:00,0,normal,27.6773,7.794,5.532,10.3409,17.8899
2026-03-17 11:30:00+00:00,0,normal,27.5862,7.7517,5.5947,10.4364,17.874
2026-03-17 11:40:00+00:00,0,normal,27.6619,7.7506,5.5045,10.4209,17.8703
2026-03-17 11:50:00+00:00,0,normal,27.6457,7.7275,5.486,10.818,17.8363
2026-03-17 12:00:00+00:00,0,normal,27.6216,7.713,5.5098,10.808,17.8535
2026-03-17 12:10:00+00:00,0,normal,27.6009,7.6904,5.4828,10.7524,17.8408
2026-03-17 12:20:00+00:00,0,normal,27.601,7.6796,5.4808,10.559,17.8511
2026-03-17 12:30:00+00:00,0,normal,27.635,7.6687,5.4782,10.6309,17.8495
2026-03-17 12:40:00+00:00,0,normal,27.5876,7.6414,5.5317,10.7003,17.8429
2026-03-17 12:50:00+00:00,0,normal,27.5775,7.629,5.5345,10.8042,17.8366
2026-03-17 13:00:00+00:00,0,normal,27.537,7.6349,5.5807,10.7194,17.8291
2026-03-17 13:10:00+00:00,0,normal,27.5733,7.623,5.5926,10.7905,17.8128
2026-03-17 13:20:00+00:00,0,normal,27.5022,7.6216,5.6602,10.5474,17.8025
2026-03-17 13:30:00+00:00,0,normal,27.412,7.6088,5.8,10.4629,17.8148
2026-03-17 13:40:00+00:00,0,normal,27.4017,7.5912,5.8268,10.3458,17.7924
2026-03-17 13:50:00+00:00,0,normal,27.3656,7.5691,5.8336,10.3753,17.792
2026-03-17 14:00:00+00:00,0,normal,27.2443,7.56,5.8717,10.275,17.7738
2026-03-17 14:10:00+00:00,0,normal,27.1098,7.5352,5.9486,10.5117,17.7643
2026-03-17 14:20:00+00:00,0,normal,27.07,7.5374,5.9428,10.5294,17.773
2026-03-17 14:30:00+00:00,0,normal,27.0801,7.5248,5.9879,10.477,17.7609
2026-03-17 14:40:00+00:00,0,normal,27.0242,7.513,6.0142,10.7193,17.7481
2026-03-17 14:50:00+00:00,0,normal,26.9883,7.5135,6.0891,10.8666,17.7616
2026-03-17 15:00:00+00:00,0,normal,27.0026,7.4993,6.0753,10.751,17.7496
2026-03-17 15:10:00+00:00,0,normal,27.0537,7.5141,6.0028,10.5383,17.7154
2026-03-17 15:20:00+00:00,0,normal,26.9503,7.498,6.014,10.4152,17.7044
2026-03-17 15:30:00+00:00,0,normal,26.9491,7.4927,6.0992,10.2158,17.6978
2026-03-17 15:40:00+00:00,0,normal,26.8766,7.4737,6.1199,10.2503,17.6985
2026-03-17 15:50:00+00:00,0,normal,26.8071,7.4647,6.1284,10.538,17.6952
2026-03-17 16:00:00+00:00,0,normal,26.6724,7.4424,6.1956,10.5455,17.706
2026-03-17 16:10:00+00:00,0,normal,26.5888,7.4413,6.2154,10.6751,17.7207
2026-03-17 16:20:00+00:00,0,normal,26.4867,7.4249,6.2147,10.7226,17.7315
2026-03-17 16:30:00+00:00,0,normal,26.4848,7.425,6.218,10.7682,17.7207
2026-03-17 16:40:00+00:00,0,normal,26.4102,7.4081,6.2697,10.4471,17.723
2026-03-17 16:50:00+00:00,0,normal,26.3548,7.3814,6.3348,10.556,17.728
2026-03-17 17:00:00+00:00,0,normal,26.3537,7.3755,6.4344,10.3785,17.7342
2026-03-17 17:10:00+00:00,0,normal,26.2774,7.375,6.5595,10.1776,17.7067
2026-03-17 17:20:00+00:00,0,normal,26.2314,7.3578,6.6426,9.8706,17.693
2026-03-17 17:30:00+00:00,0,normal,26.2101,7.3597,6.6458,9.9458,17.6811
2026-03-17 17:40:00+00:00,0,normal,26.1523,7.355,6.7544,9.7272,17.6669
2026-03-17 17:50:00+00:00,0,normal,26.0034,7.3484,6.7956,9.7386,17.661
2026-03-17 18:00:00+00:00,0,normal,25.9696,7.3377,6.7764,9.7163,17.6631
2026-03-17 18:10:00+00:00,0,normal,25.8946,7.3196,6.8086,9.9053,17.6854
2026-03-17 18:20:00+00:00,0,normal,25.907,7.3099,6.897,9.9902,17.7005
2026-03-17 18:30:00+00:00,0,normal,25.8868,7.322,6.8069,9.9826,17.7002
2026-03-17 18:40:00+00:00,0,normal,25.9544,7.3064,6.7671,10.4287,17.6918
2026-03-17 18:50:00+00:00,0,normal,25.8806,7.301,6.8003,10.4899,17.6898
2026-03-17 19:00:00+00:00,0,normal,25.8204,7.3165,6.7658,10.3265,17.6546
2026-03-17 19:10:00+00:00,0,normal,25.7608,7.3257,6.8155,10.4038,17.6443
2026-03-17 19:20:00+00:00,0,normal,25.6694,7.3,6.976,10.6018,17.6606
2026-03-17 19:30:00+00:00,0,normal,25.6263,7.2949,7.0273,10.2292,17.6484
2026-03-17 19:40:00+00:00,0,normal,25.6608,7.3111,7.0446,10.3449,17.6706
2026-03-17 19:50:00+00:00,0,normal,25.6416,7.2892,7.1071,10.4368,17.6819
2026-03-17 20:00:00+00:00,0,normal,25.5542,7.2759,7.1296,10.3604,17.6872
2026-03-17 20:10:00+00:00,0,normal,25.521,7.2858,7.1452,10.5429,17.676
2026-03-17 20:20:00+00:00,0,normal,25.5225,7.2949,7.0985,10.6671,17.6957
2026-03-17 20:30:00+00:00,0,normal,25.4934,7.284,7.1275,10.7135,17.6946
2026-03-17 20:40:00+00:00,0,normal,25.4724,7.2817,7.1471,10.7521,17.6946
2026-03-17 20:50:00+00:00,0,normal,25.4482,7.2866,7.1409,10.8241,17.6975
2026-03-17 21:00:00+00:00,0,normal,25.4661,7.2936,7.0889,10.6009,17.709
2026-03-17 21:10:00+00:00,0,normal,25.3914,7.3018,7.2459,10.5208,17.71
2026-03-17 21:20:00+00:00,0,normal,25.3686,7.2945,7.2053,10.4313,17.6971
2026-03-17 21:30:00+00:00,0,normal,25.3707,7.3032,7.205,10.436,17.6981
2026-03-17 21:40:00+00:00,0,normal,25.3477,7.3108,7.2964,10.5571,17.6855
2026-03-17 21:50:00+00:00,0,normal,25.2861,7.2951,7.3054,10.7295,17.6912
2026-03-17 22:00:00+00:00,0,normal,25.2782,7.3057,7.2404,10.591,17.6877
2026-03-17 22:10:00+00:00,0,normal,25.1982,7.3142,7.325,10.85,17.6799
2026-03-17 22:20:00+00:00,0,normal,25.1599,7.3215,7.3647,11.0209,17.6753
2026-03-17 22:30:00+00:00,0,normal,25.1718,7.3173,7.3072,11.0565,17.6841
2026-03-17 22:40:00+00:00,0,normal,25.2468,7.334,7.2868,10.9978,17.6812
2026-03-17 22:50:00+00:00,0,normal,25.3219,7.3194,7.2826,11.1093,17.6781
2026-03-17 23:00:00+00:00,0,normal,25.324,7.3299,7.2779,10.7974,17.6976
2026-03-17 23:10:00+00:00,0,normal,25.429,7.3419,7.2366,10.9379,17.7002
2026-03-17 23:20:00+00:00,0,normal,25.4528,7.3642,7.2573,10.6559,17.7089
2026-03-17 23:30:00+00:00,0,normal,25.4637,7.3834,7.2322,10.5382,17.7101
2026-03-17 23:40:00+00:00,0,normal,25.3597,7.4093,7.297,10.6771,17.7205
2026-03-17 23:50:00+00:00,0,normal,25.4861,7.422,7.2315,10.6922,17.6945
2026-03-18 00:00:00+00:00,0,normal,25.4284,7.4453,7.2613,10.5844,18.2511
2026-03-18 00:10:00+00:00,0,normal,25.4594,7.4646,7.2297,10.8514,18.2374
2026-03-18 00:20:00+00:00,0,normal,25.404,7.4684,7.3577,11.0762,18.2333
2026-03-18 00:30:00+00:00,0,normal,25.4865,7.4759,7.282,11.0759,18.2284
2026-03-18 00:40:00+00:00,0,normal,25.5119,7.4792,7.26,11.279,18.2674
2026-03-18 00:50:00+00:00,0,normal,25.5347,7.4707,7.2006,11.435,18.2673
2026-03-18 01:00:00+00:00,0,normal,25.6138,7.4832,7.1085,11.2278,18.279
2026-03-18 01:10:00+00:00,0,normal,25.7606,7.5032,7.0002,11.3221,18.2733
2026-03-18 01:20:00+00:00,0,normal,25.773,7.5167,6.9513,11.4948,18.2805
2026-03-18 01:30:00+00:00,0,normal,25.8396,7.5293,6.9507,11.4669,18.2577
2026-03-18 01:40:00+00:00,0,normal,25.891,7.565,6.9274,11.3037,18.253
2026-03-18 01:50:00+00:00,0,normal,25.8932,7.5611,6.8938,11.5144,18.2485
2026-03-18 02:00:00+00:00,0,normal,25.9,7.5583,6.9025,11.2971,18.256
2026-03-18 02:10:00+00:00,0,normal,25.971,7.56,6.7867,11.0407,18.26
2026-03-18 02:20:00+00:00,0,normal,25.8654,7.5836,6.7962,11.1631,18.2689
2026-03-18 02:30:00+00:00,0,normal,25.9048,7.5703,6.7815,11.0181,18.2841
2026-03-18 02:40:00+00:00,0,normal,25.9026,7.5748,6.7535,10.8678,18.2945
2026-03-18 02:50:00+00:00,0,normal,26.0072,7.6224,6.6598,10.9268,18.2895
2026-03-18 03:00:00+00:00,0,normal,26.1123,7.6503,6.6856,11.1449,18.28
2026-03-18 03:10:00+00:00,0,normal,26.2889,7.6472,6.5863,10.9965,18.2882
2026-03-18 03:20:00+00:00,0,normal,26.3388,7.6586,6.5857,11.059,18.3005
2026-03-18 03:30:00+00:00,0,normal,26.404,7.662,6.6207,11.2883,18.3051
2026-03-18 03:40:00+00:00,0,normal,26.3746,7.6435,6.5953,11.3115,18.3166
2026-03-18 03:50:00+00:00,0,normal,26.4406,7.6529,6.567,11.1945,18.3357
2026-03-18 04:00:00+00:00,0,normal,26.4384,7.6809,6.6187,11.2939,18.3225
2026-03-18 04:10:00+00:00,0,normal,26.4156,7.68,6.5848,11.3801,18.3113
2026-03-18 04:20:00+00:00,0,normal,26.5425,7.6967,6.4792,11.2774,18.3152
2026-03-18 04:30:00+00:00,0,normal,26.6737,7.7083,6.3999,11.3608,18.3123
2026-03-18 04:40:00+00:00,0,normal,26.7167,7.7357,6.3328,11.4304,18.2879
2026-03-18 04:50:00+00:00,0,normal,26.832,7.7421,6.1937,11.4758,18.2862
2026-03-18 05:00:00+00:00,0,normal,27.0126,7.7776,6.1343,11.3071,18.2937
2026-03-18 05:10:00+00:00,0,normal,27.0295,7.7851,6.1347,11.4343,18.2832
2026-03-18 05:20:00+00:00,0,normal,26.9522,7.7686,6.1282,11.2779,18.2763
2026-03-18 05:30:00+00:00,0,normal,26.9442,7.7485,6.169,11.1048,18.2805
2026-03-18 05:40:00+00:00,0,normal,26.9792,7.7461,6.14,10.916,18.2997
2026-03-18 05:50:00+00:00,0,normal,26.9802,7.7447,6.0915,11.0246,18.2921
2026-03-18 06:00:00+00:00,0,normal,27.0198,7.7582,6.0563,10.7962,18.2849
2026-03-18 06:10:00+00:00,0,normal,27.1069,7.7784,6.0909,10.7785,18.2883
2026-03-18 06:20:00+00:00,0,normal,27.1157,7.7729,6.0297,11.0568,18.2876
2026-03-18 06:30:00+00:00,0,normal,27.2041,7.7934,5.9503,11.0341,18.2796
2026-03-18 06:40:00+00:00,0,normal,27.3197,7.796,5.8955,10.8096,18.2806
2026-03-18 06:50:00+00:00,0,normal,27.3679,7.8013,5.8034,10.8365,18.2908
2026-03-18 07:00:00+00:00,0,normal,27.453,7.8134,5.6993,11.1515,18.2643
2026-03-18 07:10:00+00:00,0,normal,27.4925,7.8317,5.7229,10.9063,18.2645
2026-03-18 07:20:00+00:00,0,normal,27.4865,7.8119,5.6802,10.8855,18.2669
2026-03-18 07:30:00+00:00,0,normal,27.5176,7.8305,5.6257,11.0711,18.245
2026-03-18 07:40:00+00:00,0,normal,27.4962,7.8266,5.6399,11.2605,18.2485
2026-03-18 07:50:00+00:00,0,normal,27.5343,7.8268,5.5574,10.9763,18.2661
2026-03-18 08:00:00+00:00,0,normal,27.6187,7.8385,5.4478,10.9605,18.2666
2026-03-18 08:10:00+00:00,0,normal,27.6423,7.8372,5.4907,11.0787,18.2582
2026-03-18 08:20:00+00:00,0,normal,27.6637,7.8342,5.446,11.1336,18.2487
2026-03-18 08:30:00+00:00,0,normal,27.8156,7.8538,5.4498,10.9955,18.2358
2026-03-18 08:40:00+00:00,0,normal,27.8118,7.8553,5.504,10.8961,18.2305
2026-03-18 08:50:00+00:00,0,normal,27.8358,7.8376,5.5028,10.924,18.2137
2026-03-18 09:00:00+00:00,0,normal,27.8368,7.8621,5.4582,10.985,18.2153
2026-03-18 09:10:00+00:00,0,normal,27.7696,7.8483,5.5113,10.9751,18.2059
2026-03-18 09:20:00+00:00,0,normal,27.7185,7.8344,5.5583,10.9871,18.1869
2026-03-18 09:30:00+00:00,0,normal,27.7611,7.8261,5.5072,11.0744,18.1909
2026-03-18 09:40:00+00:00,0,normal,27.7525,7.8232,5.5022,11.2289,18.1993
2026-03-18 09:50:00+00:00,0,normal,27.7231,7.806,5.5185,11.1134,18.1751
2026-03-18 10:00:00+00:00,0,normal,27.7322,7.7985,5.5404,10.9868,18.1808
2026-03-18 10:10:00+00:00,0,normal,27.7066,7.7704,5.512,10.9559,18.1799
2026-03-18 10:20:00+00:00,0,normal,27.6504,7.769,5.5427,10.8416,18.1653
2026-03-18 10:30:00+00:00,0,normal,27.6497,7.7513,5.5398,10.8713,18.148
2026-03-18 10:40:00+00:00,0,normal,27.69,7.7445,5.5229,10.9261,18.1478
2026-03-18 10:50:00+00:00,0,normal,27.7331,7.7419,5.4545,10.9279,18.1508
2026-03-18 11:00:00+00:00,0,normal,27.7074,7.7606,5.4685,10.8021,18.145
2026-03-18 11:10:00+00:00,0,normal,27.7035,7.7396,5.4858,10.8897,18.1332
2026-03-18 11:20:00+00:00,0,normal,27.7323,7.738,5.5334,10.678,18.1215
2026-03-18 11:30:00+00:00,0,normal,27.6932,7.7181,5.5596,10.6897,18.1169
2026-03-18 11:40:00+00:00,0,normal,27.6387,7.6937,5.5218,10.6404,18.1105
2026-03-18 11:50:00+00:00,0,normal,27.6407,7.6867,5.574,10.4737,18.0999
2026-03-18 12:00:00+00:00,0,normal,27.6775,7.6737,5.5656,10.4094,18.1011
2026-03-18 12:10:00+00:00,0,normal,27.6369,7.6774,5.5717,10.4904,18.1169
2026-03-18 12:20:00+00:00,0,normal,27.6539,7.6761,5.566,10.4367,18.1123
2026-03-18 12:30:00+00:00,0,normal,27.6229,7.6769,5.6156,10.4888,18.1112
2026-03-18 12:40:00+00:00,0,normal,27.5648,7.6578,5.5694,10.5652,18.1231
2026-03-18 12:50:00+00:00,0,normal,27.5586,7.6656,5.5079,10.5704,18.115
2026-03-18 13:00:00+00:00,0,normal,27.5105,7.6402,5.5032,10.3979,18.1071
2026-03-18 13:10:00+00:00,0,normal,27.4156,7.6248,5.612,10.0157,18.0805
2026-03-18 13:20:00+00:00,0,normal,27.4258,7.6241,5.6732,9.8932,18.0651
2026-03-18 13:30:00+00:00,0,normal,27.3962,7.6014,5.6984,10.0036,18.0411
2026-03-18 13:40:00+00:00,0,normal,27.3344,7.589,5.8552,9.964,18.049
2026-03-18 13:50:00+00:00,0,normal,27.312,7.5583,5.8955,9.9884,18.0416
2026-03-18 14:00:00+00:00,0,normal,27.2491,7.5255,5.8406,10.3508,18.0465
2026-03-18 14:10:00+00:00,0,normal,27.1714,7.5106,5.8677,10.3264,18.0391
2026-03-18 14:20:00+00:00,0,normal,27.1702,7.5059,5.9325,10.1639,18.0319
2026-03-18 14:30:00+00:00,0,normal,27.1638,7.4854,5.881,10.2199,18.0174
2026-03-18 14:40:00+00:00,0,normal,27.033,7.4928,6.0005,10.1663,18.0088
2026-03-18 14:50:00+00:00,0,normal,27.0661,7.4992,6.091,9.9574,18.0114
2026-03-18 15:00:00+00:00,0,normal,26.9932,7.4726,6.1287,10.2266,18.0078
2026-03-18 15:10:00+00:00,0,normal,26.8671,7.4465,6.1033,10.1977,18.0156
2026-03-18 15:20:00+00:00,0,normal,26.7147,7.4202,6.2072,10.0755,18.0316
2026-03-18 15:30:00+00:00,0,normal,26.687,7.4175,6.2143,10.1979,18.0223
2026-03-18 15:40:00+00:00,0,normal,26.5424,7.4018,6.2112,10.2682,18.0324
2026-03-18 15:50:00+00:00,0,normal,26.4978,7.4091,6.2626,9.9446,18.0338
2026-03-18 16:00:00+00:00,0,normal,26.5215,7.4134,6.235,10.2576,18.039
2026-03-18 16:10:00+00:00,0,normal,26.4788,7.4246,6.2472,10.2508,18.0177
2026-03-18 16:20:00+00:00,0,normal,26.4036,7.4058,6.2026,10.1765,18.0174
2026-03-18 16:30:00+00:00,0,normal,26.3808,7.4019,6.2962,10.232,18.0095
2026-03-18 16:40:00+00:00,0,normal,26.3141,7.384,6.3157,10.624,18.0198
2026-03-18 16:50:00+00:00,0,normal,26.2324,7.3734,6.4704,10.3868,18.0086
2026-03-18 17:00:00+00:00,0,normal,26.2091,7.3519,6.4895,10.3782,17.9987
2026-03-18 17:10:00+00:00,0,normal,26.1842,7.353,6.5485,10.4662,18.0022
2026-03-18 17:20:00+00:00,0,normal,26.0855,7.3566,6.5391,10.655,18.0085
2026-03-18 17:30:00+00:00,0,normal,26.0125,7.362,6.622,10.4402,17.9828
2026-03-18 17:40:00+00:00,0,normal,25.9586,7.3537,6.6402,10.463,17.9685
2026-03-18 17:50:00+00:00,0,normal,25.9079,7.3513,6.7255,10.6173,17.9807
2026-03-18 18:00:00+00:00,0,normal,25.8946,7.3348,6.7873,10.3453,17.9679
2026-03-18 18:10:00+00:00,0,normal,25.9599,7.3186,6.8362,10.0599,17.9626
2026-03-18 18:20:00+00:00,0,normal,25.9368,7.2989,6.8676,9.8571,17.9673
2026-03-18 18:30:00+00:00,0,normal,25.9116,7.2909,6.8997,9.8626,17.973
2026-03-18 18:40:00+00:00,0,normal,25.7735,7.2749,6.976,9.7777,17.9682
2026-03-18 18:50:00+00:00,0,normal,25.6983,7.2746,6.9542,9.7312,17.9785
2026-03-18 19:00:00+00:00,0,normal,25.5533,7.2357,7.0066,9.8348,17.956
2026-03-18 19:10:00+00:00,0,normal,25.5055,7.2317,6.9705,10.1205,17.9665
2026-03-18 19:20:00+00:00,0,normal,25.5479,7.2336,6.9519,10.1565,17.9639
2026-03-18 19:30:00+00:00,0,normal,25.5738,7.255,6.9753,10.0632,17.9578
2026-03-18 19:40:00+00:00,0,normal,25.4916,7.26,7.1026,10.5115,17.9513
2026-03-18 19:50:00+00:00,0,normal,25.5113,7.3029,7.1003,10.7201,17.9596
2026-03-18 20:00:00+00:00,0,normal,25.4631,7.2993,7.2016,10.7163,17.9484
2026-03-18 20:10:00+00:00,0,normal,25.2896,7.2903,7.2926,10.7194,17.9393
2026-03-18 20:20:00+00:00,0,normal,25.3266,7.2796,7.241,10.8713,17.9297
2026-03-18 20:30:00+00:00,0,normal,25.3705,7.2772,7.1601,10.8015,17.9356
2026-03-18 20:40:00+00:00,0,normal,25.3447,7.2541,7.2426,10.6249,17.9415
2026-03-18 20:50:00+00:00,0,normal,25.3279,7.2719,7.2051,10.6513,17.94
2026-03-18 21:00:00+00:00,0,normal,25.3322,7.2828,7.1883,10.7626,17.9655
2026-03-18 21:10:00+00:00,0,normal,25.2952,7.2965,7.2361,10.7421,17.9751
2026-03-18 21:20:00+00:00,0,normal,25.2533,7.28,7.2922,10.6273,17.9752
2026-03-18 21:30:00+00:00,0,normal,25.1177,7.2843,7.3214,10.6102,17.9627
2026-03-18 21:40:00+00:00,0,normal,25.2091,7.2641,7.3267,10.6375,17.9874
2026-03-18 21:50:00+00:00,0,normal,25.2193,7.282,7.3411,10.4404,17.9829
2026-03-18 22:00:00+00:00,0,normal,25.171,7.2793,7.3409,10.5204,17.9946
2026-03-18 22:10:00+00:00,0,normal,25.1963,7.3077,7.3521,10.631,17.9847
2026-03-18 22:20:00+00:00,0,normal,25.3236,7.3292,7.2967,10.6322,17.9789
2026-03-18 22:30:00+00:00,0,normal,25.2653,7.3542,7.2938,10.759,17.9555
2026-03-18 22:40:00+00:00,0,normal,25.2478,7.348,7.2522,11.0899,17.9619
2026-03-18 22:50:00+00:00,0,normal,25.1979,7.3523,7.3049,11.1844,17.9394
2026-03-18 23:00:00+00:00,0,normal,25.178,7.3528,7.3414,11.4065,17.9599
2026-03-18 23:10:00+00:00,0,normal,25.2241,7.3659,7.3288,11.5799,17.9714
2026-03-18 23:20:00+00:00,0,normal,25.1876,7.3717,7.3843,11.4632,17.9849
2026-03-18 23:30:00+00:00,0,normal,25.1926,7.4084,7.4011,11.2978,17.9792
2026-03-18 23:40:00+00:00,0,normal,25.299,7.4391,7.2404,11.2308,17.9882
2026-03-18 23:50:00+00:00,0,normal,25.2929,7.4322,7.1995,11.0997,17.9736
2026-03-19 00:00:00+00:00,0,normal,25.2492,7.4338,7.145,10.9835,17.9728
2026-03-19 00:10:00+00:00,0,normal,25.2838,7.4369,7.1208,10.8226,17.9885
2026-03-19 00:20:00+00:00,0,normal,25.3344,7.4347,7.1642,10.8535,17.9926
2026-03-19 00:30:00+00:00,0,normal,25.2626,7.4224,7.2506,11.0297,17.9824
2026-03-19 00:40:00+00:00,0,normal,25.2904,7.4533,7.2224,10.7237,17.9744
2026-03-19 00:50:00+00:00,0,normal,25.3461,7.4457,7.2192,10.9374,17.9896
2026-03-19 01:00:00+00:00,0,normal,25.4021,7.448,7.1822,11.1851,17.9733
2026-03-19 01:10:00+00:00,0,normal,25.4824,7.4689,7.0952,11.2182,17.9537
2026-03-19 01:20:00+00:00,0,normal,25.6432,7.4898,7.0005,11.1531,17.9926
2026-03-19 01:30:00+00:00,0,normal,25.7566,7.4919,6.987,11.5574,17.981
2026-03-19 01:40:00+00:00,0,normal,25.8224,7.528,7.0666,11.4214,17.9734
2026-03-19 01:50:00+00:00,0,normal,25.8516,7.5432,7.0804,11.4764,17.9748
2026-03-19 02:00:00+00:00,0,normal,25.8315,7.5303,7.0773,11.6087,17.9862
2026-03-19 02:10:00+00:00,0,normal,25.8112,7.5253,7.1049,11.6083,17.9721
2026-03-19 02:20:00+00:00,0,normal,25.8243,7.5372,7.0424,11.3916,18.0028
2026-03-19 02:30:00+00:00,0,normal,25.8685,7.5429,6.9072,11.3873,18.0091
2026-03-19 02:40:00+00:00,0,normal,25.9449,7.5755,6.853,11.0676,18.0091
2026-03-19 02:50:00+00:00,0,normal,26.0126,7.5947,6.8454,11.0313,18.0208
2026-03-19 03:00:00+00:00,0,normal,26.0906,7.6264,6.7636,10.9731,18.0118
2026-03-19 03:10:00+00:00,0,normal,26.1661,7.6459,6.7443,11.0339,17.9941
2026-03-19 03:20:00+00:00,0,normal,26.2199,7.6683,6.7591,11.122,18.0019
2026-03-19 03:30:00+00:00,0,normal,26.2487,7.6603,6.6906,11.211,18.0186
2026-03-19 03:40:00+00:00,0,normal,26.2757,7.6591,6.6257,11.1775,18.0147
2026-03-19 03:50:00+00:00,0,normal,26.2696,7.6647,6.6743,11.1884,18.0176
2026-03-19 04:00:00+00:00,0,normal,26.253,7.6694,6.6793,11.2373,18.0307
2026-03-19 04:10:00+00:00,0,normal,26.284,7.671,6.6289,11.1965,18.01
2026-03-19 04:20:00+00:00,0,normal,26.3573,7.6883,6.6001,11.5358,17.9889
2026-03-19 04:30:00+00:00,0,normal,26.3898,7.7147,6.5898,11.5653,17.9949
2026-03-19 04:40:00+00:00,0,normal,26.4557,7.7328,6.5136,11.749,17.9956
2026-03-19 04:50:00+00:00,0,normal,26.5418,7.7404,6.4003,11.9182,18.0106
2026-03-19 05:00:00+00:00,0,normal,26.5527,7.7313,6.3169,11.9665,18.0282
2026-03-19 05:10:00+00:00,0,normal,26.6016,7.7345,6.2905,11.5569,18.0284
2026-03-19 05:20:00+00:00,0,normal,26.6929,7.7251,6.2248,11.4795,18.0261
2026-03-19 05:30:00+00:00,0,normal,26.7357,7.728,6.2137,11.202,18.0207
2026-03-19 05:40:00+00:00,0,normal,26.7788,7.7488,6.1884,11.3543,17.9889
2026-03-19 05:50:00+00:00,0,normal,26.8743,7.7644,6.1829,11.1491,17.99
2026-03-19 06:00:00+00:00,0,normal,26.8762,7.7681,6.151,11.1762,17.9964
2026-03-19 06:10:00+00:00,0,normal,26.9255,7.7688,6.1514,10.8859,18.0149
2026-03-19 06:20:00+00:00,0,normal,27.0142,7.7702,6.1091,10.879,18.0097
2026-03-19 06:30:00+00:00,0,normal,27.0294,7.765,6.091,10.5638,18.0288
2026-03-19 06:40:00+00:00,0,normal,26.9987,7.7822,6.1042,10.7792,18.0103
2026-03-19 06:50:00+00:00,0,normal,27.0157,7.7962,6.0564,10.8108,17.9954
2026-03-19 07:00:00+00:00,0,normal,27.0497,7.8183,5.903,11.2282,17.9872
2026-03-19 07:10:00+00:00,0,normal,27.024,7.803,5.9299,11.3183,17.9705
2026-03-19 07:20:00+00:00,0,normal,27.0759,7.8011,5.9051,11.2337,17.9606
2026-03-19 07:30:00+00:00,0,normal,27.2308,7.8105,5.8387,11.1148,17.9797
2026-03-19 07:40:00+00:00,0,normal,27.2699,7.803,5.8116,11.3694,17.9702
2026-03-19 07:50:00+00:00,0,normal,27.3064,7.7841,5.8411,11.2265,17.9411
2026-03-19 08:00:00+00:00,0,normal,27.4603,7.812,5.6866,11.0914,17.9642
2026-03-19 08:10:00+00:00,0,normal,27.5151,7.8138,5.6709,11.1707,17.9499
2026-03-19 08:20:00+00:00,0,normal,27.4675,7.8106,5.655,11.1753,17.9334
2026-03-19 08:30:00+00:00,0,normal,27.535,7.8165,5.6514,10.9767,17.9361
2026-03-19 08:40:00+00:00,0,normal,27.582,7.8284,5.6306,11.0613,17.9487
2026-03-19 08:50:00+00:00,0,normal,27.5854,7.8305,5.6391,10.9089,17.948
2026-03-19 09:00:00+00:00,0,normal,27.5685,7.8197,5.6037,10.8787,17.9502
2026-03-19 09:10:00+00:00,0,normal,27.5692,7.8193,5.6373,10.8969,17.9169
2026-03-19 09:20:00+00:00,0,normal,27.5375,7.808,5.5868,10.735,17.9241
2026-03-19 09:30:00+00:00,0,normal,27.5359,7.8073,5.5708,10.4359,17.9167
2026-03-19 09:40:00+00:00,0,normal,27.4319,7.7864,5.5979,10.7737,17.9049
2026-03-19 09:50:00+00:00,0,normal,27.4397,7.7894,5.6925,10.8397,17.908
2026-03-19 10:00:00+00:00,0,normal,27.4372,7.7639,5.6666,10.879,17.9313
2026-03-19 10:10:00+00:00,0,normal,27.5262,7.7648,5.6364,10.9382,17.9187
2026-03-19 10:20:00+00:00,0,normal,27.5024,7.7468,5.6966,11.0995,17.8975
2026-03-19 10:30:00+00:00,0,normal,27.5632,7.7593,5.696,11.0024,17.888
2026-03-19 10:40:00+00:00,0,normal,27.5156,7.7496,5.6481,10.6616,17.877
2026-03-19 10:50:00+00:00,0,normal,27.5442,7.7611,5.6312,10.5057,17.8755
2026-03-19 11:00:00+00:00,0,normal,27.451,7.7616,5.7024,10.5738,17.8654
2026-03-19 11:10:00+00:00,0,normal,27.4404,7.7658,5.6863,10.6104,17.863
2026-03-19 11:20:00+00:00,0,normal,27.4899,7.7414,5.5978,10.488,17.8578
2026-03-19 11:30:00+00:00,0,normal,27.5631,7.743,5.6027,10.7908,17.8476
2026-03-19 11:40:00+00:00,0,normal,27.5333,7.7279,5.5816,10.7601,17.8233
2026-03-19 11:50:00+00:00,0,normal,27.6692,7.7177,5.48,10.9112,17.8312
2026-03-19 12:00:00+00:00,0,normal,27.6269,7.6895,5.481,10.89,17.8178
2026-03-19 12:10:00+00:00,0,normal,27.5624,7.6622,5.5492,10.9626,17.8133
2026-03-19 12:20:00+00:00,0,normal,27.4447,7.6591,5.5358,10.6748,17.8194
2026-03-19 12:30:00+00:00,0,normal,27.4096,7.6193,5.5961,10.5011,17.8393
2026-03-19 12:40:00+00:00,0,normal,27.213,7.601,5.7628,10.4701,17.8489
2026-03-19 12:50:00+00:00,0,normal,27.2204,7.604,5.7189,10.4661,17.8671
2026-03-19 13:00:00+00:00,0,normal,27.1439,7.6085,5.7592,10.3865,17.8538
2026-03-19 13:10:00+00:00,0,normal,27.1495,7.5754,5.7754,10.4536,17.841
2026-03-19 13:20:00+00:00,0,normal,27.1575,7.5931,5.7491,10.607,17.8257
2026-03-19 13:30:00+00:00,0,normal,27.1439,7.5829,5.7872,10.2675,17.7992
2026-03-19 13:40:00+00:00,0,normal,27.1031,7.5982,5.8515,10.1048,17.7836
2026-03-19 13:50:00+00:00,0,normal,27.0859,7.5875,5.9353,10.1898,17.7962
2026-03-19 14:00:00+00:00,0,normal,26.9975,7.5959,5.9954,10.3048,17.795
2026-03-19 14:10:00+00:00,0,normal,26.8838,7.5641,6.1139,10.2278,17.7956
2026-03-19 14:20:00+00:00,0,normal,26.8575,7.5607,6.0722,10.5407,17.7811
2026-03-19 14:30:00+00:00,0,normal,26.8187,7.5266,6.1137,10.6969,17.7793
2026-03-19 14:40:00+00:00,0,normal,26.7896,7.5171,6.088,10.5358,17.7484
2026-03-19 14:50:00+00:00,0,normal,26.7835,7.4982,6.1489,10.3051,17.7527
2026-03-19 15:00:00+00:00,0,normal,26.7465,7.5162,6.1331,10.4037,17.7383
2026-03-19 15:10:00+00:00,0,normal,26.6599,7.4961,6.2024,10.1719,17.7317
2026-03-19 15:20:00+00:00,0,normal,26.5952,7.4752,6.2793,9.9813,17.7206
2026-03-19 15:30:00+00:00,0,normal,26.4789,7.4529,6.3188,10.0862,17.7358
2026-03-19 15:40:00+00:00,0,normal,26.4219,7.4467,6.328,10.3025,17.7106
2026-03-19 15:50:00+00:00,0,normal,26.3748,7.4249,6.3384,10.3221,17.7005
2026-03-19 16:00:00+00:00,0,normal,26.3706,7.4009,6.3948,10.3766,17.7056
2026-03-19 16:10:00+00:00,0,normal,26.2829,7.4007,6.4425,10.1946,17.712
2026-03-19 16:20:00+00:00,0,normal,26.2102,7.3856,6.5407,10.2761,17.6862
2026-03-19 16:30:00+00:00,0,normal,26.1801,7.3737,6.4931,10.1103,17.6981
2026-03-19 16:40:00+00:00,0,normal,26.0193,7.3477,6.6245,10.0602,17.7006
2026-03-19 16:50:00+00:00,0,normal,25.9227,7.3477,6.6309,10.0448,17.7107
2026-03-19 17:00:00+00:00,0,normal,25.8469,7.3283,6.6212,10.5492,17.704
2026-03-19 17:10:00+00:00,0,normal,25.8639,7.3468,6.6091,10.6767,17.7316
2026-03-19 17:20:00+00:00,0,normal,25.7789,7.3369,6.6797,10.722,17.7285
2026-03-19 17:30:00+00:00,0,normal,25.8148,7.3522,6.6749,10.5484,17.7175
2026-03-19 17:40:00+00:00,0,normal,25.7828,7.3745,6.7559,10.4316,17.7094
2026-03-19 17:50:00+00:00,0,normal,25.7516,7.374,6.7736,10.2248,17.7081
2026-03-19 18:00:00+00:00,0,normal,25.6437,7.3645,6.8338,9.9501,17.6876
2026-03-19 18:10:00+00:00,0,normal,25.614,7.3496,6.9051,9.8904,17.6771
2026-03-19 18:20:00+00:00,0,normal,25.571,7.3442,6.8558,9.9935,17.6646
2026-03-19 18:30:00+00:00,0,normal,25.5107,7.3051,6.881,10.1962,17.6657
2026-03-19 18:40:00+00:00,0,normal,25.4505,7.2992,6.9998,10.1723,17.6585
2026-03-19 18:50:00+00:00,0,normal,25.3795,7.285,7.1117,10.194,17.6583
2026-03-19 19:00:00+00:00,0,normal,25.3359,7.2938,7.1662,10.2931,17.6529
2026-03-19 19:10:00+00:00,0,normal,25.3213,7.2692,7.2214,10.3499,17.6691
2026-03-19 19:20:00+00:00,0,normal,25.2463,7.2643,7.2556,10.3424,17.6655
2026-03-19 19:30:00+00:00,0,normal,25.2727,7.271,7.2768,10.4003,17.6676
2026-03-19 19:40:00+00:00,0,normal,25.3062,7.2646,7.1936,10.291,17.6692
2026-03-19 19:50:00+00:00,0,normal,25.3054,7.2463,7.2168,10.3683,17.6668
2026-03-19 20:00:00+00:00,0,normal,25.2734,7.2565,7.1953,10.3665,17.6679
2026-03-19 20:10:00+00:00,0,normal,25.318,7.2669,7.2161,10.2512,17.6563
2026-03-19 20:20:00+00:00,0,normal,25.3417,7.266,7.1999,10.2005,17.6526
2026-03-19 20:30:00+00:00,0,normal,25.2777,7.273,7.1724,10.5308,17.6613
2026-03-19 20:40:00+00:00,0,normal,25.1816,7.2876,7.2108,10.6235,17.6676
2026-03-19 20:50:00+00:00,0,normal,25.0943,7.28,7.2713,10.6966,17.686
2026-03-19 21:00:00+00:00,0,normal,25.1156,7.2819,7.2029,10.7323,17.6888
2026-03-19 21:10:00+00:00,0,normal,25.0838,7.2908,7.2212,10.6469,17.6759
2026-03-19 21:20:00+00:00,0,normal,25.0469,7.2835,7.3222,10.4395,17.6689
2026-03-19 21:30:00+00:00,0,normal,25.0463,7.2803,7.3569,10.3756,17.6691
2026-03-19 21:40:00+00:00,0,normal,25.08,7.2803,7.4128,10.3923,17.6856
2026-03-19 21:50:00+00:00,0,normal,25.0535,7.2877,7.4486,10.4432,17.6875
2026-03-19 22:00:00+00:00,0,normal,24.9384,7.2823,7.5196,10.7133,17.6902
2026-03-19 22:10:00+00:00,0,normal,24.8982,7.2733,7.5356,10.8832,17.6934
2026-03-19 22:20:00+00:00,0,normal,25.0021,7.2787,7.4502,10.6142,17.6981
2026-03-19 22:30:00+00:00,0,normal,25.0271,7.2873,7.4428,10.6465,17.6578
2026-03-19 22:40:00+00:00,0,normal,25.0038,7.3004,7.4546,10.825,17.6662
2026-03-19 22:50:00+00:00,0,normal,25.0496,7.2895,7.437,10.7744,17.6861
2026-03-19 23:00:00+00:00,0,normal,25.1463,7.3189,7.3828,10.8195,17.6879
2026-03-19 23:10:00+00:00,0,normal,25.0252,7.3366,7.4128,11.1053,17.6884
2026-03-19 23:20:00+00:00,0,normal,24.9975,7.3576,7.3877,11.109,17.6971
2026-03-19 23:30:00+00:00,0,normal,25.001,7.3549,7.3186,11.0436,17.6898
2026-03-19 23:40:00+00:00,0,normal,24.9449,7.3808,7.353,11.0638,17.6747
2026-03-19 23:50:00+00:00,0,normal,24.9378,7.3991,7.3463,10.9579,17.6889
2026-03-20 00:00:00+00:00,0,normal,25.0019,7.4036,7.3327,11.1283,18.2648
2026-03-20 00:10:00+00:00,0,normal,25.0461,7.3929,7.3926,11.3128,18.2605
2026-03-20 00:20:00+00:00,0,normal,25.0493,7.4164,7.4508,11.2796,18.2623
2026-03-20 00:30:00+00:00,0,normal,25.1241,7.4299,7.3804,11.1504,18.2656
2026-03-20 00:40:00+00:00,0,normal,25.1003,7.4283,7.3692,11.0852,18.2618
2026-03-20 00:50:00+00:00,0,normal,25.1514,7.4234,7.392,11.028,18.2322
2026-03-20 01:00:00+00:00,0,normal,25.1861,7.4521,7.3155,10.9539,18.2493
2026-03-20 01:10:00+00:00,0,normal,25.1928,7.4438,7.2771,11.0743,18.26
2026-03-20 01:20:00+00:00,0,normal,25.269,7.4426,7.1852,11.2736,18.2697
2026-03-20 01:30:00+00:00,0,normal,25.3637,7.456,7.2328,11.3745,18.2753
2026-03-20 01:40:00+00:00,0,normal,25.3831,7.4796,7.1515,11.1257,18.2826
2026-03-20 01:50:00+00:00,0,normal,25.359,7.4864,7.1251,11.0201,18.2775
2026-03-20 02:00:00+00:00,0,normal,25.4772,7.5164,7.0796,11.1699,18.2639
2026-03-20 02:10:00+00:00,0,normal,25.4759,7.5391,7.1038,11.1566,18.2443
2026-03-20 02:20:00+00:00,0,normal,25.5354,7.5483,7.0164,11.277,18.2426
2026-03-20 02:30:00+00:00,0,normal,25.5707,7.5586,7.0219,11.6056,18.2411
2026-03-20 02:40:00+00:00,0,normal,25.6831,7.5736,6.998,11.5771,18.2523
2026-03-20 02:50:00+00:00,0,normal,25.7497,7.5771,6.9898,11.428,18.2608
2026-03-20 03:00:00+00:00,0,normal,25.8637,7.5948,6.9148,11.4625,18.2824
2026-03-20 03:10:00+00:00,0,normal,25.9534,7.6031,6.9222,11.3195,18.2752
2026-03-20 03:20:00+00:00,0,normal,26.0463,7.6351,6.8365,11.2652,18.2763
2026-03-20 03:30:00+00:00,0,normal,26.127,7.657,6.8218,11.5043,18.2517
2026-03-20 03:40:00+00:00,0,normal,26.0742,7.6402,6.7926,11.4388,18.2472
2026-03-20 03:50:00+00:00,0,normal,26.0969,7.6448,6.7313,11.1952,18.2396
2026-03-20 04:00:00+00:00,0,normal,26.1015,7.6716,6.5954,11.3178,18.2374
2026-03-20 04:10:00+00:00,0,normal,26.1873,7.6738,6.567,11.2056,18.252
2026-03-20 04:20:00+00:00,0,normal,26.2084,7.6731,6.5368,11.082,18.2597
2026-03-20 04:30:00+00:00,0,normal,26.3355,7.7106,6.446,11.0314,18.2661
2026-03-20 04:40:00+00:00,0,normal,26.4084,7.7217,6.4154,11.2245,18.2762
2026-03-20 04:50:00+00:00,0,normal,26.5112,7.7308,6.4191,11.3364,18.2685
2026-03-20 05:00:00+00:00,0,normal,26.515,7.7208,6.3927,11.4004,18.261
2026-03-20 05:10:00+00:00,0,normal,26.6152,7.7298,6.2759,11.1929,18.2764
2026-03-20 05:20:00+00:00,0,normal,26.5958,7.7496,6.2658,11.3197,18.2796
2026-03-20 05:30:00+00:00,0,normal,26.5805,7.7525,6.2961,11.307,18.2756
2026-03-20 05:40:00+00:00,0,normal,26.5067,7.7603,6.3239,11.1863,18.2737
2026-03-20 05:50:00+00:00,0,normal,26.589,7.8084,6.2872,11.2863,18.2674
2026-03-20 06:00:00+00:00,0,normal,26.6317,7.8155,6.2726,11.3989,18.2489
2026-03-20 06:10:00+00:00,0,normal,26.7724,7.8005,6.2006,11.314,18.2381
2026-03-20 06:20:00+00:00,0,normal,26.8521,7.805,6.15,11.1857,18.2353
2026-03-20 06:30:00+00:00,0,normal,26.9587,7.8092,6.0737,11.1698,18.2387
2026-03-20 06:40:00+00:00,0,normal,26.9694,7.7964,5.9973,11.0665,18.2467
2026-03-20 06:50:00+00:00,0,normal,27.0391,7.8267,5.9412,11.0803,18.2456
2026-03-20 07:00:00+00:00,0,normal,27.1082,7.8421,5.9417,11.178,18.2516
2026-03-20 07:10:00+00:00,0,normal,27.2,7.8546,5.874,11.1603,18.2456
2026-03-20 07:20:00+00:00,0,normal,27.2694,7.8424,5.759,11.1353,18.2363
2026-03-20 07:30:00+00:00,0,normal,27.3572,7.8134,5.7279,11.1647,18.2293
2026-03-20 07:40:00+00:00,0,normal,27.3297,7.7911,5.7158,11.1146,18.235
2026-03-20 07:50:00+00:00,0,normal,27.2863,7.7783,5.7304,10.8617,18.2227
2026-03-20 08:00:00+00:00,1,possible_leak,27.2829,7.7785,5.8066,10.769,17.8751
2026-03-20 08:10:00+00:00,1,possible_leak,27.2636,7.7657,5.8719,10.7514,17.5551
2026-03-20 08:20:00+00:00,1,possible_leak,27.235,7.7783,5.8571,10.8504,17.2183
2026-03-20 08:30:00+00:00,1,possible_leak,27.2277,7.7785,5.8683,10.8212,16.8864
2026-03-20 08:40:00+00:00,1,possible_leak,27.3002,7.7933,5.8082,10.9998,16.564
2026-03-20 08:50:00+00:00,1,possible_leak,27.3437,7.7862,5.7206,10.8969,16.2535
2026-03-20 09:00:00+00:00,1,possible_leak,27.4475,7.8217,5.7002,10.898,15.9008
2026-03-20 09:10:00+00:00,1,possible_leak,27.41,7.8368,5.7928,10.5688,15.5387
2026-03-20 09:20:00+00:00,1,possible_leak,27.5313,7.8301,5.7523,10.5692,15.1905
2026-03-20 09:30:00+00:00,1,possible_leak,27.448,7.8326,5.7838,10.5046,14.8364
2026-03-20 09:40:00+00:00,1,possible_leak,27.3932,7.8412,5.8265,10.5649,14.4899
2026-03-20 09:50:00+00:00,1,possible_leak,27.3249,7.8146,5.8018,10.846,14.1421
2026-03-20 10:00:00+00:00,1,possible_leak,27.4339,7.8007,5.7043,10.8751,14.144
2026-03-20 10:10:00+00:00,1,possible_leak,27.3743,7.7975,5.7027,10.9612,14.1257
2026-03-20 10:20:00+00:00,1,possible_leak,27.4206,7.7732,5.6099,11.0927,14.1337
2026-03-20 10:30:00+00:00,1,possible_leak,27.4313,7.7464,5.5955,11.2837,14.1457
2026-03-20 10:40:00+00:00,1,possible_leak,27.3978,7.7508,5.6415,10.7789,14.1461
2026-03-20 10:50:00+00:00,1,possible_leak,27.3828,7.7464,5.5694,10.8331,14.1611
2026-03-20 11:00:00+00:00,1,possible_leak,27.3924,7.7349,5.604,10.5408,14.1689
2026-03-20 11:10:00+00:00,1,possible_leak,27.4365,7.7269,5.642,10.317,14.1679
2026-03-20 11:20:00+00:00,1,possible_leak,27.4637,7.7184,5.621,10.4463,14.1579
2026-03-20 11:30:00+00:00,1,possible_leak,27.4002,7.6937,5.6321,10.4035,14.1649
2026-03-20 11:40:00+00:00,1,possible_leak,27.2945,7.6843,5.7149,10.2794,14.1507
2026-03-20 11:50:00+00:00,1,possible_leak,27.2601,7.6713,5.7019,10.6637,14.1379
2026-03-20 12:00:00+00:00,1,possible_leak,27.1736,7.6746,5.7258,10.6596,14.1074
2026-03-20 12:10:00+00:00,1,possible_leak,27.1125,7.6713,5.6868,10.356,14.0985
2026-03-20 12:20:00+00:00,1,possible_leak,27.1392,7.6663,5.7041,10.5338,14.0865
2026-03-20 12:30:00+00:00,1,possible_leak,27.1874,7.6605,5.7428,10.5532,14.1023
2026-03-20 12:40:00+00:00,1,possible_leak,27.1544,7.6649,5.8106,10.0315,14.1102
2026-03-20 12:50:00+00:00,1,possible_leak,27.1512,7.6346,5.8344,9.8826,14.1091
2026-03-20 13:00:00+00:00,1,possible_leak,27.1121,7.6116,5.8674,10.1895,14.1012
2026-03-20 13:10:00+00:00,1,possible_leak,27.1199,7.5991,5.8637,10.1658,14.0935
2026-03-20 13:20:00+00:00,1,possible_leak,26.9978,7.5774,5.8886,10.3621,14.0646
2026-03-20 13:30:00+00:00,1,possible_leak,26.9352,7.5694,5.8679,10.5322,14.0409
2026-03-20 13:40:00+00:00,1,possible_leak,26.7831,7.5654,5.9762,10.6611,14.0515
2026-03-20 13:50:00+00:00,1,possible_leak,26.7049,7.577,6.0483,10.4025,14.0437
2026-03-20 14:00:00+00:00,1,possible_leak,26.6411,7.56,6.0515,10.2933,14.0479
2026-03-20 14:10:00+00:00,1,possible_leak,26.7275,7.5468,6.0039,10.1434,14.038
2026-03-20 14:20:00+00:00,1,possible_leak,26.619,7.5169,6.1046,10.1228,14.0414
2026-03-20 14:30:00+00:00,1,possible_leak,26.6157,7.4994,6.0887,10.2517,14.0338
2026-03-20 14:40:00+00:00,1,possible_leak,26.6294,7.486,6.1179,10.3125,14.0141
2026-03-20 14:50:00+00:00,1,possible_leak,26.6533,7.4595,6.1502,10.3453,14.0126
2026-03-20 15:00:00+00:00,1,possible_leak,26.5228,7.4443,6.3025,10.3296,14.0268
2026-03-20 15:10:00+00:00,1,possible_leak,26.5598,7.4504,6.2607,10.4127,14.0391
2026-03-20 15:20:00+00:00,1,possible_leak,26.5388,7.4453,6.2841,10.0848,14.0232
2026-03-20 15:30:00+00:00,1,possible_leak,26.4584,7.432,6.2792,9.9202,14.0405
2026-03-20 15:40:00+00:00,1,possible_leak,26.343,7.4627,6.313,9.9164,14.0236
2026-03-20 15:50:00+00:00,1,possible_leak,26.2571,7.4557,6.3424,9.8608,13.9932
2026-03-20 16:00:00+00:00,1,possible_leak,26.2027,7.4454,6.3629,9.9642,13.9772
2026-03-20 16:10:00+00:00,1,possible_leak,26.1017,7.4574,6.4449,10.2154,14.3014
2026-03-20 16:20:00+00:00,1,possible_leak,26.0968,7.4438,6.544,10.2638,14.6351
2026-03-20 16:30:00+00:00,1,possible_leak,26.04,7.4138,6.5878,10.1804,14.9777
2026-03-20 16:40:00+00:00,1,possible_leak,26.0009,7.4125,6.5675,10.3053,15.3341
2026-03-20 16:50:00+00:00,1,possible_leak,25.861,7.3993,6.6596,10.259,15.6694
2026-03-20 17:00:00+00:00,1,possible_leak,25.8291,7.3695,6.6334,10.1342,16.0105
2026-03-20 17:10:00+00:00,1,possible_leak,25.7864,7.3537,6.6637,10.0763,16.3352
2026-03-20 17:20:00+00:00,1,possible_leak,25.7242,7.3611,6.7241,10.1144,16.6609
2026-03-20 17:30:00+00:00,1,possible_leak,25.6893,7.3437,6.7736,10.0826,16.9945
2026-03-20 17:40:00+00:00,1,possible_leak,25.665,7.3379,6.7948,10.2565,17.3354
2026-03-20 17:50:00+00:00,1,possible_leak,25.6484,7.3355,6.8248,10.3117,17.6708
2026-03-20 18:00:00+00:00,0,normal,25.5059,7.3452,6.8945,10.3567,17.9994
2026-03-20 18:10:00+00:00,0,normal,25.4682,7.3167,6.9823,10.6803,17.9918
2026-03-20 18:20:00+00:00,0,normal,25.4239,7.3061,6.9924,10.6091,17.9809
2026-03-20 18:30:00+00:00,0,normal,25.4207,7.3002,7.0592,10.35,17.9629
2026-03-20 18:40:00+00:00,0,normal,25.3442,7.2814,7.1381,10.3431,17.9645
2026-03-20 18:50:00+00:00,0,normal,25.3377,7.2638,7.1628,10.3998,17.947
2026-03-20 19:00:00+00:00,0,normal,25.3113,7.2825,7.0707,10.3184,17.9378
2026-03-20 19:10:00+00:00,0,normal,25.2499,7.2699,7.1669,10.1922,17.9217
2026-03-20 19:20:00+00:00,0,normal,25.1891,7.2621,7.161,10.3626,17.9293
2026-03-20 19:30:00+00:00,0,normal,25.2531,7.2861,7.1728,10.4245,17.9165
2026-03-20 19:40:00+00:00,0,normal,25.1959,7.2821,7.1723,10.4326,17.9203
2026-03-20 19:50:00+00:00,0,normal,25.1821,7.2597,7.2496,10.2755,17.9407
2026-03-20 20:00:00+00:00,0,normal,25.1167,7.2711,7.2801,10.4523,17.9618
2026-03-20 20:10:00+00:00,0,normal,25.1211,7.2615,7.3517,10.4173,17.9476
2026-03-20 20:20:00+00:00,0,normal,25.0507,7.2495,7.3676,10.3901,17.9361
2026-03-20 20:30:00+00:00,0,normal,25.0412,7.249,7.4073,10.4659,17.9321
2026-03-20 20:40:00+00:00,0,normal,24.9354,7.2501,7.4845,10.4395,17.9261
2026-03-20 20:50:00+00:00,0,normal,24.885,7.2571,7.5481,10.7296,17.9225
2026-03-20 21:00:00+00:00,0,normal,24.8206,7.2791,7.5034,10.8538,17.9212
2026-03-20 21:10:00+00:00,0,normal,24.7976,7.2841,7.5498,10.9804,17.9275
2026-03-20 21:20:00+00:00,0,normal,24.763,7.3011,7.5558,10.9622,17.9273
2026-03-20 21:30:00+00:00,0,normal,24.7984,7.3263,7.4877,11.1617,17.9216
2026-03-20 21:40:00+00:00,0,normal,24.8067,7.3221,7.4545,10.9784,17.9353
2026-03-20 21:50:00+00:00,0,normal,24.8133,7.316,7.5626,10.9044,17.9479
2026-03-20 22:00:00+00:00,0,normal,24.7483,7.3116,7.562,10.8159,17.9707
2026-03-20 22:10:00+00:00,0,normal,24.7819,7.2938,7.528,10.919,17.9899
2026-03-20 22:20:00+00:00,0,normal,24.7603,7.288,7.5937,11.0378,17.9918
2026-03-20 22:30:00+00:00,0,normal,24.773,7.291,7.5801,11.0376,17.9752
2026-03-20 22:40:00+00:00,0,normal,24.7624,7.2992,7.5182,11.0193,17.9778
2026-03-20 22:50:00+00:00,0,normal,24.7772,7.297,7.511,11.1125,17.9788
2026-03-20 23:00:00+00:00,0,normal,24.7421,7.3175,7.5526,11.1106,17.9692
2026-03-20 23:10:00+00:00,0,normal,24.8109,7.3113,7.5047,10.8884,17.9841
2026-03-20 23:20:00+00:00,0,normal,24.8549,7.337,7.5637,10.8209,17.9947
2026-03-20 23:30:00+00:00,0,normal,24.8157,7.3353,7.5776,10.9597,17.9914
2026-03-20 23:40:00+00:00,0,normal,24.8455,7.3548,7.5693,11.1036,17.9943
2026-03-20 23:50:00+00:00,0,normal,24.9466,7.377,7.5405,11.3698,18.0005
2026-03-21 00:00:00+00:00,0,normal,24.9032,7.3948,7.5149,11.5016,18.0167
2026-03-21 00:10:00+00:00,0,normal,24.9952,7.4033,7.4605,11.6168,18.0164
2026-03-21 00:20:00+00:00,0,normal,25.0708,7.4179,7.3883,11.649,18.024
2026-03-21 00:30:00+00:00,0,normal,25.1406,7.4396,7.3966,11.4362,18.0136
2026-03-21 00:40:00+00:00,0,normal,25.1761,7.4499,7.3884,11.2767,18.0023
2026-03-21 00:50:00+00:00,0,normal,25.2528,7.4735,7.3747,11.359,17.9846
2026-03-21 01:00:00+00:00,0,normal,25.1844,7.4744,7.3316,11.4766,17.9627
2026-03-21 01:10:00+00:00,0,normal,25.218,7.4983,7.337,11.5778,17.9752
2026-03-21 01:20:00+00:00,0,normal,25.2803,7.4982,7.2822,11.6281,17.9632
2026-03-21 01:30:00+00:00,0,normal,25.2541,7.4904,7.2074,11.5187,17.9646
2026-03-21 01:40:00+00:00,0,normal,25.3145,7.4943,7.184,11.3954,17.9702
2026-03-21 01:50:00+00:00,0,normal,25.3916,7.5214,7.1428,11.1738,17.9864
2026-03-21 02:00:00+00:00,0,normal,25.475,7.5137,7.0612,11.0626,17.9746
2026-03-21 02:10:00+00:00,0,normal,25.4287,7.5371,7.0188,11.2147,17.988
2026-03-21 02:20:00+00:00,0,normal,25.4827,7.5555,7.0192,11.3417,17.9971
2026-03-21 02:30:00+00:00,0,normal,25.4641,7.5611,7.0235,11.392,17.9952
2026-03-21 02:40:00+00:00,0,normal,25.5368,7.5744,6.964,11.6346,17.9888
2026-03-21 02:50:00+00:00,0,normal,25.5851,7.5893,6.9691,11.6469,17.9856
2026-03-21 03:00:00+00:00,0,normal,25.7025,7.6167,6.9154,11.5136,17.9924
2026-03-21 03:10:00+00:00,0,normal,25.7583,7.6272,6.9147,11.1336,17.9916
2026-03-21 03:20:00+00:00,0,normal,25.8086,7.6436,6.8716,11.086,17.9926
2026-03-21 03:30:00+00:00,0,normal,25.8598,7.6586,6.8943,10.9839,18.0045
2026-03-21 03:40:00+00:00,0,normal,25.8726,7.6763,6.818,10.929,18.0061
2026-03-21 03:50:00+00:00,0,normal,25.9483,7.6782,6.8004,10.9777,17.9907
2026-03-21 04:00:00+00:00,0,normal,26.0156,7.6734,6.7326,11.2442,18.0037
2026-03-21 04:10:00+00:00,0,normal,26.0912,7.6793,6.6824,11.1875,17.9884
2026-03-21 04:20:00+00:00,0,normal,26.1552,7.6795,6.5861,11.0686,17.9999
2026-03-21 04:30:00+00:00,0,normal,26.2434,7.699,6.5802,11.1091,17.9927
2026-03-21 04:40:00+00:00,0,normal,26.1985,7.6997,6.5996,11.2455,18.0097
2026-03-21 04:50:00+00:00,0,normal,26.2178,7.7307,6.5182,11.1628,18.004
2026-03-21 05:00:00+00:00,0,normal,26.3206,7.7554,6.4829,11.244,18.0096
2026-03-21 05:10:00+00:00,0,normal,26.3595,7.7638,6.4776,11.4382,17.9953
2026-03-21 05:20:00+00:00,0,normal,26.3536,7.7399,6.4621,11.3624,17.9992
2026-03-21 05:30:00+00:00,0,normal,26.4772,7.7572,6.3597,11.3133,18.0125
2026-03-21 05:40:00+00:00,0,normal,26.5457,7.7517,6.3542,11.5604,18.0071
2026-03-21 05:50:00+00:00,0,normal,26.5256,7.7482,6.3794,11.6005,18.0061
2026-03-21 06:00:00+00:00,0,normal,26.53,7.7497,6.3638,11.4481,18.0037
2026-03-21 06:10:00+00:00,0,normal,26.674,7.7802,6.2614,11.6016,18.0144
2026-03-21 06:20:00+00:00,0,normal,26.6368,7.7586,6.2573,11.4806,17.9988
2026-03-21 06:30:00+00:00,0,normal,26.6719,7.7532,6.1886,11.3188,17.9963
2026-03-21 06:40:00+00:00,0,normal,26.7514,7.7476,6.0247,11.3175,17.982
2026-03-21 06:50:00+00:00,0,normal,26.8917,7.7624,5.8984,11.3235,17.9876
2026-03-21 07:00:00+00:00,0,normal,26.9164,7.7517,5.9078,11.138,17.9779
2026-03-21 07:10:00+00:00,0,normal,26.9959,7.7588,5.913,11.1094,17.9675
2026-03-21 07:20:00+00:00,0,normal,27.1186,7.7869,5.9124,11.1012,17.9657
2026-03-21 07:30:00+00:00,0,normal,27.1013,7.7861,5.9317,11.0479,17.988
2026-03-21 07:40:00+00:00,0,normal,27.088,7.7729,5.9376,10.8451,17.9807
2026-03-21 07:50:00+00:00,0,normal,27.1177,7.7876,5.8786,10.8393,17.9918
2026-03-21 08:00:00+00:00,0,normal,27.1466,7.7986,5.7308,10.666,18.0001
2026-03-21 08:10:00+00:00,0,normal,27.1448,7.7839,5.6838,10.6204,17.9761
2026-03-21 08:20:00+00:00,0,normal,27.2012,7.7954,5.7104,10.6147,17.9711
2026-03-21 08:30:00+00:00,0,normal,27.2407,7.8037,5.7,10.7739,17.945
2026-03-21 08:40:00+00:00,0,normal,27.1788,7.7858,5.7088,10.8399,17.9353
2026-03-21 08:50:00+00:00,0,normal,27.2423,7.7853,5.7265,11.0497,17.9312
2026-03-21 09:00:00+00:00,0,normal,27.2198,7.7837,5.7236,10.8344,17.9593
2026-03-21 09:10:00+00:00,0,normal,27.2949,7.7835,5.6804,10.9058,17.9476
2026-03-21 09:20:00+00:00,0,normal,27.2813,7.7816,5.682,10.9459,17.9613
2026-03-21 09:30:00+00:00,0,normal,27.4031,7.793,5.6804,10.7823,17.9556
2026-03-21 09:40:00+00:00,0,normal,27.4176,7.7951,5.6924,10.6686,17.9324
2026-03-21 09:50:00+00:00,0,normal,27.4337,7.8042,5.6978,10.6526,17.9128
2026-03-21 10:00:00+00:00,0,normal,27.4242,7.8052,5.6428,10.5208,17.9018
2026-03-21 10:10:00+00:00,0,normal,27.4556,7.7979,5.6083,10.541,17.8904
2026-03-21 10:20:00+00:00,0,normal,27.4264,7.8016,5.5579,10.5048,17.8691
2026-03-21 10:30:00+00:00,0,normal,27.3221,7.7851,5.625,10.433,17.876
2026-03-21 10:40:00+00:00,0,normal,27.2853,7.7542,5.6229,10.654,17.877
2026-03-21 10:50:00+00:00,0,normal,27.2985,7.7324,5.5304,10.7378,17.8872
2026-03-21 11:00:00+00:00,0,normal,27.2141,7.7152,5.6057,10.7627,17.8832
2026-03-21 11:10:00+00:00,0,normal,27.2159,7.6969,5.6761,10.9055,17.8798
2026-03-21 11:20:00+00:00,0,normal,27.3086,7.6934,5.5887,11.2044,17.8476
2026-03-21 11:30:00+00:00,0,normal,27.3003,7.6925,5.6184,11.2681,17.849
2026-03-21 11:40:00+00:00,0,normal,27.1588,7.7023,5.7936,11.2417,17.818
2026-03-21 11:50:00+00:00,0,normal,27.1616,7.6948,5.7116,11.1095,17.8195
2026-03-21 12:00:00+00:00,0,normal,27.1805,7.6877,5.7373,10.9589,17.82
2026-03-21 12:10:00+00:00,0,normal,27.0977,7.6654,5.7985,10.8407,17.8489
2026-03-21 12:20:00+00:00,0,normal,27.0669,7.6531,5.808,10.6108,17.8224
2026-03-21 12:30:00+00:00,0,normal,27.0725,7.6249,5.7971,10.5105,17.8344
2026-03-21 12:40:00+00:00,0,normal,27.1044,7.6184,5.8463,10.415,17.8394
2026-03-21 12:50:00+00:00,0,normal,26.9866,7.6024,5.8493,10.4721,17.8335
2026-03-21 13:00:00+00:00,0,normal,26.9591,7.6125,5.8418,10.359,17.8115
2026-03-21 13:10:00+00:00,0,normal,27.0008,7.6129,5.8777,10.4678,17.8009
2026-03-21 13:20:00+00:00,0,normal,27.0181,7.6046,5.9243,10.403,17.8039
2026-03-21 13:30:00+00:00,0,normal,26.9001,7.5962,6.013,10.513,17.7801
2026-03-21 13:40:00+00:00,0,normal,26.8222,7.5819,6.048,10.5373,17.7708
2026-03-21 13:50:00+00:00,0,normal,26.8423,7.5633,6.0572,10.3401,17.7964
2026-03-21 14:00:00+00:00,0,normal,26.7465,7.5386,6.0899,10.3043,17.8129
2026-03-21 14:10:00+00:00,0,normal,26.6231,7.5122,6.1498,10.2482,17.8049
2026-03-21 14:20:00+00:00,0,normal,26.544,7.4926,6.1677,10.1999,17.8189
2026-03-21 14:30:00+00:00,0,normal,26.4987,7.4805,6.1696,10.0677,17.8023
2026-03-21 14:40:00+00:00,0,normal,26.3623,7.4523,6.218,10.3526,17.7887
2026-03-21 14:50:00+00:00,0,normal,26.2369,7.4495,6.2556,10.3418,17.7909
2026-03-21 15:00:00+00:00,0,normal,26.2012,7.4521,6.257,10.4891,17.7721
2026-03-21 15:10:00+00:00,0,normal,26.1797,7.4347,6.3304,10.3568,17.7598
2026-03-21 15:20:00+00:00,0,normal,26.1499,7.422,6.4236,10.3664,17.7783
2026-03-21 15:30:00+00:00,0,normal,26.2017,7.4253,6.4648,10.1543,17.7541
2026-03-21 15:40:00+00:00,0,normal,26.2115,7.4073,6.4704,10.202,17.7433
2026-03-21 15:50:00+00:00,0,normal,26.1905,7.3909,6.4651,9.961,17.7377
2026-03-21 16:00:00+00:00,0,normal,26.1871,7.3942,6.4767,9.8766,17.7506
2026-03-21 16:10:00+00:00,0,normal,26.1404,7.3888,6.479,9.8387,17.7397
2026-03-21 16:20:00+00:00,0,normal,26.0389,7.3702,6.5582,9.969,17.7477
2026-03-21 16:30:00+00:00,0,normal,26.0038,7.3625,6.6292,9.8387,17.7215
2026-03-21 16:40:00+00:00,0,normal,25.9595,7.3499,6.683,10.0013,17.7277
2026-03-21 16:50:00+00:00,0,normal,25.9864,7.3389,6.625,10.1222,17.7123
2026-03-21 17:00:00+00:00,0,normal,25.9738,7.3506,6.7264,10.0034,17.6999
2026-03-21 17:10:00+00:00,0,normal,25.867,7.349,6.79,10.0415,17.6873
2026-03-21 17:20:00+00:00,0,normal,25.8174,7.3372,6.7811,10.2092,17.693
2026-03-21 17:30:00+00:00,0,normal,25.7323,7.3434,6.8928,10.1838,17.6766
2026-03-21 17:40:00+00:00,0,normal,25.5974,7.3263,6.9862,10.2689,17.6517
2026-03-21 17:50:00+00:00,0,normal,25.4646,7.2971,6.9934,10.4489,17.6669
2026-03-21 18:00:00+00:00,0,normal,25.4141,7.2803,6.9939,10.2527,17.6582
2026-03-21 18:10:00+00:00,0,normal,25.3648,7.3045,7.0393,10.3369,17.6467
2026-03-21 18:20:00+00:00,0,normal,25.382,7.2856,6.9972,10.343,17.6506
2026-03-21 18:30:00+00:00,0,normal,25.338,7.2903,7.0172,10.3918,17.6612
2026-03-21 18:40:00+00:00,0,normal,25.3737,7.2836,7.0119,10.3744,17.6558
2026-03-21 18:50:00+00:00,0,normal,25.3838,7.2941,7.0185,10.5521,17.6579
2026-03-21 19:00:00+00:00,0,normal,25.336,7.2746,7.0727,10.5505,17.6676
2026-03-21 19:10:00+00:00,0,normal,25.2418,7.2903,7.128,10.5969,17.6763
2026-03-21 19:20:00+00:00,0,normal,25.2146,7.2919,7.1221,10.6144,17.6832
2026-03-21 19:30:00+00:00,0,normal,25.1841,7.29,7.1605,10.7842,17.6886
2026-03-21 19:40:00+00:00,0,normal,25.1335,7.3072,7.2364,10.8323,17.7004
2026-03-21 19:50:00+00:00,0,normal,25.0901,7.308,7.3216,10.8409,17.6904
2026-03-21 20:00:00+00:00,0,normal,25.1345,7.2949,7.3225,10.878,17.6774
2026-03-21 20:10:00+00:00,0,normal,25.0754,7.2887,7.4212,10.8944,17.6804
2026-03-21 20:20:00+00:00,0,normal,25.0143,7.2994,7.4549,10.8454,17.6852
2026-03-21 20:30:00+00:00,0,normal,25.0091,7.2804,7.4792,10.8844,17.6803
2026-03-21 20:40:00+00:00,0,normal,24.9871,7.2814,7.457,10.7442,17.6939
2026-03-21 20:50:00+00:00,0,normal,24.8797,7.2927,7.5246,10.7898,17.6931
2026-03-21 21:00:00+00:00,0,normal,24.8757,7.3019,7.5276,11.0302,17.6951
2026-03-21 21:10:00+00:00,0,normal,24.8556,7.2914,7.5561,11.0665,17.6703
2026-03-21 21:20:00+00:00,0,normal,24.8907,7.311,7.5119,10.8631,17.6895
2026-03-21 21:30:00+00:00,0,normal,24.9112,7.3298,7.437,10.9023,17.6911
2026-03-21 21:40:00+00:00,0,normal,24.9102,7.3332,7.3851,10.936,17.6933
2026-03-21 21:50:00+00:00,0,normal,24.9161,7.3313,7.3792,10.6335,17.6655
2026-03-21 22:00:00+00:00,0,normal,24.9243,7.3455,7.357,10.5104,17.6736
2026-03-21 22:10:00+00:00,0,normal,24.9031,7.3285,7.4522,10.5143,17.656
2026-03-21 22:20:00+00:00,0,normal,24.8563,7.3129,7.5145,10.5473,17.6551
2026-03-21 22:30:00+00:00,0,normal,24.8873,7.2942,7.5525,10.6802,17.6641
2026-03-21 22:40:00+00:00,0,normal,24.8626,7.3133,7.5624,10.7194,17.694
2026-03-21 22:50:00+00:00,0,normal,24.8612,7.3304,7.5805,10.9469,17.7034
2026-03-21 23:00:00+00:00,0,normal,24.7921,7.3223,7.5429,11.0914,17.7077
2026-03-21 23:10:00+00:00,0,normal,24.8439,7.3423,7.5027,11.0949,17.7223
2026-03-21 23:20:00+00:00,0,normal,24.8667,7.371,7.4579,10.9973,17.7156
2026-03-21 23:30:00+00:00,0,normal,24.9333,7.3669,7.4261,10.9096,17.7111
2026-03-21 23:40:00+00:00,0,normal,24.9499,7.37,7.3699,11.0191,17.7133
2026-03-21 23:50:00+00:00,0,normal,24.9882,7.3799,7.3335,11.1307,17.7266
2026-03-22 00:00:00+00:00,0,normal,25.0193,7.3821,7.3411,11.3102,18.2556
2026-03-22 00:10:00+00:00,0,normal,25.0012,7.3909,7.3621,11.2458,18.2576
2026-03-22 00:20:00+00:00,0,normal,25.0216,7.4035,7.4078,11.4894,18.2455
2026-03-22 00:30:00+00:00,0,normal,25.0906,7.3994,7.4352,11.428,18.2451
2026-03-22 00:40:00+00:00,0,normal,25.1823,7.433,7.3876,11.378,18.2351
2026-03-22 00:50:00+00:00,0,normal,25.201,7.453,7.3375,11.1847,18.2541
2026-03-22 01:00:00+00:00,0,normal,25.2474,7.4677,7.3245,11.1271,18.2444
2026-03-22 01:10:00+00:00,0,normal,25.2494,7.4746,7.2655,11.0429,18.2664
2026-03-22 01:20:00+00:00,0,normal,25.263,7.5213,7.2123,10.9815,18.2656
2026-03-22 01:30:00+00:00,0,normal,25.238,7.5173,7.21,10.9891,18.2699
2026-03-22 01:40:00+00:00,0,normal,25.3144,7.5282,7.1632,11.0459,18.2694
2026-03-22 01:50:00+00:00,0,normal,25.3963,7.5404,7.1182,11.2381,18.284
2026-03-22 02:00:00+00:00,0,normal,25.4051,7.5705,7.0973,11.2468,18.2765
2026-03-22 02:10:00+00:00,0,normal,25.5054,7.5643,7.0345,11.1681,18.2762
2026-03-22 02:20:00+00:00,0,normal,25.5764,7.591,7.0067,11.3005,18.2727
2026-03-22 02:30:00+00:00,0,normal,25.5375,7.596,7.0447,11.425,18.2748
2026-03-22 02:40:00+00:00,0,normal,25.5363,7.5935,7.0348,11.2249,18.2803
2026-03-22 02:50:00+00:00,0,normal,25.6724,7.5835,6.9586,11.1375,18.2641
2026-03-22 03:00:00+00:00,0,normal,25.7216,7.5889,6.9435,11.0886,18.2624
2026-03-22 03:10:00+00:00,0,normal,25.8065,7.6052,6.8657,10.9882,18.277
2026-03-22 03:20:00+00:00,0,normal,25.9461,7.6183,6.7558,11.0625,18.2679
2026-03-22 03:30:00+00:00,0,normal,26.073,7.6408,6.6533,11.3607,18.27
2026-03-22 03:40:00+00:00,0,normal,26.0931,7.6702,6.6214,11.5928,18.2899
2026-03-22 03:50:00+00:00,0,normal,26.0932,7.6629,6.5547,11.9272,18.3106
2026-03-22 04:00:00+00:00,0,normal,26.1306,7.6523,6.4923,11.9538,18.2936
2026-03-22 04:10:00+00:00,0,normal,26.1639,7.6369,6.5136,11.9462,18.2873
2026-03-22 04:20:00+00:00,0,normal,26.1478,7.6561,6.5758,11.7232,18.2921
2026-03-22 04:30:00+00:00,0,normal,26.2084,7.6529,6.5728,11.4674,18.2768
2026-03-22 04:40:00+00:00,0,normal,26.3032,7.6908,6.5403,11.22,18.2598
2026-03-22 04:50:00+00:00,0,normal,26.3301,7.7092,6.5124,11.1799,18.2667
2026-03-22 05:00:00+00:00,0,normal,26.3458,7.7478,6.4804,11.3371,18.2725
2026-03-22 05:10:00+00:00,0,normal,26.4426,7.7463,6.3288,11.3937,18.2629
2026-03-22 05:20:00+00:00,0,normal,26.4452,7.7564,6.2922,11.4457,18.2764
2026-03-22 05:30:00+00:00,0,normal,26.397,7.7527,6.2894,11.5776,18.2822
2026-03-22 05:40:00+00:00,0,normal,26.4966,7.7664,6.2108,11.4987,18.2756
2026-03-22 05:50:00+00:00,0,normal,26.5416,7.7789,6.2167,11.2201,18.2798
2026-03-22 06:00:00+00:00,0,normal,26.5742,7.771,6.1985,11.3056,18.2703
2026-03-22 06:10:00+00:00,0,normal,26.6235,7.7727,6.1528,11.3031,18.262
2026-03-22 06:20:00+00:00,0,normal,26.7636,7.7823,6.0956,11.351,18.2465
2026-03-22 06:30:00+00:00,0,normal,26.7985,7.7842,6.1235,11.5448,18.2445
2026-03-22 06:40:00+00:00,0,normal,26.8503,7.7703,6.0534,11.5533,18.2533
2026-03-22 06:50:00+00:00,0,normal,26.8499,7.7821,6.0566,11.6341,18.2507
2026-03-22 07:00:00+00:00,0,normal,26.9006,7.8005,6.0436,11.6783,18.2575
2026-03-22 07:10:00+00:00,0,normal,26.9148,7.7999,6.0385,11.5818,18.2598
2026-03-22 07:20:00+00:00,0,normal,26.9288,7.8228,5.9904,11.4709,18.2559
2026-03-22 07:30:00+00:00,0,normal,26.9777,7.8339,5.9484,11.3435,18.2321
2026-03-22 07:40:00+00:00,0,normal,27.0622,7.8402,5.8876,11.065,18.2414
2026-03-22 07:50:00+00:00,0,normal,27.1346,7.8345,5.7933,11.3108,18.247
2026-03-22 08:00:00+00:00,0,normal,27.1432,7.8355,5.7774,11.3198,18.2187
2026-03-22 08:10:00+00:00,0,normal,27.1812,7.8262,5.7803,11.3662,18.1976
2026-03-22 08:20:00+00:00,0,normal,27.1683,7.8085,5.7805,11.3463,18.2
2026-03-22 08:30:00+00:00,0,normal,27.2772,7.7981,5.7667,11.4693,18.1964
2026-03-22 08:40:00+00:00,0,normal,27.262,7.793,5.7562,11.1832,18.1813
2026-03-22 08:50:00+00:00,0,normal,27.291,7.798,5.7486,11.231,18.204
2026-03-22 09:00:00+00:00,0,normal,27.3131,7.7861,5.7525,11.2437,18.2026
2026-03-22 09:10:00+00:00,0,normal,27.3495,7.8007,5.6975,11.3904,18.2053
2026-03-22 09:20:00+00:00,0,normal,27.2713,7.8136,5.7099,11.3791,18.1963
2026-03-22 09:30:00+00:00,0,normal,27.2924,7.7935,5.7641,11.3863,18.1912
2026-03-22 09:40:00+00:00,0,normal,27.2609,7.782,5.7388,11.2293,18.1759
2026-03-22 09:50:00+00:00,0,normal,27.2627,7.7861,5.7914,11.2415,18.172
2026-03-22 10:00:00+00:00,0,normal,27.2221,7.774,5.8719,11.1677,18.1575
2026-03-22 10:10:00+00:00,0,normal,27.2866,7.7547,5.8463,10.9613,18.1585
2026-03-22 10:20:00+00:00,0,normal,27.3146,7.7601,5.7982,11.085,18.149
2026-03-22 10:30:00+00:00,0,normal,27.3674,7.7587,5.7755,10.9328,18.1505
2026-03-22 10:40:00+00:00,0,normal,27.2836,7.7519,5.725,10.7362,18.1536
2026-03-22 10:50:00+00:00,0,normal,27.3066,7.7267,5.6693,10.6091,18.1513
2026-03-22 11:00:00+00:00,0,normal,27.2834,7.7332,5.6974,10.3912,18.1549
2026-03-22 11:10:00+00:00,0,normal,27.3918,7.7255,5.6115,10.2492,18.1691
2026-03-22 11:20:00+00:00,0,normal,27.397,7.7174,5.6361,10.5401,18.1675
2026-03-22 11:30:00+00:00,0,normal,27.4798,7.7025,5.6482,10.556,18.1768
2026-03-22 11:40:00+00:00,0,normal,27.5079,7.711,5.6514,10.9118,18.1661
2026-03-22 11:50:00+00:00,0,normal,27.4059,7.6998,5.6746,11.1602,18.1596
2026-03-22 12:00:00+00:00,0,normal,27.2686,7.7028,5.8009,11.144,18.128
2026-03-22 12:10:00+00:00,0,normal,27.1601,7.6824,5.8755,10.8727,18.1074
2026-03-22 12:20:00+00:00,0,normal,27.0514,7.6506,5.8981,10.8239,18.1032
2026-03-22 12:30:00+00:00,0,normal,26.9567,7.6516,5.929,10.5189,18.1051
2026-03-22 12:40:00+00:00,0,normal,26.9905,7.6457,5.9914,10.6829,18.1001
2026-03-22 12:50:00+00:00,0,normal,26.9189,7.6276,6.0233,10.5478,18.1054
2026-03-22 13:00:00+00:00,0,normal,26.9266,7.6137,5.9527,10.5425,18.0999
2026-03-22 13:10:00+00:00,0,normal,26.9323,7.6254,5.9871,10.5866,18.0859
2026-03-22 13:20:00+00:00,0,normal,26.8986,7.6197,6.0226,10.6705,18.0718
2026-03-22 13:30:00+00:00,0,normal,26.7987,7.5966,5.9877,10.2515,18.0655
2026-03-22 13:40:00+00:00,0,normal,26.7363,7.5796,5.9801,10.1754,18.0537
2026-03-22 13:50:00+00:00,0,normal,26.6384,7.5618,6.0744,10.1651,18.0544
2026-03-22 14:00:00+00:00,0,normal,26.5758,7.5337,6.0833,10.2075,18.0295
2026-03-22 14:10:00+00:00,0,normal,26.531,7.494,6.0616,10.0018,18.0431
2026-03-22 14:20:00+00:00,0,normal,26.5285,7.4867,6.0917,10.3016,18.0239
2026-03-22 14:30:00+00:00,0,normal,26.5259,7.4733,6.1346,10.6628,18.016
2026-03-22 14:40:00+00:00,0,normal,26.4803,7.4747,6.1577,10.6503,18.0217
2026-03-22 14:50:00+00:00,0,normal,26.4372,7.4619,6.2072,10.4938,18.0274
2026-03-22 15:00:00+00:00,0,normal,26.4915,7.4638,6.1781,10.5913,17.9988
2026-03-22 15:10:00+00:00,0,normal,26.3833,7.4398,6.2079,10.5313,17.9993
2026-03-22 15:20:00+00:00,0,normal,26.322,7.4329,6.2384,10.3366,17.9891
2026-03-22 15:30:00+00:00,0,normal,26.3191,7.4062,6.2976,10.3113,17.98
2026-03-22 15:40:00+00:00,0,normal,26.3153,7.4072,6.373,10.305,17.9762
2026-03-22 15:50:00+00:00,0,normal,26.2051,7.3927,6.4941,10.1405,17.9737
2026-03-22 16:00:00+00:00,0,normal,26.1706,7.3934,6.5611,10.187,17.9535
2026-03-22 16:10:00+00:00,0,normal,26.1032,7.3659,6.5438,10.0445,17.9592
2026-03-22 16:20:00+00:00,0,normal,26.0479,7.3765,6.5702,9.9755,17.9663
2026-03-22 16:30:00+00:00,0,normal,25.9509,7.3606,6.568,9.8741,17.9796
2026-03-22 16:40:00+00:00,0,normal,25.8386,7.3527,6.6433,9.9518,17.9889
2026-03-22 16:50:00+00:00,0,normal,25.845,7.3282,6.6138,9.8913,18.0134
2026-03-22 17:00:00+00:00,0,normal,25.8275,7.325,6.7782,9.8899,18.0048
2026-03-22 17:10:00+00:00,0,normal,25.734,7.3051,6.8557,9.9566,17.9996
2026-03-22 17:20:00+00:00,0,normal,25.674,7.3118,6.8931,10.1134,17.9838
2026-03-22 17:30:00+00:00,0,normal,25.6617,7.309,6.9363,9.9848,17.9746
2026-03-22 17:40:00+00:00,0,normal,25.5245,7.3154,7.0557,9.9075,17.9667
2026-03-22 17:50:00+00:00,0,normal,25.3689,7.3062,7.1048,10.2371,17.9733
2026-03-22 18:00:00+00:00,0,normal,25.3333,7.2941,7.0452,10.1995,17.9696
2026-03-22 18:10:00+00:00,0,normal,25.2834,7.2781,7.0003,10.2716,17.9588
2026-03-22 18:20:00+00:00,0,normal,25.1928,7.272,6.9838,10.4013,17.9729
2026-03-22 18:30:00+00:00,0,normal,25.1953,7.2701,6.9692,10.5206,17.9702
2026-03-22 18:40:00+00:00,0,normal,25.2603,7.2947,6.9062,10.2489,17.9613
2026-03-22 18:50:00+00:00,0,normal,25.272,7.2971,6.9705,10.1331,17.9597
2026-03-22 19:00:00+00:00,0,normal,25.2391,7.2931,7.0634,10.0228,17.9819
2026-03-22 19:10:00+00:00,0,normal,25.1851,7.2677,7.1409,10.1442,17.965
2026-03-22 19:20:00+00:00,0,normal,25.1666,7.2661,7.1499,10.2144,17.9516
2026-03-22 19:30:00+00:00,0,normal,25.0938,7.2601,7.1755,10.3362,17.952
2026-03-22 19:40:00+00:00,0,normal,25.0444,7.2545,7.1971,10.4789,17.9262
2026-03-22 19:50:00+00:00,0,normal,25.0862,7.2631,7.1802,10.6483,17.919
2026-03-22 20:00:00+00:00,0,normal,25.0922,7.2926,7.1896,10.5405,17.9336
2026-03-22 20:10:00+00:00,0,normal,24.9344,7.278,7.3281,10.4139,17.9452
2026-03-22 20:20:00+00:00,0,normal,24.8647,7.2673,7.4634,10.3117,17.9521
2026-03-22 20:30:00+00:00,0,normal,24.8425,7.292,7.4813,10.3724,17.9815
2026-03-22 20:40:00+00:00,0,normal,24.7515,7.2845,7.6077,10.2608,17.9779
2026-03-22 20:50:00+00:00,0,normal,24.7174,7.28,7.6449,10.395,17.9559
2026-03-22 21:00:00+00:00,0,normal,24.752,7.2753,7.6417,10.3417,17.9524
2026-03-22 21:10:00+00:00,0,normal,24.7616,7.2808,7.6261,10.4221,17.9605
2026-03-22 21:20:00+00:00,0,normal,24.686,7.2716,7.6916,10.404,17.9552
2026-03-22 21:30:00+00:00,0,normal,24.6928,7.2625,7.6112,10.5071,17.9536
2026-03-22 21:40:00+00:00,0,normal,24.7131,7.2527,7.6293,10.5319,17.9757
2026-03-22 21:50:00+00:00,0,normal,24.7354,7.2805,7.5902,10.5914,17.979
2026-03-22 22:00:00+00:00,0,normal,24.717,7.2771,7.5793,10.7202,17.9664
2026-03-22 22:10:00+00:00,0,normal,24.7699,7.291,7.5402,10.8265,17.9654
2026-03-22 22:20:00+00:00,0,normal,24.7536,7.3112,7.6133,10.8907,17.9671
2026-03-22 22:30:00+00:00,0,normal,24.7789,7.3283,7.5823,10.8102,17.9669
2026-03-22 22:40:00+00:00,0,normal,24.8137,7.3299,7.536,11.0122,17.9566
2026-03-22 22:50:00+00:00,0,normal,24.8464,7.3441,7.5797,11.0769,17.9629
2026-03-22 23:00:00+00:00,0,normal,24.8101,7.3469,7.6197,11.1136,17.9711
2026-03-22 23:10:00+00:00,0,normal,24.7949,7.3559,7.5726,11.2803,17.9776
2026-03-22 23:20:00+00:00,0,normal,24.7885,7.3592,7.5261,11.4284,17.9758
2026-03-22 23:30:00+00:00,0,normal,24.8736,7.3843,7.5605,11.5799,17.9861
2026-03-22 23:40:00+00:00,0,normal,24.8472,7.3947,7.4713,11.7843,17.9895
2026-03-22 23:50:00+00:00,0,normal,24.8911,7.4017,7.4477,11.6145,17.98
2026-03-23 00:00:00+00:00,0,normal,24.9448,7.4091,7.4717,11.5317,17.9783
2026-03-23 00:10:00+00:00,0,normal,24.9741,7.4278,7.4701,11.5553,17.9695
2026-03-23 00:20:00+00:00,0,normal,24.9666,7.4089,7.4153,11.4084,17.968
2026-03-23 00:30:00+00:00,0,normal,25.0341,7.4177,7.3968,11.078,17.9467
2026-03-23 00:40:00+00:00,0,normal,25.0729,7.4402,7.3162,11.183,17.9518
2026-03-23 00:50:00+00:00,0,normal,25.1327,7.4538,7.2557,10.9589,17.96
2026-03-23 01:00:00+00:00,0,normal,25.2446,7.4651,7.2302,11.1644,17.969
2026-03-23 01:10:00+00:00,0,normal,25.2942,7.4882,7.2471,11.2082,17.9811
2026-03-23 01:20:00+00:00,0,normal,25.3397,7.5024,7.2067,11.1476,18.0126
2026-03-23 01:30:00+00:00,0,normal,25.3873,7.4978,7.2349,11.1454,18.0135
2026-03-23 01:40:00+00:00,0,normal,25.4022,7.518,7.1802,11.0531,18.0003
2026-03-23 01:50:00+00:00,0,normal,25.3863,7.5182,7.1931,10.9533,18.012
2026-03-23 02:00:00+00:00,0,normal,25.3504,7.5273,7.1288,10.9176,18.0128
2026-03-23 02:10:00+00:00,0,normal,25.4357,7.5312,7.156,11.1352,18.0059
2026-03-23 02:20:00+00:00,0,normal,25.4928,7.5617,7.0754,11.2624,18.0023
2026-03-23 02:30:00+00:00,0,normal,25.5385,7.5599,7.0939,11.5996,18.0156
2026-03-23 02:40:00+00:00,0,normal,25.5374,7.5719,7.0776,11.4341,18.0038
2026-03-23 02:50:00+00:00,0,normal,25.6211,7.5704,7.0339,11.4699,17.9899
2026-03-23 03:00:00+00:00,0,normal,25.571,7.5741,7.0211,11.4513,17.9897
2026-03-23 03:10:00+00:00,0,normal,25.5952,7.5724,6.9963,11.3296,17.9862
2026-03-23 03:20:00+00:00,0,normal,25.6297,7.5892,6.9384,11.1511,17.99
2026-03-23 03:30:00+00:00,0,normal,25.7395,7.6022,6.8314,11.1656,17.9956
2026-03-23 03:40:00+00:00,0,normal,25.859,7.6298,6.855,11.1716,18.0013
2026-03-23 03:50:00+00:00,0,normal,26.0023,7.67,6.7111,11.2963,17.9977
2026-03-23 04:00:00+00:00,0,normal,26.13,7.7037,6.6696,11.4378,17.9967
2026-03-23 04:10:00+00:00,0,normal,26.2284,7.7217,6.5999,11.5077,17.9806
2026-03-23 04:20:00+00:00,0,normal,26.3134,7.7531,6.6027,11.5741,17.9933
2026-03-23 04:30:00+00:00,0,normal,26.3674,7.7841,6.5859,11.5195,17.9924
2026-03-23 04:40:00+00:00,0,normal,26.375,7.7944,6.585,11.3612,17.9793
2026-03-23 04:50:00+00:00,0,normal,26.3485,7.7725,6.5731,11.511,17.9965
2026-03-23 05:00:00+00:00,0,normal,26.4033,7.763,6.5408,11.491,17.9955
2026-03-23 05:10:00+00:00,0,normal,26.4161,7.7718,6.5183,11.4796,17.984
2026-03-23 05:20:00+00:00,0,normal,26.41,7.7523,6.4241,11.4187,17.9974
2026-03-23 05:30:00+00:00,0,normal,26.4795,7.7316,6.4264,11.5517,18.0068
2026-03-23 05:40:00+00:00,0,normal,26.5381,7.7329,6.3675,11.2756,18.0075
2026-03-23 05:50:00+00:00,0,normal,26.6229,7.7482,6.3981,11.2821,18.0216
2026-03-23 06:00:00+00:00,0,normal,26.6329,7.7182,6.2756,11.3503,18.0287
2026-03-23 06:10:00+00:00,0,normal,26.6981,7.7208,6.2512,11.3141,18.0187
2026-03-23 06:20:00+00:00,0,normal,26.7732,7.7314,6.1732,11.258,18.0138
2026-03-23 06:30:00+00:00,0,normal,26.7838,7.733,6.1656,11.1191,17.9823
2026-03-23 06:40:00+00:00,0,normal,26.7402,7.7439,6.1092,10.9923,17.9662
2026-03-23 06:50:00+00:00,0,normal,26.7991,7.7667,6.1405,10.8585,17.9449
2026-03-23 07:00:00+00:00,0,normal,26.8365,7.7882,6.1051,11.2026,17.9458
2026-03-23 07:10:00+00:00,0,normal,26.8445,7.7995,6.1019,11.1062,17.9586
2026-03-23 07:20:00+00:00,0,normal,26.9367,7.8137,6.1043,11.3323,17.9645
2026-03-23 07:30:00+00:00,0,normal,26.9509,7.814,5.9879,11.5603,17.9795
2026-03-23 07:40:00+00:00,0,normal,27.0934,7.825,5.9678,11.4322,17.9737
2026-03-23 07:50:00+00:00,0,normal,27.1086,7.8172,6.0242,10.8138,17.9538
2026-03-23 08:00:00+00:00,0,normal,27.1709,7.7999,5.9154,10.9683,17.9268
2026-03-23 08:10:00+00:00,0,normal,27.1837,7.8057,5.8445,10.9957,17.936
2026-03-23 08:20:00+00:00,0,normal,27.2397,7.7865,5.9409,10.7992,17.9159
2026-03-23 08:30:00+00:00,0,normal,27.2498,7.7841,5.8969,10.9033,17.9307
2026-03-23 08:40:00+00:00,0,normal,27.2011,7.7827,5.8819,11.3306,17.9259
2026-03-23 08:50:00+00:00,0,normal,27.2138,7.7832,5.9354,11.1031,17.9408
2026-03-23 09:00:00+00:00,0,normal,27.2081,7.7771,5.8633,11.0296,17.9225
2026-03-23 09:10:00+00:00,0,normal,27.2331,7.7877,5.8421,11.2793,17.9326
2026-03-23 09:20:00+00:00,0,normal,27.1552,7.7779,5.8619,11.1128,17.9173
2026-03-23 09:30:00+00:00,0,normal,27.2002,7.7762,5.828,11.0303,17.9235
2026-03-23 09:40:00+00:00,0,normal,27.2007,7.7777,5.761,10.8864,17.909
2026-03-23 09:50:00+00:00,0,normal,27.1587,7.7733,5.8012,11.0185,17.9113
2026-03-23 10:00:00+00:00,0,normal,27.1665,7.7602,5.7518,10.8029,17.9016
2026-03-23 10:10:00+00:00,0,normal,27.1883,7.7439,5.7601,10.8401,17.9119
2026-03-23 10:20:00+00:00,0,normal,27.1746,7.7417,5.7677,10.5942,17.8947
2026-03-23 10:30:00+00:00,0,normal,27.2252,7.7519,5.7676,10.6662,17.8898
2026-03-23 10:40:00+00:00,0,normal,27.2913,7.7485,5.761,10.4908,17.8829
2026-03-23 10:50:00+00:00,0,normal,27.2867,7.7454,5.853,10.5624,17.8596
2026-03-23 11:00:00+00:00,0,normal,27.2589,7.7288,5.8046,10.4942,17.8243
2026-03-23 11:10:00+00:00,0,normal,27.2929,7.73,5.7589,10.5454,17.8219
2026-03-23 11:20:00+00:00,0,normal,27.2712,7.695,5.7781,10.5063,17.816
2026-03-23 11:30:00+00:00,0,normal,27.3651,7.6913,5.7643,10.3781,17.8289
2026-03-23 11:40:00+00:00,0,normal,27.3816,7.7046,5.6388,10.1718,17.8461
2026-03-23 11:50:00+00:00,0,normal,27.4211,7.7168,5.614,10.1664,17.847
2026-03-23 12:00:00+00:00,0,normal,27.4626,7.6994,5.5644,10.2817,17.8552
2026-03-23 12:10:00+00:00,0,normal,27.3991,7.7084,5.5943,10.2624,17.8461
2026-03-23 12:20:00+00:00,0,normal,27.3393,7.6928,5.6012,10.3286,17.8272
2026-03-23 12:30:00+00:00,0,normal,27.3115,7.6844,5.6635,10.399,17.8158
2026-03-23 12:40:00+00:00,0,normal,27.2462,7.6629,5.7864,10.3322,17.8368
2026-03-23 12:50:00+00:00,0,normal,27.1638,7.638,5.8234,10.3332,17.827
2026-03-23 13:00:00+00:00,0,normal,27.0541,7.6167,5.8663,10.3916,17.8156
2026-03-23 13:10:00+00:00,0,normal,26.9713,7.6169,5.9218,10.3966,17.8178
2026-03-23 13:20:00+00:00,0,normal,26.8486,7.5749,5.9419,10.3322,17.8199
2026-03-23 13:30:00+00:00,0,normal,26.7447,7.5715,5.8853,10.4389,17.8037
2026-03-23 13:40:00+00:00,0,normal,26.6974,7.5779,5.9689,10.3648,17.7873
2026-03-23 13:50:00+00:00,0,normal,26.6796,7.5774,6.0207,10.3385,17.7967
2026-03-23 14:00:00+00:00,0,normal,26.6243,7.5586,6.0615,10.1726,17.7848
2026-03-23 14:10:00+00:00,0,normal,26.639,7.5678,6.0307,10.3485,17.7856
2026-03-23 14:20:00+00:00,0,normal,26.6571,7.5582,6.0668,10.2905,17.7784
2026-03-23 14:30:00+00:00,0,normal,26.5694,7.5307,6.039,10.2818,17.798
2026-03-23 14:40:00+00:00,0,normal,26.5927,7.5169,6.0368,10.3902,17.7859
2026-03-23 14:50:00+00:00,0,normal,26.5396,7.4929,6.0718,10.4742,17.7796
2026-03-23 15:00:00+00:00,0,normal,26.4995,7.4919,6.1686,10.3197,17.7544
2026-03-23 15:10:00+00:00,0,normal,26.3982,7.4705,6.2254,10.1489,17.7533
2026-03-23 15:20:00+00:00,0,normal,26.372,7.469,6.2685,9.9184,17.7439
2026-03-23 15:30:00+00:00,0,normal,26.3263,7.4434,6.2974,9.7832,17.7497
2026-03-23 15:40:00+00:00,0,normal,26.3111,7.4386,6.3251,9.8384,17.7486
2026-03-23 15:50:00+00:00,0,normal,26.2129,7.4004,6.3614,9.9319,17.7533
2026-03-23 16:00:00+00:00,0,normal,26.1825,7.402,6.3808,10.26,17.7283
2026-03-23 16:10:00+00:00,0,normal,26.0994,7.3923,6.432,10.3028,17.7108
2026-03-23 16:20:00+00:00,0,normal,25.9823,7.4054,6.4854,10.4461,17.7008
2026-03-23 16:30:00+00:00,0,normal,25.8431,7.4023,6.5381,10.2964,17.6965
2026-03-23 16:40:00+00:00,0,normal,25.8131,7.3961,6.55,10.2727,17.6837
2026-03-23 16:50:00+00:00,0,normal,25.8021,7.3746,6.5855,10.139,17.6855
2026-03-23 17:00:00+00:00,0,normal,25.7564,7.3525,6.6896,10.618,17.6719
2026-03-23 17:10:00+00:00,0,normal,25.7243,7.3351,6.7308,10.4198,17.6761
2026-03-23 17:20:00+00:00,0,normal,25.7148,7.3187,6.7249,10.5497,17.6613
2026-03-23 17:30:00+00:00,0,normal,25.7065,7.3161,6.7063,10.4804,17.6737
2026-03-23 17:40:00+00:00,0,normal,25.6113,7.3104,6.8379,10.5126,17.6819
2026-03-23 17:50:00+00:00,0,normal,25.5693,7.3243,6.8688,10.1143,17.7022
2026-03-23 18:00:00+00:00,0,normal,25.4935,7.3006,6.9366,10.4327,17.6883
2026-03-23 18:10:00+00:00,0,normal,25.413,7.2863,7.0649,10.3856,17.7156
2026-03-23 18:20:00+00:00,0,normal,25.3478,7.2679,7.1982,10.3099,17.7249
2026-03-23 18:30:00+00:00,0,normal,25.3199,7.2667,7.1639,10.3383,17.7207
2026-03-23 18:40:00+00:00,0,normal,25.2989,7.2616,7.1112,10.4838,17.7149
2026-03-23 18:50:00+00:00,0,normal,25.333,7.272,7.161,10.1814,17.7215
2026-03-23 19:00:00+00:00,0,normal,25.3812,7.2791,7.1008,10.3697,17.7128
2026-03-23 19:10:00+00:00,0,normal,25.2637,7.2878,7.1387,10.4745,17.699
2026-03-23 19:20:00+00:00,0,normal,25.2544,7.2855,7.1592,10.5064,17.6819
2026-03-23 19:30:00+00:00,0,normal,25.2249,7.276,7.2264,10.5649,17.6703
2026-03-23 19:40:00+00:00,0,normal,25.1284,7.2761,7.24,10.5659,17.6735
2026-03-23 19:50:00+00:00,0,normal,25.0602,7.2622,7.3115,10.4163,17.671
2026-03-23 20:00:00+00:00,0,normal,25.0273,7.2514,7.3315,10.4173,17.665
2026-03-23 20:10:00+00:00,0,normal,25.0285,7.259,7.3412,10.5382,17.6656
2026-03-23 20:20:00+00:00,0,normal,25.0128,7.2681,7.3741,10.4712,17.6781
2026-03-23 20:30:00+00:00,0,normal,24.9744,7.2777,7.3619,10.5514,17.6911
2026-03-23 20:40:00+00:00,0,normal,24.9197,7.3066,7.4278,10.406,17.6638
2026-03-23 20:50:00+00:00,0,normal,24.9009,7.3173,7.4629,10.3547,17.6713
2026-03-23 21:00:00+00:00,0,normal,24.8196,7.3097,7.5587,10.0937,17.7035
2026-03-23 21:10:00+00:00,0,normal,24.7686,7.2988,7.5278,9.9895,17.7076
2026-03-23 21:20:00+00:00,0,normal,24.7392,7.289,7.5905,10.088,17.6912
2026-03-23 21:30:00+00:00,0,normal,24.7778,7.2729,7.5044,10.7087,17.7207
2026-03-23 21:40:00+00:00,0,normal,24.8769,7.2819,7.4449,10.8301,17.7124
2026-03-23 21:50:00+00:00,0,normal,24.8814,7.295,7.4259,11.0722,17.7018
2026-03-23 22:00:00+00:00,0,normal,24.8844,7.2908,7.4664,11.1666,17.6951
2026-03-23 22:10:00+00:00,0,normal,24.9467,7.3106,7.5039,11.0351,17.698
2026-03-23 22:20:00+00:00,0,normal,24.9194,7.3027,7.5649,10.9202,17.6843
2026-03-23 22:30:00+00:00,0,normal,24.8382,7.2998,7.603,10.8341,17.6822
2026-03-23 22:40:00+00:00,0,normal,24.8217,7.3123,7.6003,10.6013,17.6933
2026-03-23 22:50:00+00:00,0,normal,24.8305,7.336,7.5974,10.7356,17.6883
2026-03-23 23:00:00+00:00,0,normal,24.8346,7.3306,7.5399,10.8271,17.6712
2026-03-23 23:10:00+00:00,0,normal,24.8488,7.3733,7.5075,10.6897,17.7111
2026-03-23 23:20:00+00:00,0,normal,24.9108,7.3823,7.5137,10.9736,17.7129
2026-03-23 23:30:00+00:00,0,normal,24.8971,7.3615,7.5086,11.2567,17.6974
2026-03-23 23:40:00+00:00,0,normal,24.9517,7.3712,7.4918,11.2769,17.7009
2026-03-23 23:50:00+00:00,0,normal,24.9651,7.3676,7.49,11.4185,17.7202
2026-03-24 00:00:00+00:00,0,normal,25.081,7.357,7.3854,11.6717,18.2333
2026-03-24 00:10:00+00:00,0,normal,25.0859,7.3757,7.3695,11.7707,18.2523
2026-03-24 00:20:00+00:00,0,normal,25.181,7.4034,7.2927,11.7157,18.2545
2026-03-24 00:30:00+00:00,0,normal,25.2895,7.4192,7.1922,11.8149,18.2502
2026-03-24 00:40:00+00:00,0,normal,25.3289,7.436,7.1084,11.9578,18.2258
2026-03-24 00:50:00+00:00,0,normal,25.269,7.4577,7.1677,11.755,18.244
2026-03-24 01:00:00+00:00,0,normal,25.2837,7.447,7.1436,11.5148,18.2281
2026-03-24 01:10:00+00:00,0,normal,25.3651,7.4767,7.1321,11.5118,18.2347
2026-03-24 01:20:00+00:00,0,normal,25.2613,7.4715,7.2325,11.4344,18.2372
2026-03-24 01:30:00+00:00,0,normal,25.3111,7.5078,7.215,11.128,18.2652
2026-03-24 01:40:00+00:00,0,normal,25.3394,7.5035,7.2636,11.1649,18.2564
2026-03-24 01:50:00+00:00,0,normal,25.4125,7.5493,7.2162,11.339,18.2698
2026-03-24 02:00:00+00:00,0,normal,25.352,7.5354,7.161,11.363,18.2691
2026-03-24 02:10:00+00:00,0,normal,25.4891,7.5399,7.0592,11.3146,18.2684
2026-03-24 02:20:00+00:00,0,normal,25.512,7.537,7.0524,11.3349,18.2902
2026-03-24 02:30:00+00:00,0,normal,25.5347,7.5662,6.8753,11.298,18.2953
2026-03-24 02:40:00+00:00,0,normal,25.6371,7.5703,6.867,11.153,18.2793
2026-03-24 02:50:00+00:00,0,normal,25.7216,7.6027,6.8752,11.0462,18.2802
2026-03-24 03:00:00+00:00,0,normal,25.7375,7.636,6.8296,11.4236,18.2944
2026-03-24 03:10:00+00:00,0,normal,25.8307,7.6417,6.7417,11.3504,18.2777
2026-03-24 03:20:00+00:00,0,normal,25.9451,7.6518,6.8051,11.1459,18.2774
2026-03-24 03:30:00+00:00,0,normal,25.8751,7.6505,6.8136,11.2547,18.2884
2026-03-24 03:40:00+00:00,0,normal,25.9728,7.6467,6.7375,11.4889,18.2951
2026-03-24 03:50:00+00:00,0,normal,26.012,7.651,6.699,11.0918,18.2982
2026-03-24 04:00:00+00:00,0,normal,26.025,7.6664,6.7139,11.2029,18.3005
2026-03-24 04:10:00+00:00,0,normal,26.0593,7.6814,6.6695,11.4117,18.281
2026-03-24 04:20:00+00:00,0,normal,26.1357,7.6871,6.6097,11.3489,18.2628
2026-03-24 04:30:00+00:00,0,normal,26.1728,7.6972,6.5808,11.1971,18.2469
2026-03-24 04:40:00+00:00,0,normal,26.1823,7.6965,6.6012,11.3819,18.2374
2026-03-24 04:50:00+00:00,0,normal,26.2386,7.7233,6.557,11.5264,18.2231
2026-03-24 05:00:00+00:00,0,normal,26.3025,7.714,6.5337,11.6179,18.229
2026-03-24 05:10:00+00:00,0,normal,26.4529,7.7436,6.4741,11.5646,18.2457
2026-03-24 05:20:00+00:00,0,normal,26.4698,7.7456,6.5208,11.724,18.2438
2026-03-24 05:30:00+00:00,0,normal,26.6237,7.7691,6.4808,11.5814,18.223
2026-03-24 05:40:00+00:00,0,normal,26.7198,7.7639,6.4792,11.5689,18.2161
2026-03-24 05:50:00+00:00,0,normal,26.7496,7.7866,6.4523,11.4511,18.218
2026-03-24 06:00:00+00:00,0,normal,26.721,7.7872,6.3896,11.5389,18.2117
2026-03-24 06:10:00+00:00,0,normal,26.7473,7.8021,6.361,11.4949,18.2257
2026-03-24 06:20:00+00:00,0,normal,26.7525,7.7961,6.2587,11.2994,18.2491
2026-03-24 06:30:00+00:00,0,normal,26.7383,7.8104,6.2688,11.1572,18.241
2026-03-24 06:40:00+00:00,0,normal,26.842,7.8011,6.1437,11.1124,18.2571
2026-03-24 06:50:00+00:00,0,normal,26.901,7.7758,6.1503,11.0551,18.255
2026-03-24 07:00:00+00:00,0,normal,26.9627,7.763,6.1059,11.0725,18.2448
2026-03-24 07:10:00+00:00,0,normal,27.0019,7.7563,6.1337,11.3237,18.2391
2026-03-24 07:20:00+00:00,0,normal,27.0426,7.7498,5.9611,11.2974,18.2465
2026-03-24 07:30:00+00:00,0,normal,27.0368,7.7755,5.9524,11.3709,18.2353
2026-03-24 07:40:00+00:00,0,normal,27.1321,7.7821,5.8797,11.2116,18.2162
2026-03-24 07:50:00+00:00,0,normal,27.2022,7.7948,5.8101,11.2402,18.2242
2026-03-24 08:00:00+00:00,1,alkaline_drift,27.2297,7.9025,5.81,11.3059,18.2212
2026-03-24 08:10:00+00:00,1,alkaline_drift,27.2913,8.0639,5.9113,11.3615,18.2284
2026-03-24 08:20:00+00:00,1,alkaline_drift,27.2575,8.1845,5.9724,11.168,18.2243
2026-03-24 08:30:00+00:00,1,alkaline_drift,27.2615,8.3573,6.0785,11.1587,18.2339
2026-03-24 08:40:00+00:00,1,alkaline_drift,27.2862,8.5119,6.0978,10.8773,18.2291
2026-03-24 08:50:00+00:00,1,alkaline_drift,27.3351,8.6851,6.17,10.6069,18.2167
2026-03-24 09:00:00+00:00,1,alkaline_drift,27.3683,8.8219,6.2614,10.5653,18.2001
2026-03-24 09:10:00+00:00,1,alkaline_drift,27.4385,8.983,6.3038,10.5519,18.1923
2026-03-24 09:20:00+00:00,1,alkaline_drift,27.4759,8.9761,6.227,10.428,18.1793
2026-03-24 09:30:00+00:00,1,alkaline_drift,27.4715,8.9699,6.2436,10.4715,18.1582
2026-03-24 09:40:00+00:00,1,alkaline_drift,27.4579,8.9494,6.2105,10.5594,18.1623
2026-03-24 09:50:00+00:00,1,alkaline_drift,27.4321,8.9311,6.2019,10.518,18.1731
2026-03-24 10:00:00+00:00,1,alkaline_drift,27.4609,8.9057,6.1997,10.4572,18.1665
2026-03-24 10:10:00+00:00,1,alkaline_drift,27.4127,8.8952,6.2155,10.3472,18.1658
2026-03-24 10:20:00+00:00,1,alkaline_drift,27.4827,8.9035,6.1592,10.5024,18.1629
2026-03-24 10:30:00+00:00,1,alkaline_drift,27.5442,8.8862,6.2108,10.464,18.1494
2026-03-24 10:40:00+00:00,1,alkaline_drift,27.5822,8.8933,6.1404,10.5127,18.1367
2026-03-24 10:50:00+00:00,1,alkaline_drift,27.6141,8.8948,6.1694,10.6074,18.1263
2026-03-24 11:00:00+00:00,1,alkaline_drift,27.563,8.8957,6.2479,10.9017,18.1204
2026-03-24 11:10:00+00:00,1,alkaline_drift,27.4409,8.8804,6.2864,10.779,18.1082
2026-03-24 11:20:00+00:00,1,alkaline_drift,27.3427,8.873,6.2606,10.7713,18.0923
2026-03-24 11:30:00+00:00,1,alkaline_drift,27.2965,8.8624,6.2727,10.7974,18.0976
2026-03-24 11:40:00+00:00,1,alkaline_drift,27.2155,8.8484,6.2235,10.8629,18.1042
2026-03-24 11:50:00+00:00,1,alkaline_drift,27.1911,8.8169,6.1545,10.9386,18.0966
2026-03-24 12:00:00+00:00,1,alkaline_drift,27.2609,8.8046,6.1366,10.7993,18.1069
2026-03-24 12:10:00+00:00,1,alkaline_drift,27.3251,8.8034,6.0913,10.7951,18.1185
2026-03-24 12:20:00+00:00,1,alkaline_drift,27.3427,8.7987,6.1095,10.5143,18.0917
2026-03-24 12:30:00+00:00,1,alkaline_drift,27.3599,8.7997,6.1711,10.3341,18.0704
2026-03-24 12:40:00+00:00,1,alkaline_drift,27.3962,8.811,6.1468,10.1412,18.0748
2026-03-24 12:50:00+00:00,1,alkaline_drift,27.2915,8.8103,6.2306,10.2958,18.0703
2026-03-24 13:00:00+00:00,1,alkaline_drift,27.1818,8.7899,6.3429,10.2377,18.0699
2026-03-24 13:10:00+00:00,1,alkaline_drift,27.175,8.7777,6.4055,10.4713,18.0714
2026-03-24 13:20:00+00:00,1,alkaline_drift,27.0851,8.7651,6.4462,10.4701,18.0798
2026-03-24 13:30:00+00:00,1,alkaline_drift,27.0208,8.7444,6.551,10.4127,18.0745
2026-03-24 13:40:00+00:00,1,alkaline_drift,27.0496,8.725,6.5136,10.2283,18.0561
2026-03-24 13:50:00+00:00,1,alkaline_drift,27.0465,8.5802,6.4024,10.3035,18.0544
2026-03-24 14:00:00+00:00,1,alkaline_drift,26.896,8.4175,6.3794,10.1749,18.0557
2026-03-24 14:10:00+00:00,1,alkaline_drift,26.8537,8.264,6.3345,9.9339,18.0513
2026-03-24 14:20:00+00:00,1,alkaline_drift,26.8054,8.0981,6.2263,10.0563,18.038
2026-03-24 14:30:00+00:00,1,alkaline_drift,26.7202,7.9237,6.2529,10.0321,18.0352
2026-03-24 14:40:00+00:00,1,alkaline_drift,26.6688,7.749,6.2004,9.9682,18.0293
2026-03-24 14:50:00+00:00,1,alkaline_drift,26.6207,7.5893,6.1329,9.8774,18.0209
2026-03-24 15:00:00+00:00,0,normal,26.6187,7.4963,6.1468,10.1386,18.0098
2026-03-24 15:10:00+00:00,0,normal,26.5891,7.468,6.2308,9.7467,18.0059
2026-03-24 15:20:00+00:00,0,normal,26.6184,7.4909,6.2094,9.84,18.0081
2026-03-24 15:30:00+00:00,0,normal,26.5376,7.4787,6.2394,9.7183,17.9869
2026-03-24 15:40:00+00:00,0,normal,26.5102,7.466,6.2451,9.6998,17.9887
2026-03-24 15:50:00+00:00,0,normal,26.4384,7.4233,6.2709,9.7801,17.978
2026-03-24 16:00:00+00:00,0,normal,26.3691,7.432,6.3198,10.0817,17.9819
2026-03-24 16:10:00+00:00,0,normal,26.1671,7.3997,6.4295,10.0585,17.9907
2026-03-24 16:20:00+00:00,0,normal,26.0933,7.3744,6.5097,10.0761,18.0003
2026-03-24 16:30:00+00:00,0,normal,26.0341,7.3303,6.5726,10.316,17.9906
2026-03-24 16:40:00+00:00,0,normal,25.9027,7.3357,6.6419,10.1873,18.004
2026-03-24 16:50:00+00:00,0,normal,25.8591,7.3289,6.6165,10.3681,17.9964
2026-03-24 17:00:00+00:00,0,normal,25.7967,7.3253,6.6549,10.5353,17.9704
2026-03-24 17:10:00+00:00,0,normal,25.7406,7.3259,6.6662,10.778,17.9611
2026-03-24 17:20:00+00:00,0,normal,25.7071,7.344,6.679,10.7932,17.9715
2026-03-24 17:30:00+00:00,0,normal,25.717,7.3427,6.688,10.7825,17.9708
2026-03-24 17:40:00+00:00,0,normal,25.6547,7.3447,6.7901,10.6338,17.9705
2026-03-24 17:50:00+00:00,0,normal,25.6769,7.3221,6.8026,10.4863,17.9747
2026-03-24 18:00:00+00:00,0,normal,25.613,7.3249,6.8552,10.4328,17.9798
2026-03-24 18:10:00+00:00,0,normal,25.5574,7.3147,6.869,10.3371,17.9899
2026-03-24 18:20:00+00:00,0,normal,25.5101,7.3031,6.899,10.3899,17.9767
2026-03-24 18:30:00+00:00,0,normal,25.4478,7.2939,6.8622,10.5802,17.9921
2026-03-24 18:40:00+00:00,0,normal,25.4172,7.304,6.9093,10.5811,17.9955
2026-03-24 18:50:00+00:00,0,normal,25.4129,7.2962,6.9259,10.4356,17.9982
2026-03-24 19:00:00+00:00,0,normal,25.3661,7.2873,7.092,10.4087,17.9844
2026-03-24 19:10:00+00:00,0,normal,25.4124,7.2716,7.0531,10.5703,17.9872
2026-03-24 19:20:00+00:00,0,normal,25.4026,7.2626,7.1458,10.4262,17.9737
2026-03-24 19:30:00+00:00,0,normal,25.3475,7.2607,7.1296,10.531,17.9689
2026-03-24 19:40:00+00:00,0,normal,25.2893,7.2591,7.1974,10.6447,17.9639
2026-03-24 19:50:00+00:00,0,normal,25.2286,7.2686,7.1712,10.4673,17.9651
2026-03-24 20:00:00+00:00,0,normal,25.1364,7.2817,7.283,10.2521,17.9752
2026-03-24 20:10:00+00:00,0,normal,25.089,7.2852,7.3332,10.2215,17.9862
2026-03-24 20:20:00+00:00,0,normal,25.0528,7.2675,7.4068,10.227,17.9839
2026-03-24 20:30:00+00:00,0,normal,25.0251,7.2713,7.4678,10.1145,17.9758
2026-03-24 20:40:00+00:00,0,normal,25.0031,7.2783,7.4615,10.2662,17.958
2026-03-24 20:50:00+00:00,0,normal,24.8961,7.2728,7.5126,10.3719,17.9478
2026-03-24 21:00:00+00:00,0,normal,24.8871,7.2769,7.4813,10.5714,17.9458
2026-03-24 21:10:00+00:00,0,normal,24.9242,7.2761,7.4801,10.3231,17.9455
2026-03-24 21:20:00+00:00,0,normal,24.9381,7.2756,7.4511,10.1631,17.9497
2026-03-24 21:30:00+00:00,0,normal,25.0196,7.2754,7.4597,10.4893,17.9638
2026-03-24 21:40:00+00:00,0,normal,25.1019,7.2989,7.4162,10.3791,17.9604
2026-03-24 21:50:00+00:00,0,normal,25.1319,7.3,7.4428,10.2125,17.9513
2026-03-24 22:00:00+00:00,0,normal,25.1651,7.3305,7.3748,10.3082,17.9675
2026-03-24 22:10:00+00:00,0,normal,25.1538,7.3308,7.33,10.5906,17.9705
2026-03-24 22:20:00+00:00,0,normal,25.1016,7.3151,7.3692,10.4087,17.9594
2026-03-24 22:30:00+00:00,0,normal,25.0782,7.3071,7.4164,10.7782,17.9645
2026-03-24 22:40:00+00:00,0,normal,25.1213,7.3197,7.3706,10.9258,17.9714
2026-03-24 22:50:00+00:00,0,normal,25.0624,7.3175,7.451,10.9734,17.9854
2026-03-24 23:00:00+00:00,0,normal,25.0537,7.3295,7.4539,10.8202,18.0003
2026-03-24 23:10:00+00:00,0,normal,25.086,7.3548,7.3877,10.9134,18.0369
2026-03-24 23:20:00+00:00,0,normal,25.0728,7.3612,7.3529,10.7019,18.028
2026-03-24 23:30:00+00:00,0,normal,25.0544,7.3566,7.3083,10.5657,18.0382
2026-03-24 23:40:00+00:00,0,normal,25.0895,7.3474,7.2155,10.8593,18.0312
2026-03-24 23:50:00+00:00,0,normal,25.1285,7.3555,7.2524,10.8978,18.0193
2026-03-25 00:00:00+00:00,0,normal,25.1524,7.3633,7.2388,10.8238,17.9887
2026-03-25 00:10:00+00:00,0,normal,25.155,7.3849,7.2202,10.9712,18.0065
2026-03-25 00:20:00+00:00,0,normal,25.1705,7.3853,7.2513,10.9411,17.9926
2026-03-25 00:30:00+00:00,0,normal,25.1698,7.415,7.2546,10.9733,17.9699
2026-03-25 00:40:00+00:00,0,normal,25.3125,7.4515,7.1714,11.0743,17.9584
2026-03-25 00:50:00+00:00,0,normal,25.3325,7.467,7.175,11.1252,17.9499
2026-03-25 01:00:00+00:00,0,normal,25.4012,7.4702,7.1292,10.9973,17.9469
2026-03-25 01:10:00+00:00,0,normal,25.384,7.5023,7.1267,10.8427,17.9573
2026-03-25 01:20:00+00:00,0,normal,25.4877,7.519,7.1058,10.6699,17.9602
2026-03-25 01:30:00+00:00,0,normal,25.4137,7.5021,7.1646,10.8838,17.9787
2026-03-25 01:40:00+00:00,0,normal,25.4228,7.5047,7.1489,10.7924,17.9977
2026-03-25 01:50:00+00:00,0,normal,25.5011,7.5241,7.0605,10.8133,18.0
2026-03-25 02:00:00+00:00,0,normal,25.6202,7.5186,6.9737,11.0709,18.0012
2026-03-25 02:10:00+00:00,0,normal,25.6434,7.5322,6.989,11.1881,18.013
2026-03-25 02:20:00+00:00,0,normal,25.7053,7.5449,6.9015,11.0725,18.0216
2026-03-25 02:30:00+00:00,0,normal,25.7892,7.5675,6.8518,11.1991,18.0238
2026-03-25 02:40:00+00:00,0,normal,25.8361,7.5685,6.9418,11.2814,18.0102
2026-03-25 02:50:00+00:00,0,normal,25.8765,7.6097,6.9696,11.2888,18.0214
2026-03-25 03:00:00+00:00,0,normal,25.9215,7.6157,6.8379,11.423,18.0114
2026-03-25 03:10:00+00:00,0,normal,26.0134,7.6297,6.8511,11.356,17.9998
2026-03-25 03:20:00+00:00,0,normal,26.0635,7.6377,6.8225,11.4361,18.0175
2026-03-25 03:30:00+00:00,0,normal,26.0802,7.6504,6.7517,11.5766,18.0335
2026-03-25 03:40:00+00:00,0,normal,26.1177,7.6692,6.7103,11.6222,18.0097
2026-03-25 03:50:00+00:00,0,normal,26.1847,7.6664,6.7636,11.4451,18.0214
2026-03-25 04:00:00+00:00,0,normal,26.1364,7.6845,6.7229,11.6173,18.0262
2026-03-25 04:10:00+00:00,0,normal,26.1258,7.6997,6.6613,11.4992,18.0048
2026-03-25 04:20:00+00:00,0,normal,26.2438,7.7281,6.5911,11.1493,17.9954
2026-03-25 04:30:00+00:00,0,normal,26.3592,7.7249,6.4695,11.135,17.9908
2026-03-25 04:40:00+00:00,0,normal,26.3418,7.7426,6.4917,11.3063,17.9767
2026-03-25 04:50:00+00:00,0,normal,26.4647,7.7546,6.4114,11.3064,17.9642
2026-03-25 05:00:00+00:00,0,normal,26.5691,7.7628,6.3943,11.3506,17.9731
2026-03-25 05:10:00+00:00,0,normal,26.5807,7.7621,6.3421,11.6362,17.9656
2026-03-25 05:20:00+00:00,0,normal,26.5905,7.7751,6.3779,11.6405,17.9773
2026-03-25 05:30:00+00:00,0,normal,26.6424,7.7836,6.2957,11.4546,17.999
2026-03-25 05:40:00+00:00,0,normal,26.6509,7.7757,6.2669,11.3354,18.0103
2026-03-25 05:50:00+00:00,0,normal,26.7056,7.7749,6.2432,11.3693,18.0097
2026-03-25 06:00:00+00:00,0,normal,26.7599,7.7788,6.2275,11.2161,18.0136
2026-03-25 06:10:00+00:00,0,normal,26.7575,7.7614,6.2004,11.1854,18.0159
2026-03-25 06:20:00+00:00,0,normal,26.8803,7.7667,6.0911,11.266,18.0115
2026-03-25 06:30:00+00:00,0,normal,26.9518,7.7682,6.14,11.2783,18.0118
2026-03-25 06:40:00+00:00,0,normal,26.9928,7.7829,6.1307,11.2734,18.0046
2026-03-25 06:50:00+00:00,0,normal,27.0521,7.777,6.1111,11.3882,17.9965
2026-03-25 07:00:00+00:00,0,normal,27.1303,7.7788,6.1009,11.3983,17.9942
2026-03-25 07:10:00+00:00,0,normal,27.1728,7.7752,6.1021,11.2462,17.9853
2026-03-25 07:20:00+00:00,0,normal,27.1934,7.7805,5.9948,11.1048,17.9724
2026-03-25 07:30:00+00:00,0,normal,27.1956,7.772,5.8591,10.9036,17.9558
2026-03-25 07:40:00+00:00,0,normal,27.2099,7.7816,5.7784,10.8804,17.9673
2026-03-25 07:50:00+00:00,0,normal,27.2504,7.7932,5.7815,10.9341,17.949
2026-03-25 08:00:00+00:00,0,normal,27.2073,7.8034,5.8178,10.8435,17.9371
2026-03-25 08:10:00+00:00,0,normal,27.2207,7.8118,5.8187,11.0115,17.9432
2026-03-25 08:20:00+00:00,0,normal,27.3053,7.8253,5.8038,11.1346,17.9542
2026-03-25 08:30:00+00:00,0,normal,27.3148,7.8041,5.8491,11.1488,17.9505
2026-03-25 08:40:00+00:00,0,normal,27.2838,7.7912,5.776,11.2999,17.9512
2026-03-25 08:50:00+00:00,0,normal,27.3845,7.7949,5.7062,11.4495,17.9408
2026-03-25 09:00:00+00:00,0,normal,27.4308,7.7916,5.6348,11.307,17.921
2026-03-25 09:10:00+00:00,0,normal,27.4824,7.7926,5.6383,11.3418,17.9188
2026-03-25 09:20:00+00:00,0,normal,27.5252,7.7938,5.6196,11.1009,17.9116
2026-03-25 09:30:00+00:00,0,normal,27.6003,7.7989,5.6493,11.0834,17.9102
2026-03-25 09:40:00+00:00,0,normal,27.5677,7.7846,5.615,10.8615,17.917
2026-03-25 09:50:00+00:00,0,normal,27.5024,7.7757,5.6434,10.9618,17.9253
2026-03-25 10:00:00+00:00,0,normal,27.4252,7.7578,5.7227,10.8563,17.8996
2026-03-25 10:10:00+00:00,0,normal,27.4224,7.7698,5.6514,10.9014,17.8885
2026-03-25 10:20:00+00:00,0,normal,27.4253,7.7669,5.547,10.5806,17.8902
2026-03-25 10:30:00+00:00,0,normal,27.3664,7.7724,5.6009,10.8414,17.8858
2026-03-25 10:40:00+00:00,0,normal,27.4557,7.7837,5.6565,10.8317,17.8845
2026-03-25 10:50:00+00:00,0,normal,27.4495,7.7658,5.598,10.7911,17.8953
2026-03-25 11:00:00+00:00,0,normal,27.4534,7.7548,5.6239,11.0037,17.8874
2026-03-25 11:10:00+00:00,0,normal,27.4281,7.754,5.6769,11.0199,17.8463
2026-03-25 11:20:00+00:00,0,normal,27.5056,7.7429,5.6181,10.928,17.8406
2026-03-25 11:30:00+00:00,0,normal,27.5299,7.717,5.4848,10.6957,17.8159
2026-03-25 11:40:00+00:00,0,normal,27.5686,7.7229,5.5216,10.5487,17.8083
2026-03-25 11:50:00+00:00,0,normal,27.5707,7.6998,5.5408,10.4145,17.8242
2026-03-25 12:00:00+00:00,0,normal,27.5362,7.6819,5.5679,10.4401,17.8395
2026-03-25 12:10:00+00:00,0,normal,27.5863,7.6571,5.5592,10.5746,17.8381
2026-03-25 12:20:00+00:00,0,normal,27.4772,7.6508,5.7186,10.6242,17.85
2026-03-25 12:30:00+00:00,0,normal,27.4129,7.6261,5.7113,10.8204,17.8431
2026-03-25 12:40:00+00:00,0,normal,27.3836,7.631,5.6899,10.6962,17.8264
2026-03-25 12:50:00+00:00,0,normal,27.3906,7.625,5.7343,10.7373,17.8117
2026-03-25 13:00:00+00:00,0,normal,27.272,7.6235,5.7297,10.568,17.8011
2026-03-25 13:10:00+00:00,0,normal,27.3039,7.6053,5.669,10.6255,17.788
2026-03-25 13:20:00+00:00,0,normal,27.2099,7.5991,5.7338,10.4535,17.7891
2026-03-25 13:30:00+00:00,0,normal,27.1951,7.598,5.7798,10.4278,17.7896
2026-03-25 13:40:00+00:00,0,normal,27.1195,7.5779,5.7206,10.1974,17.7986
2026-03-25 13:50:00+00:00,0,normal,27.1042,7.5671,5.7695,10.1392,17.7759
2026-03-25 14:00:00+00:00,0,normal,26.9627,7.5511,5.88,9.8203,17.7566
2026-03-25 14:10:00+00:00,0,normal,27.0017,7.5546,5.9192,9.8258,17.755
2026-03-25 14:20:00+00:00,0,normal,26.8777,7.5291,5.9774,9.9514,17.7408
2026-03-25 14:30:00+00:00,0,normal,26.858,7.5157,6.0176,10.1605,17.7277
2026-03-25 14:40:00+00:00,0,normal,26.7759,7.5022,6.0478,9.9338,17.7282
2026-03-25 14:50:00+00:00,0,normal,26.8127,7.4978,6.0424,10.2986,17.7401
2026-03-25 15:00:00+00:00,0,normal,26.715,7.4873,6.0875,10.2298,17.7241
2026-03-25 15:10:00+00:00,0,normal,26.682,7.4757,6.0388,10.0825,17.7354
2026-03-25 15:20:00+00:00,0,normal,26.6032,7.4576,6.0403,10.0647,17.7435
2026-03-25 15:30:00+00:00,0,normal,26.5573,7.4513,6.1363,10.1305,17.7548
2026-03-25 15:40:00+00:00,0,normal,26.527,7.4597,6.1423,10.2202,17.7483
2026-03-25 15:50:00+00:00,0,normal,26.5174,7.4495,6.1133,10.3718,17.7508
2026-03-25 16:00:00+00:00,0,normal,26.4202,7.4273,6.261,10.4633,17.748
2026-03-25 16:10:00+00:00,0,normal,26.3772,7.4277,6.3648,10.4975,17.7536
2026-03-25 16:20:00+00:00,0,normal,26.3999,7.4168,6.3653,10.7037,17.7644
2026-03-25 16:30:00+00:00,0,normal,26.3702,7.3921,6.3562,10.6371,17.7663
2026-03-25 16:40:00+00:00,0,normal,26.2045,7.3698,6.4619,10.5396,17.7415
2026-03-25 16:50:00+00:00,0,normal,26.1998,7.37,6.4583,10.3706,17.7152
2026-03-25 17:00:00+00:00,0,normal,26.177,7.3569,6.4673,10.2262,17.7112
2026-03-25 17:10:00+00:00,0,normal,26.0244,7.3524,6.4917,10.1866,17.6886
2026-03-25 17:20:00+00:00,0,normal,25.8972,7.3307,6.5883,9.964,17.6811
2026-03-25 17:30:00+00:00,0,normal,25.9439,7.3174,6.6077,10.1087,17.6857
2026-03-25 17:40:00+00:00,0,normal,25.9116,7.304,6.6484,10.2812,17.7038
2026-03-25 17:50:00+00:00,0,normal,25.7877,7.3073,6.733,10.3024,17.7081
2026-03-25 18:00:00+00:00,0,normal,25.789,7.2958,6.8469,10.268,17.7062
2026-03-25 18:10:00+00:00,0,normal,25.7565,7.3087,6.9146,10.4285,17.7024
2026-03-25 18:20:00+00:00,0,normal,25.6867,7.3022,6.9907,10.4258,17.7195
2026-03-25 18:30:00+00:00,0,normal,25.6628,7.2971,7.0983,10.4805,17.7143
2026-03-25 18:40:00+00:00,0,normal,25.6053,7.2824,7.1518,10.8309,17.6845
2026-03-25 18:50:00+00:00,0,normal,25.5008,7.2726,7.1361,10.8581,17.6915
2026-03-25 19:00:00+00:00,0,normal,25.4419,7.2621,7.127,10.7963,17.6968
2026-03-25 19:10:00+00:00,0,normal,25.5141,7.2565,7.0695,10.555,17.6861
2026-03-25 19:20:00+00:00,0,normal,25.412,7.2663,7.1029,10.3357,17.668
2026-03-25 19:30:00+00:00,0,normal,25.3548,7.2591,7.106,9.9549,17.6743
2026-03-25 19:40:00+00:00,0,normal,25.3204,7.2533,7.1789,10.0311,17.6398
2026-03-25 19:50:00+00:00,0,normal,25.3258,7.2629,7.1792,10.0782,17.6291
2026-03-25 20:00:00+00:00,0,normal,25.2472,7.2554,7.2033,10.3528,17.6094
2026-03-25 20:10:00+00:00,0,normal,25.3262,7.2593,7.1264,10.4479,17.6124
2026-03-25 20:20:00+00:00,0,normal,25.4289,7.2772,7.135,10.6026,17.6237
2026-03-25 20:30:00+00:00,0,normal,25.4331,7.2781,7.1996,10.6444,17.6412
2026-03-25 20:40:00+00:00,0,normal,25.3633,7.2626,7.2815,10.6658,17.6594
2026-03-25 20:50:00+00:00,0,normal,25.3744,7.2968,7.2759,10.6914,17.6951
2026-03-25 21:00:00+00:00,0,normal,25.2622,7.3094,7.3218,10.7464,17.7026
2026-03-25 21:10:00+00:00,0,normal,25.1733,7.3154,7.352,10.5839,17.7051
2026-03-25 21:20:00+00:00,0,normal,25.1391,7.3423,7.2817,10.5723,17.7018
2026-03-25 21:30:00+00:00,0,normal,25.1161,7.3435,7.288,10.6856,17.6922
2026-03-25 21:40:00+00:00,0,normal,25.0332,7.319,7.2685,10.7268,17.6629
2026-03-25 21:50:00+00:00,0,normal,25.0327,7.3061,7.2863,10.9042,17.6462
2026-03-25 22:00:00+00:00,0,normal,25.0797,7.3118,7.2711,11.0364,17.6304
2026-03-25 22:10:00+00:00,0,normal,25.0802,7.2841,7.2657,10.9802,17.6448
2026-03-25 22:20:00+00:00,0,normal,25.0814,7.2883,7.2518,10.9274,17.644
2026-03-25 22:30:00+00:00,0,normal,25.0446,7.2999,7.3844,10.924,17.6573
2026-03-25 22:40:00+00:00,0,normal,25.067,7.3116,7.4211,10.8274,17.6636
2026-03-25 22:50:00+00:00,0,normal,25.0522,7.3129,7.4165,10.8923,17.6774
2026-03-25 23:00:00+00:00,0,normal,25.0575,7.3303,7.4688,10.8557,17.674
2026-03-25 23:10:00+00:00,0,normal,25.0999,7.3501,7.4138,10.7972,17.677
2026-03-25 23:20:00+00:00,0,normal,25.1875,7.3594,7.3277,10.6822,17.677
2026-03-25 23:30:00+00:00,0,normal,25.2481,7.3636,7.2679,10.7658,17.6728
2026-03-25 23:40:00+00:00,0,normal,25.2378,7.358,7.3368,10.7695,17.6673
2026-03-25 23:50:00+00:00,0,normal,25.2836,7.3745,7.3347,10.8162,17.68
2026-03-26 00:00:00+00:00,1,do_sensor_stuck,25.3596,7.3782,7.3513,11.0235,18.238
2026-03-26 00:10:00+00:00,1,do_sensor_stuck,25.3446,7.4029,7.3513,11.3046,18.2306
2026-03-26 00:20:00+00:00,1,do_sensor_stuck,25.3229,7.4145,7.3513,11.2246,18.2415
2026-03-26 00:30:00+00:00,1,do_sensor_stuck,25.3806,7.4359,7.3513,11.1298,18.2452
2026-03-26 00:40:00+00:00,1,do_sensor_stuck,25.3632,7.4616,7.3513,11.3071,18.2524
2026-03-26 00:50:00+00:00,1,do_sensor_stuck,25.3696,7.482,7.3513,11.2543,18.2505
2026-03-26 01:00:00+00:00,1,do_sensor_stuck,25.4353,7.4852,7.3513,11.0914,18.2516
2026-03-26 01:10:00+00:00,1,do_sensor_stuck,25.4943,7.4927,7.3513,11.2748,18.2643
2026-03-26 01:20:00+00:00,1,do_sensor_stuck,25.4931,7.4936,7.3513,11.3814,18.2812
2026-03-26 01:30:00+00:00,1,do_sensor_stuck,25.5824,7.4912,7.3513,11.3366,18.2739
2026-03-26 01:40:00+00:00,1,do_sensor_stuck,25.6694,7.5044,7.3513,11.3672,18.264
2026-03-26 01:50:00+00:00,1,do_sensor_stuck,25.7878,7.506,7.3513,11.758,18.2844
2026-03-26 02:00:00+00:00,1,do_sensor_stuck,25.8601,7.5122,7.3513,11.6442,18.2828
2026-03-26 02:10:00+00:00,1,do_sensor_stuck,25.9079,7.53,7.3513,11.7882,18.2702
2026-03-26 02:20:00+00:00,1,do_sensor_stuck,25.9724,7.5334,7.3513,11.7281,18.2773
2026-03-26 02:30:00+00:00,1,do_sensor_stuck,25.9551,7.5395,7.3513,11.7701,18.2851
2026-03-26 02:40:00+00:00,1,do_sensor_stuck,25.9413,7.5669,7.3513,11.4009,18.279
2026-03-26 02:50:00+00:00,1,do_sensor_stuck,25.9191,7.5861,7.3513,11.5114,18.2858
2026-03-26 03:00:00+00:00,1,do_sensor_stuck,25.9524,7.6063,7.3513,11.4051,18.2842
2026-03-26 03:10:00+00:00,1,do_sensor_stuck,25.9771,7.621,7.3513,11.4943,18.2662
2026-03-26 03:20:00+00:00,1,do_sensor_stuck,26.0744,7.6337,7.3513,11.3669,18.2696
2026-03-26 03:30:00+00:00,1,do_sensor_stuck,26.129,7.6342,7.3513,11.305,18.2831
2026-03-26 03:40:00+00:00,1,do_sensor_stuck,26.2263,7.651,7.3513,11.0137,18.2551
2026-03-26 03:50:00+00:00,1,do_sensor_stuck,26.351,7.661,7.3513,11.0666,18.2662
2026-03-26 04:00:00+00:00,1,do_sensor_stuck,26.4334,7.6673,7.3513,10.9409,18.2768
2026-03-26 04:10:00+00:00,1,do_sensor_stuck,26.4821,7.6763,7.3513,11.2656,18.2689
2026-03-26 04:20:00+00:00,1,do_sensor_stuck,26.5174,7.694,7.3513,11.3003,18.2487
2026-03-26 04:30:00+00:00,1,do_sensor_stuck,26.5614,7.7032,7.3513,11.6423,18.2768
2026-03-26 04:40:00+00:00,1,do_sensor_stuck,26.6718,7.7176,7.3513,11.7249,18.2756
2026-03-26 04:50:00+00:00,1,do_sensor_stuck,26.7174,7.7305,7.3513,11.7651,18.2652
2026-03-26 05:00:00+00:00,1,do_sensor_stuck,26.7545,7.7467,7.3513,11.4374,18.2718
2026-03-26 05:10:00+00:00,1,do_sensor_stuck,26.8223,7.7609,7.3513,11.4684,18.2889
2026-03-26 05:20:00+00:00,1,do_sensor_stuck,26.865,7.7594,7.3513,11.4489,18.2858
2026-03-26 05:30:00+00:00,1,do_sensor_stuck,26.8395,7.75,7.3513,11.5663,18.2633
2026-03-26 05:40:00+00:00,1,do_sensor_stuck,26.894,7.758,7.3513,11.4484,18.2769
2026-03-26 05:50:00+00:00,1,do_sensor_stuck,26.9255,7.7438,7.3513,11.5209,18.2613
2026-03-26 06:00:00+00:00,1,do_sensor_stuck,26.9667,7.747,7.3513,11.4582,18.2491
2026-03-26 06:10:00+00:00,1,do_sensor_stuck,26.9953,7.7691,7.3513,11.2816,18.2341
2026-03-26 06:20:00+00:00,1,do_sensor_stuck,27.0628,7.7987,7.3513,11.2051,18.2506
2026-03-26 06:30:00+00:00,1,do_sensor_stuck,27.123,7.8005,7.3513,11.2425,18.2364
2026-03-26 06:40:00+00:00,1,do_sensor_stuck,27.1789,7.826,7.3513,11.0496,18.2358
2026-03-26 06:50:00+00:00,1,do_sensor_stuck,27.1558,7.8256,7.3513,11.1229,18.2341
2026-03-26 07:00:00+00:00,0,normal,27.2479,7.7996,5.9964,11.1882,18.2391
2026-03-26 07:10:00+00:00,0,normal,27.2892,7.787,6.023,10.9372,18.24
2026-03-26 07:20:00+00:00,0,normal,27.2716,7.7926,5.9518,10.9293,18.2382
2026-03-26 07:30:00+00:00,0,normal,27.3444,7.8003,5.8843,11.1054,18.2308
2026-03-26 07:40:00+00:00,0,normal,27.402,7.7945,5.8026,10.9156,18.2308
2026-03-26 07:50:00+00:00,0,normal,27.4521,7.823,5.8401,10.9007,18.2393
2026-03-26 08:00:00+00:00,0,normal,27.4775,7.8254,5.7574,10.8885,18.2231
2026-03-26 08:10:00+00:00,0,normal,27.4614,7.8142,5.8109,11.0953,18.2286
2026-03-26 08:20:00+00:00,0,normal,27.4677,7.7968,5.6993,11.0914,18.2355
2026-03-26 08:30:00+00:00,0,normal,27.5291,7.8193,5.6786,11.2013,18.2429
2026-03-26 08:40:00+00:00,0,normal,27.4949,7.8083,5.5813,11.1075,18.221
2026-03-26 08:50:00+00:00,0,normal,27.4917,7.8143,5.5509,10.9105,18.2216
2026-03-26 09:00:00+00:00,0,normal,27.5879,7.8363,5.516,10.7214,18.1947
2026-03-26 09:10:00+00:00,0,normal,27.5808,7.8331,5.5223,10.6408,18.2072
2026-03-26 09:20:00+00:00,0,normal,27.5431,7.8017,5.516,10.6399,18.1805
2026-03-26 09:30:00+00:00,0,normal,27.6212,7.7922,5.4809,10.6206,18.1923
2026-03-26 09:40:00+00:00,0,normal,27.6488,7.7936,5.545,10.9667,18.1819
2026-03-26 09:50:00+00:00,0,normal,27.6345,7.7813,5.5403,10.9268,18.1946
2026-03-26 10:00:00+00:00,0,normal,27.6165,7.7632,5.6239,10.8324,18.1685
2026-03-26 10:10:00+00:00,0,normal,27.7139,7.7812,5.5735,10.6196,18.1599
2026-03-26 10:20:00+00:00,0,normal,27.6217,7.7646,5.683,10.5675,18.1406
2026-03-26 10:30:00+00:00,0,normal,27.6333,7.7381,5.613,10.2713,18.1403
2026-03-26 10:40:00+00:00,0,normal,27.6343,7.7306,5.5537,10.1344,18.1325
2026-03-26 10:50:00+00:00,0,normal,27.6493,7.7625,5.4824,10.1693,18.1206
2026-03-26 11:00:00+00:00,0,normal,27.5727,7.7511,5.5208,10.4541,18.1264
2026-03-26 11:10:00+00:00,0,normal,27.5857,7.7558,5.4685,10.5829,18.1061
2026-03-26 11:20:00+00:00,0,normal,27.5675,7.7546,5.476,10.5341,18.099
2026-03-26 11:30:00+00:00,0,normal,27.581,7.7547,5.5025,10.6584,18.0827
2026-03-26 11:40:00+00:00,0,normal,27.5534,7.735,5.4558,10.717,18.0991
2026-03-26 11:50:00+00:00,0,normal,27.5694,7.7177,5.4794,10.6344,18.1022
2026-03-26 12:00:00+00:00,0,normal,27.6011,7.7129,5.4359,10.6866,18.1198
2026-03-26 12:10:00+00:00,0,normal,27.5162,7.692,5.484,10.6781,18.1131
2026-03-26 12:20:00+00:00,0,normal,27.4807,7.6788,5.4766,10.5564,18.1153
2026-03-26 12:30:00+00:00,0,normal,27.4459,7.6643,5.6112,10.4173,18.0995
2026-03-26 12:40:00+00:00,0,normal,27.3805,7.6365,5.6557,10.3742,18.0826
2026-03-26 12:50:00+00:00,0,normal,27.3253,7.6228,5.7168,9.88,18.0762
2026-03-26 13:00:00+00:00,0,normal,27.331,7.6101,5.7194,9.9658,18.0788
2026-03-26 13:10:00+00:00,0,normal,27.2511,7.592,5.8091,9.8502,18.0619
2026-03-26 13:20:00+00:00,0,normal,27.295,7.5642,5.824,9.9066,18.0649
2026-03-26 13:30:00+00:00,0,normal,27.3264,7.5618,5.8009,10.0785,18.0637
2026-03-26 13:40:00+00:00,0,normal,27.2063,7.5598,5.8192,10.4624,18.0472
2026-03-26 13:50:00+00:00,0,normal,27.1302,7.5559,5.864,10.3389,18.0299
2026-03-26 14:00:00+00:00,0,normal,27.1514,7.5455,5.857,10.4759,18.0438
2026-03-26 14:10:00+00:00,0,normal,27.0481,7.5459,5.8433,10.3663,18.0346
2026-03-26 14:20:00+00:00,0,normal,27.0225,7.5558,5.8393,10.2699,18.0164
2026-03-26 14:30:00+00:00,0,normal,27.0666,7.5348,5.8526,9.9184,18.0192
2026-03-26 14:40:00+00:00,0,normal,27.0818,7.5242,5.8827,9.9957,18.025
2026-03-26 14:50:00+00:00,0,normal,26.9741,7.5067,5.8773,9.9569,18.0276
2026-03-26 15:00:00+00:00,0,normal,26.9516,7.5025,5.9132,9.9185,18.0205
2026-03-26 15:10:00+00:00,0,normal,26.8005,7.4768,6.0257,9.9522,18.0079
2026-03-26 15:20:00+00:00,0,normal,26.7735,7.4679,6.0657,10.0169,18.0054
2026-03-26 15:30:00+00:00,0,normal,26.7255,7.4642,6.0649,9.9297,17.9845
2026-03-26 15:40:00+00:00,0,normal,26.6798,7.4736,6.1812,10.1786,17.9651
2026-03-26 15:50:00+00:00,0,normal,26.638,7.4545,6.1728,10.2946,17.9501
2026-03-26 16:00:00+00:00,0,normal,26.7113,7.4485,6.1559,10.0918,17.9691
2026-03-26 16:10:00+00:00,0,normal,26.603,7.4557,6.2576,10.1952,17.9534
2026-03-26 16:20:00+00:00,0,normal,26.5541,7.4544,6.333,10.3273,17.9742
2026-03-26 16:30:00+00:00,0,normal,26.5149,7.4397,6.3725,10.1067,17.9681
2026-03-26 16:40:00+00:00,0,normal,26.4357,7.4239,6.4299,10.0399,17.959
2026-03-26 16:50:00+00:00,0,normal,26.2478,7.4051,6.5002,9.9092,17.9484
2026-03-26 17:00:00+00:00,0,normal,26.2031,7.3628,6.4976,9.9875,17.9433
2026-03-26 17:10:00+00:00,0,normal,26.1328,7.3503,6.645,9.9283,17.9434
2026-03-26 17:20:00+00:00,0,normal,26.1617,7.3364,6.6234,9.9311,17.9451
2026-03-26 17:30:00+00:00,0,normal,26.0432,7.3137,6.7512,10.0926,17.9712
2026-03-26 17:40:00+00:00,0,normal,26.0374,7.325,6.8148,10.2003,17.9693
2026-03-26 17:50:00+00:00,0,normal,26.0347,7.334,6.848,10.1939,17.9823
2026-03-26 18:00:00+00:00,0,normal,25.9763,7.3165,6.8177,10.4547,17.9637
2026-03-26 18:10:00+00:00,0,normal,25.8583,7.2928,6.8102,10.5604,17.9894
2026-03-26 18:20:00+00:00,0,normal,25.8471,7.3097,6.8162,10.4414,17.967
2026-03-26 18:30:00+00:00,0,normal,25.7791,7.2972,6.8543,10.39,17.9407
2026-03-26 18:40:00+00:00,0,normal,25.6237,7.2897,6.9696,10.4021,17.9385
2026-03-26 18:50:00+00:00,0,normal,25.5679,7.2832,6.9382,10.32,17.9328
2026-03-26 19:00:00+00:00,0,normal,25.4982,7.3154,7.0087,10.2291,17.9122
2026-03-26 19:10:00+00:00,0,normal,25.4937,7.2988,6.9822,10.3007,17.9209
2026-03-26 19:20:00+00:00,0,normal,25.4619,7.2855,7.0125,10.3713,17.9429
2026-03-26 19:30:00+00:00,0,normal,25.475,7.2927,7.0032,10.3594,17.9362
2026-03-26 19:40:00+00:00,0,normal,25.4479,7.2861,7.0342,10.1512,17.9486
2026-03-26 19:50:00+00:00,0,normal,25.4501,7.2533,7.1405,10.2589,17.9432
2026-03-26 20:00:00+00:00,0,normal,25.3972,7.2727,7.2177,10.2931,17.9422
2026-03-26 20:10:00+00:00,0,normal,25.3596,7.2841,7.2328,10.5371,17.9424
2026-03-26 20:20:00+00:00,0,normal,25.3543,7.2837,7.2216,10.608,17.9607
2026-03-26 20:30:00+00:00,0,normal,25.3854,7.2982,7.2771,10.6847,17.969
2026-03-26 20:40:00+00:00,0,normal,25.3704,7.3036,7.2444,10.8362,17.9592
2026-03-26 20:50:00+00:00,0,normal,25.3482,7.2931,7.3145,10.8824,17.961
2026-03-26 21:00:00+00:00,0,normal,25.365,7.2912,7.2721,10.7633,17.9587
2026-03-26 21:10:00+00:00,0,normal,25.2734,7.2936,7.279,10.7729,17.9334
2026-03-26 21:20:00+00:00,0,normal,25.2175,7.2972,7.2582,10.8913,17.8936
2026-03-26 21:30:00+00:00,0,normal,25.1883,7.2982,7.2833,10.6599,17.9047
2026-03-26 21:40:00+00:00,0,normal,25.1689,7.3115,7.2239,10.6339,17.9034
2026-03-26 21:50:00+00:00,0,normal,25.1408,7.301,7.3215,10.6123,17.9239
2026-03-26 22:00:00+00:00,0,normal,25.1968,7.2989,7.3372,10.6765,17.9456
2026-03-26 22:10:00+00:00,0,normal,25.2369,7.2928,7.3811,10.8061,17.98
2026-03-26 22:20:00+00:00,0,normal,25.2923,7.3025,7.3147,11.031,17.9907
2026-03-26 22:30:00+00:00,0,normal,25.2966,7.3195,7.367,11.1202,18.0019
2026-03-26 22:40:00+00:00,0,normal,25.3114,7.329,7.3654,10.9785,17.9955
2026-03-26 22:50:00+00:00,0,normal,25.3172,7.332,7.3587,10.9151,17.9999
2026-03-26 23:00:00+00:00,0,normal,25.3218,7.3545,7.3385,10.6153,17.9855
2026-03-26 23:10:00+00:00,0,normal,25.3012,7.3647,7.3833,10.6512,17.9759
2026-03-26 23:20:00+00:00,0,normal,25.3537,7.3593,7.3373,10.6047,17.9641
2026-03-26 23:30:00+00:00,0,normal,25.4097,7.3964,7.3077,10.8006,17.9563
2026-03-26 23:40:00+00:00,0,normal,25.4263,7.4188,7.3475,10.7952,17.944
2026-03-26 23:50:00+00:00,0,normal,25.4687,7.4207,7.3264,11.1565,17.9717
2026-03-27 00:00:00+00:00,0,normal,25.4881,7.4335,7.327,11.0699,17.9858
2026-03-27 00:10:00+00:00,0,normal,25.4807,7.4454,7.2696,11.0914,18.004
2026-03-27 00:20:00+00:00,0,normal,25.482,7.4474,7.2223,11.1417,18.0098
2026-03-27 00:30:00+00:00,0,normal,25.5786,7.4557,7.1065,11.259,18.0117
2026-03-27 00:40:00+00:00,0,normal,25.5471,7.4709,7.0985,11.1242,18.0037
2026-03-27 00:50:00+00:00,0,normal,25.616,7.4882,7.0752,11.2703,18.0011
2026-03-27 01:00:00+00:00,0,normal,25.6609,7.4943,7.0882,11.4384,17.9954
2026-03-27 01:10:00+00:00,0,normal,25.6799,7.4936,6.9933,11.452,18.0184
2026-03-27 01:20:00+00:00,0,normal,25.6993,7.5107,6.9783,11.3604,18.0262
2026-03-27 01:30:00+00:00,0,normal,25.7248,7.5209,6.9774,11.4267,18.0153
2026-03-27 01:40:00+00:00,0,normal,25.7634,7.5105,6.8977,11.237,18.0063
2026-03-27 01:50:00+00:00,0,normal,25.8432,7.5174,6.8769,11.27,18.0112
2026-03-27 02:00:00+00:00,0,normal,25.8854,7.5302,6.8891,11.4454,17.9984
2026-03-27 02:10:00+00:00,0,normal,25.9064,7.5323,6.9148,11.6223,18.003
2026-03-27 02:20:00+00:00,0,normal,25.9666,7.5529,6.8715,11.4698,18.0158
2026-03-27 02:30:00+00:00,0,normal,25.9992,7.6114,6.8878,11.4943,18.0136
2026-03-27 02:40:00+00:00,0,normal,26.1052,7.6113,6.7813,11.3246,18.0207
2026-03-27 02:50:00+00:00,0,normal,26.1749,7.6309,6.8008,11.0676,18.0266
2026-03-27 03:00:00+00:00,0,normal,26.2491,7.6461,6.7902,10.9624,18.015
2026-03-27 03:10:00+00:00,0,normal,26.3229,7.6461,6.6569,11.122,18.0141
2026-03-27 03:20:00+00:00,0,normal,26.3651,7.6329,6.6009,11.2365,18.0255
2026-03-27 03:30:00+00:00,0,normal,26.3455,7.6639,6.5596,11.4045,18.0086
2026-03-27 03:40:00+00:00,0,normal,26.3827,7.668,6.4764,11.4979,17.9862
2026-03-27 03:50:00+00:00,0,normal,26.4307,7.678,6.3673,11.5004,17.9949
2026-03-27 04:00:00+00:00,0,normal,26.4747,7.6946,6.4036,11.3343,17.9781
2026-03-27 04:10:00+00:00,0,normal,26.4968,7.7025,6.3896,11.3146,17.9708
2026-03-27 04:20:00+00:00,0,normal,26.5947,7.715,6.4168,11.1222,17.9892
2026-03-27 04:30:00+00:00,0,normal,26.6845,7.7245,6.3969,11.0997,18.0029
2026-03-27 04:40:00+00:00,0,normal,26.7194,7.7581,6.4126,11.0675,18.0005
2026-03-27 04:50:00+00:00,0,normal,26.833,7.7684,6.3132,11.146,18.0105
2026-03-27 05:00:00+00:00,0,normal,26.854,7.7782,6.3105,11.1817,18.0009
2026-03-27 05:10:00+00:00,0,normal,26.9173,7.7808,6.1321,11.2192,17.9881
2026-03-27 05:20:00+00:00,0,normal,26.9355,7.7941,6.1493,11.4069,17.9876
2026-03-27 05:30:00+00:00,0,normal,27.0041,7.7788,6.1246,11.3381,17.99
2026-03-27 05:40:00+00:00,0,normal,26.9866,7.7621,6.1764,11.5257,17.9875
2026-03-27 05:50:00+00:00,0,normal,27.0705,7.7573,6.1607,11.3824,17.9962
2026-03-27 06:00:00+00:00,0,normal,27.122,7.7618,6.1702,11.3716,17.9958
2026-03-27 06:10:00+00:00,0,normal,27.2695,7.7656,6.0641,11.2422,17.978
2026-03-27 06:20:00+00:00,0,normal,27.3017,7.7591,5.9963,11.4653,17.976
2026-03-27 06:30:00+00:00,0,normal,27.3815,7.7835,5.9294,11.4313,17.9758
2026-03-27 06:40:00+00:00,0,normal,27.462,7.8089,5.77,11.5861,17.9797
2026-03-27 06:50:00+00:00,0,normal,27.5208,7.8215,5.7998,11.5539,17.9928
2026-03-27 07:00:00+00:00,0,normal,27.4201,7.8128,5.8191,11.6828,17.9989
2026-03-27 07:10:00+00:00,0,normal,27.4823,7.8174,5.7512,11.6206,17.99
2026-03-27 07:20:00+00:00,0,normal,27.483,7.8143,5.7282,11.1621,17.9886
2026-03-27 07:30:00+00:00,0,normal,27.4334,7.7868,5.734,11.0352,17.965
2026-03-27 07:40:00+00:00,0,normal,27.3936,7.7862,5.7152,11.0001,17.9464
2026-03-27 07:50:00+00:00,0,normal,27.5697,7.8173,5.6423,10.7495,17.9244
2026-03-27 08:00:00+00:00,0,normal,27.5641,7.8201,5.6873,10.7346,17.9264
2026-03-27 08:10:00+00:00,0,normal,27.6484,7.827,5.6647,11.0742,17.9161
2026-03-27 08:20:00+00:00,0,normal,27.8039,7.8419,5.6558,10.975,17.9235
2026-03-27 08:30:00+00:00,0,normal,27.8419,7.8332,5.6725,11.1606,17.9136
2026-03-27 08:40:00+00:00,0,normal,27.803,7.8181,5.6299,11.0316,17.9186
2026-03-27 08:50:00+00:00,0,normal,27.786,7.8135,5.6085,10.7902,17.9066
2026-03-27 09:00:00+00:00,0,normal,27.7506,7.8003,5.6269,10.6142,17.8986
2026-03-27 09:10:00+00:00,0,normal,27.7568,7.7861,5.5416,10.7143,17.8893
2026-03-27 09:20:00+00:00,0,normal,27.7738,7.789,5.4513,10.5659,17.8831
2026-03-27 09:30:00+00:00,0,normal,27.7947,7.7934,5.4098,10.5943,17.9014
2026-03-27 09:40:00+00:00,0,normal,27.8709,7.8047,5.3009,10.6538,17.9042
2026-03-27 09:50:00+00:00,0,normal,27.9829,7.8257,5.1758,10.749,17.9044
2026-03-27 10:00:00+00:00,0,normal,27.9397,7.8264,5.2184,10.5586,17.9096
2026-03-27 10:10:00+00:00,0,normal,27.9979,7.8304,5.2803,10.582,17.9017
2026-03-27 10:20:00+00:00,0,normal,27.9897,7.8042,5.3128,10.8197,17.8749
2026-03-27 10:30:00+00:00,0,normal,28.0437,7.8004,5.2939,10.8417,17.8539
2026-03-27 10:40:00+00:00,0,normal,27.9161,7.7885,5.3894,10.8565,17.856
2026-03-27 10:50:00+00:00,0,normal,27.9313,7.7926,5.3917,10.9624,17.8457
2026-03-27 11:00:00+00:00,0,normal,27.85,7.7884,5.3549,11.0015,17.8448
2026-03-27 11:10:00+00:00,0,normal,27.8386,7.7847,5.3551,11.0196,17.841
2026-03-27 11:20:00+00:00,0,normal,27.8077,7.7676,5.4525,10.9769,17.8522
2026-03-27 11:30:00+00:00,0,normal,27.8493,7.7385,5.3841,10.9197,17.8502
2026-03-27 11:40:00+00:00,0,normal,27.8681,7.7268,5.3299,10.98,17.8654
2026-03-27 11:50:00+00:00,0,normal,27.8375,7.7042,5.3864,10.8458,17.8729
2026-03-27 12:00:00+00:00,0,normal,27.7801,7.6982,5.4151,10.5107,17.8683
2026-03-27 12:10:00+00:00,0,normal,27.7117,7.6828,5.4657,10.3303,17.8481
2026-03-27 12:20:00+00:00,0,normal,27.6696,7.6755,5.5296,10.2408,17.8401
2026-03-27 12:30:00+00:00,0,normal,27.59,7.6651,5.6212,10.1628,17.8127
2026-03-27 12:40:00+00:00,0,normal,27.5486,7.6498,5.656,10.0624,17.7972
2026-03-27 12:50:00+00:00,0,normal,27.5885,7.6318,5.6099,10.0283,17.7971
2026-03-27 13:00:00+00:00,0,normal,27.5401,7.6071,5.6,10.1458,17.8078
2026-03-27 13:10:00+00:00,0,normal,27.5563,7.5975,5.5931,10.3958,17.8079
2026-03-27 13:20:00+00:00,0,normal,27.5253,7.5708,5.6513,10.2194,17.8079
2026-03-27 13:30:00+00:00,0,normal,27.5433,7.556,5.6055,10.2127,17.7841
2026-03-27 13:40:00+00:00,0,normal,27.4788,7.5497,5.7032,10.2573,17.7912
2026-03-27 13:50:00+00:00,0,normal,27.4193,7.5529,5.7177,10.5225,17.7724
2026-03-27 14:00:00+00:00,0,normal,27.337,7.5386,5.7904,10.1462,17.7587
2026-03-27 14:10:00+00:00,0,normal,27.3604,7.5625,5.7491,10.172,17.7554
2026-03-27 14:20:00+00:00,0,normal,27.2994,7.5462,5.8171,10.2026,17.7705
2026-03-27 14:30:00+00:00,0,normal,27.2639,7.5498,5.8951,10.2678,17.7511
2026-03-27 14:40:00+00:00,0,normal,27.2696,7.5407,5.9065,10.1669,17.7419
2026-03-27 14:50:00+00:00,0,normal,27.2176,7.529,5.9422,10.4328,17.7389
2026-03-27 15:00:00+00:00,0,normal,27.1042,7.4999,6.0879,10.4346,17.7431
2026-03-27 15:10:00+00:00,0,normal,27.0635,7.4964,6.1235,10.4559,17.7343
2026-03-27 15:20:00+00:00,0,normal,27.0065,7.4667,6.0288,10.4131,17.7345
2026-03-27 15:30:00+00:00,0,normal,26.8803,7.4695,6.0881,10.2352,17.7298
2026-03-27 15:40:00+00:00,0,normal,26.8251,7.4447,6.0757,10.2318,17.7291
2026-03-27 15:50:00+00:00,0,normal,26.7584,7.4259,6.0766,10.3351,17.7231
2026-03-27 16:00:00+00:00,0,normal,26.671,7.4195,6.1154,10.4749,17.7195
2026-03-27 16:10:00+00:00,0,normal,26.6365,7.4302,6.2575,10.5463,17.7083
2026-03-27 16:20:00+00:00,0,normal,26.605,7.4017,6.3273,10.6997,17.7162
2026-03-27 16:30:00+00:00,0,normal,26.4923,7.4327,6.4518,10.2914,17.7098
2026-03-27 16:40:00+00:00,0,normal,26.4741,7.4342,6.4062,10.2765,17.701
2026-03-27 16:50:00+00:00,0,normal,26.3838,7.4003,6.4816,10.1529,17.6892
2026-03-27 17:00:00+00:00,0,normal,26.215,7.36,6.5838,10.1636,17.6973
2026-03-27 17:10:00+00:00,0,normal,26.2218,7.3603,6.5296,10.2382,17.6953
2026-03-27 17:20:00+00:00,0,normal,26.226,7.3209,6.5129,10.6123,17.695
2026-03-27 17:30:00+00:00,0,normal,26.1633,7.3108,6.607,10.4776,17.6917
2026-03-27 17:40:00+00:00,0,normal,26.1483,7.3226,6.6156,10.4988,17.7107
2026-03-27 17:50:00+00:00,0,normal,26.1185,7.3191,6.6462,10.5437,17.7063
2026-03-27 18:00:00+00:00,0,normal,25.9948,7.2982,6.7873,10.3178,17.7154
2026-03-27 18:10:00+00:00,0,normal,25.932,7.3095,6.8537,10.2167,17.7118
2026-03-27 18:20:00+00:00,0,normal,25.823,7.2778,6.9328,10.4498,17.7009
2026-03-27 18:30:00+00:00,0,normal,25.8052,7.2876,6.9763,10.4049,17.6953
2026-03-27 18:40:00+00:00,0,normal,25.7948,7.3052,6.9502,10.448,17.6907
2026-03-27 18:50:00+00:00,0,normal,25.8021,7.3093,6.9257,10.5513,17.6729
2026-03-27 19:00:00+00:00,0,normal,25.7769,7.2862,6.9692,10.3732,17.6792
2026-03-27 19:10:00+00:00,0,normal,25.7977,7.3093,6.9226,10.3103,17.6774
2026-03-27 19:20:00+00:00,0,normal,25.7673,7.2933,6.9224,10.2843,17.6534
2026-03-27 19:30:00+00:00,0,normal,25.736,7.2682,6.9108,10.2504,17.654
2026-03-27 19:40:00+00:00,0,normal,25.7021,7.2868,6.973,10.2959,17.6602
2026-03-27 19:50:00+00:00,0,normal,25.6731,7.2906,7.0055,10.4521,17.6583
2026-03-27 20:00:00+00:00,0,normal,25.5418,7.2667,7.0708,10.488,17.6706
2026-03-27 20:10:00+00:00,0,normal,25.5191,7.2739,7.0892,10.6116,17.666
2026-03-27 20:20:00+00:00,0,normal,25.511,7.2883,7.1248,10.6141,17.6593
2026-03-27 20:30:00+00:00,0,normal,25.5008,7.2862,7.1501,10.6968,17.6454
2026-03-27 20:40:00+00:00,0,normal,25.4243,7.2896,7.2004,10.7103,17.6209
2026-03-27 20:50:00+00:00,0,normal,25.4809,7.3053,7.1976,10.6938,17.6185
2026-03-27 21:00:00+00:00,0,normal,25.401,7.3052,7.1484,10.4127,17.6438
2026-03-27 21:10:00+00:00,0,normal,25.4074,7.3117,7.2053,10.5168,17.6619
2026-03-27 21:20:00+00:00,0,normal,25.3238,7.3004,7.2178,10.4462,17.6784
2026-03-27 21:30:00+00:00,0,normal,25.3263,7.311,7.1793,10.5728,17.6912
2026-03-27 21:40:00+00:00,0,normal,25.3488,7.3218,7.2209,10.6025,17.7034
2026-03-27 21:50:00+00:00,0,normal,25.3598,7.3209,7.3084,10.9271,17.6979
2026-03-27 22:00:00+00:00,0,normal,25.2962,7.329,7.2852,10.9386,17.6908
2026-03-27 22:10:00+00:00,0,normal,25.3784,7.3338,7.2385,10.9199,17.6815
2026-03-27 22:20:00+00:00,0,normal,25.4474,7.3483,7.2242,11.0012,17.6855
2026-03-27 22:30:00+00:00,0,normal,25.4579,7.3664,7.2194,11.083,17.6733
2026-03-27 22:40:00+00:00,0,normal,25.5173,7.3739,7.2581,10.8121,17.6641
2026-03-27 22:50:00+00:00,0,normal,25.5508,7.3969,7.2772,10.6434,17.6707
2026-03-27 23:00:00+00:00,0,normal,25.5217,7.3997,7.2982,10.7468,17.6796
2026-03-27 23:10:00+00:00,0,normal,25.4774,7.3916,7.3314,10.8606,17.6904
2026-03-27 23:20:00+00:00,0,normal,25.4729,7.3917,7.2738,10.9893,17.6894
2026-03-27 23:30:00+00:00,0,normal,25.4411,7.4084,7.2804,11.119,17.7097
2026-03-27 23:40:00+00:00,0,normal,25.4538,7.3964,7.2667,11.329,17.6914
2026-03-27 23:50:00+00:00,0,normal,25.505,7.4213,7.238,11.4165,17.6963
2026-03-28 00:00:00+00:00,0,normal,25.5953,7.4432,7.1341,11.3475,18.2468
2026-03-28 00:10:00+00:00,0,normal,25.6301,7.4676,7.1655,10.9966,18.2454
2026-03-28 00:20:00+00:00,0,normal,25.7422,7.4778,7.0552,11.0925,18.2507
2026-03-28 00:30:00+00:00,0,normal,25.763,7.4797,7.031,11.0141,18.2804
2026-03-28 00:40:00+00:00,0,normal,25.7077,7.4739,7.0047,10.8936,18.2719
2026-03-28 00:50:00+00:00,0,normal,25.7252,7.4862,7.0076,10.6281,18.2804
2026-03-28 01:00:00+00:00,0,normal,25.7193,7.4811,6.9654,10.8392,18.2759
2026-03-28 01:10:00+00:00,0,normal,25.6829,7.4912,6.9972,10.8129,18.266
2026-03-28 01:20:00+00:00,0,normal,25.6843,7.5009,6.9832,10.8822,18.2299
2026-03-28 01:30:00+00:00,0,normal,25.7594,7.5292,6.909,10.9764,18.2448
2026-03-28 01:40:00+00:00,0,normal,25.7225,7.5501,6.9177,11.2872,18.2192
2026-03-28 01:50:00+00:00,0,normal,25.779,7.5584,6.8539,11.2891,18.2182
2026-03-28 02:00:00+00:00,0,normal,25.8203,7.5845,6.7782,11.4066,18.2229
2026-03-28 02:10:00+00:00,0,normal,25.9343,7.6151,6.7561,11.3444,18.2569
2026-03-28 02:20:00+00:00,0,normal,26.0595,7.6408,6.7184,11.4033,18.2459
2026-03-28 02:30:00+00:00,0,normal,26.1873,7.6433,6.6711,11.2972,18.2618
2026-03-28 02:40:00+00:00,0,normal,26.1949,7.6539,6.6862,11.2638,18.296
2026-03-28 02:50:00+00:00,0,normal,26.2823,7.6587,6.645,11.3756,18.2858
2026-03-28 03:00:00+00:00,0,normal,26.3352,7.6586,6.5447,11.4824,18.2682
2026-03-28 03:10:00+00:00,0,normal,26.3399,7.6513,6.5941,11.4394,18.2822
2026-03-28 03:20:00+00:00,0,normal,26.3682,7.6691,6.5724,11.677,18.2833
2026-03-28 03:30:00+00:00,0,normal,26.4879,7.6897,6.4649,11.9942,18.2806
2026-03-28 03:40:00+00:00,0,normal,26.4956,7.6905,6.507,12.027,18.2776
2026-03-28 03:50:00+00:00,0,normal,26.5398,7.7064,6.4662,11.8566,18.2704
2026-03-28 04:00:00+00:00,0,normal,26.6409,7.7224,6.4077,11.8979,18.2476
2026-03-28 04:10:00+00:00,0,normal,26.6715,7.726,6.3278,11.7363,18.2517
2026-03-28 04:20:00+00:00,0,normal,26.6822,7.7332,6.3489,11.4437,18.2493
2026-03-28 04:30:00+00:00,0,normal,26.76,7.7474,6.2208,11.2248,18.2701
2026-03-28 04:40:00+00:00,0,normal,26.7807,7.7459,6.2177,11.3335,18.2906
2026-03-28 04:50:00+00:00,0,normal,26.7306,7.7369,6.2071,11.3278,18.314
2026-03-28 05:00:00+00:00,0,normal,26.7977,7.744,6.1624,11.4623,18.3012
2026-03-28 05:10:00+00:00,0,normal,26.9407,7.7576,6.1066,11.5921,18.2715
2026-03-28 05:20:00+00:00,0,normal,26.9946,7.769,6.1221,11.7296,18.2461
2026-03-28 05:30:00+00:00,0,normal,27.0941,7.7803,6.165,11.6692,18.2266
2026-03-28 05:40:00+00:00,0,normal,27.131,7.7915,6.1695,11.594,18.1964
2026-03-28 05:50:00+00:00,0,normal,27.2099,7.785,6.193,11.2677,18.1879
2026-03-28 06:00:00+00:00,0,normal,27.2108,7.769,6.1114,11.2447,18.1956
2026-03-28 06:10:00+00:00,0,normal,27.2369,7.7682,6.0081,11.2171,18.2137
2026-03-28 06:20:00+00:00,0,normal,27.2844,7.7921,5.8759,11.4375,18.2272
2026-03-28 06:30:00+00:00,0,normal,27.4134,7.8035,5.8301,11.3955,18.2559
2026-03-28 06:40:00+00:00,0,normal,27.4044,7.8332,5.862,11.6765,18.2546
2026-03-28 06:50:00+00:00,0,normal,27.4564,7.8487,5.8592,11.5467,18.2637
2026-03-28 07:00:00+00:00,0,normal,27.5653,7.8553,5.8397,11.6697,18.2673
2026-03-28 07:10:00+00:00,0,normal,27.5909,7.8365,5.8419,11.6016,18.2572
2026-03-28 07:20:00+00:00,0,normal,27.5922,7.8333,5.7653,11.7129,18.2366
2026-03-28 07:30:00+00:00,0,normal,27.6608,7.8091,5.6368,11.5701,18.257
2026-03-28 07:40:00+00:00,0,normal,27.7147,7.7992,5.6424,11.5788,18.2471
2026-03-28 07:50:00+00:00,0,normal,27.6607,7.7851,5.7615,11.3317,18.2447
2026-03-28 08:00:00+00:00,1,organic_load_event,27.721,7.7688,5.6031,12.965,18.2324
2026-03-28 08:10:00+00:00,1,organic_load_event,27.7571,7.7255,5.435,15.6312,18.2473
2026-03-28 08:20:00+00:00,1,organic_load_event,27.7994,7.6918,5.1449,18.336,18.2423
2026-03-28 08:30:00+00:00,1,organic_load_event,27.7734,7.6656,4.9542,21.1408,18.2329
2026-03-28 08:40:00+00:00,1,organic_load_event,27.8201,7.6217,4.5993,23.9382,18.2132
2026-03-28 08:50:00+00:00,1,organic_load_event,27.8749,7.5811,4.3704,26.6645,18.2111
2026-03-28 09:00:00+00:00,1,organic_load_event,27.8671,7.5513,4.1425,29.4669,18.1878
2026-03-28 09:10:00+00:00,1,organic_load_event,27.8921,7.5214,3.9947,32.2417,18.1579
2026-03-28 09:20:00+00:00,1,organic_load_event,27.9887,7.4828,3.6781,35.031,18.146
2026-03-28 09:30:00+00:00,1,organic_load_event,28.0454,7.4945,3.6605,34.8605,18.1329
2026-03-28 09:40:00+00:00,1,organic_load_event,27.952,7.4786,3.6311,34.8708,18.1486
2026-03-28 09:50:00+00:00,1,organic_load_event,27.9635,7.4655,3.6016,34.687,18.1315
2026-03-28 10:00:00+00:00,1,organic_load_event,27.9236,7.4644,3.6089,34.6792,18.1531
2026-03-28 10:10:00+00:00,1,organic_load_event,27.8691,7.4535,3.6992,34.5489,18.1723
2026-03-28 10:20:00+00:00,1,organic_load_event,27.8524,7.4459,3.7706,34.8032,18.1904
2026-03-28 10:30:00+00:00,1,organic_load_event,27.852,7.45,3.7539,34.9772,18.1791
2026-03-28 10:40:00+00:00,1,organic_load_event,27.8618,7.4448,3.7381,34.9161,18.2055
2026-03-28 10:50:00+00:00,1,organic_load_event,27.8523,7.4243,3.7429,35.1898,18.175
2026-03-28 11:00:00+00:00,1,organic_load_event,27.8305,7.4111,3.7036,35.1685,18.1739
2026-03-28 11:10:00+00:00,1,organic_load_event,27.8818,7.4032,3.6585,35.1372,18.1841
2026-03-28 11:20:00+00:00,1,organic_load_event,27.8797,7.399,3.7027,34.9692,18.1733
2026-03-28 11:30:00+00:00,1,organic_load_event,27.8594,7.3718,3.6796,35.0958,18.1526
2026-03-28 11:40:00+00:00,1,organic_load_event,27.829,7.3642,3.676,34.854,18.1518
2026-03-28 11:50:00+00:00,1,organic_load_event,27.8373,7.354,3.6664,34.6761,18.1347
2026-03-28 12:00:00+00:00,1,organic_load_event,27.7412,7.327,3.6603,34.7049,18.1036
2026-03-28 12:10:00+00:00,1,organic_load_event,27.7172,7.2992,3.6565,34.6295,18.0793
2026-03-28 12:20:00+00:00,1,organic_load_event,27.7119,7.3071,3.6402,34.5021,18.0799
2026-03-28 12:30:00+00:00,1,organic_load_event,27.6948,7.2936,3.6727,34.3113,18.0928
2026-03-28 12:40:00+00:00,1,organic_load_event,27.6512,7.2931,3.7544,34.3954,18.0789
2026-03-28 12:50:00+00:00,1,organic_load_event,27.716,7.3113,3.7556,34.1276,18.0681
2026-03-28 13:00:00+00:00,1,organic_load_event,27.733,7.2976,3.7875,34.0645,18.0917
2026-03-28 13:10:00+00:00,1,organic_load_event,27.7058,7.2904,3.8537,34.1696,18.0726
2026-03-28 13:20:00+00:00,1,organic_load_event,27.6718,7.2848,3.8294,34.2326,18.0641
2026-03-28 13:30:00+00:00,1,organic_load_event,27.5725,7.2655,3.9027,34.2643,18.0694
2026-03-28 13:40:00+00:00,1,organic_load_event,27.4605,7.2476,3.884,34.4187,18.0891
2026-03-28 13:50:00+00:00,1,organic_load_event,27.4219,7.2326,3.8812,34.7305,18.0753
2026-03-28 14:00:00+00:00,1,organic_load_event,27.3638,7.2078,3.8882,34.4622,18.0739
2026-03-28 14:10:00+00:00,1,organic_load_event,27.3855,7.2051,3.972,34.6161,18.0645
2026-03-28 14:20:00+00:00,1,organic_load_event,27.3875,7.1913,3.9246,34.6177,18.0582
2026-03-28 14:30:00+00:00,1,organic_load_event,27.3407,7.1951,4.1166,34.3471,18.0471
2026-03-28 14:40:00+00:00,1,organic_load_event,27.2777,7.2289,4.3651,31.429,18.0579
2026-03-28 14:50:00+00:00,1,organic_load_event,27.2378,7.281,4.6028,28.8195,18.0516
2026-03-28 15:00:00+00:00,1,organic_load_event,27.1087,7.288,4.7762,25.9683,18.0432
2026-03-28 15:10:00+00:00,1,organic_load_event,27.0509,7.3269,5.0511,23.2206,18.0316
2026-03-28 15:20:00+00:00,1,organic_load_event,27.0009,7.3333,5.1857,20.6432,18.0048
2026-03-28 15:30:00+00:00,1,organic_load_event,26.919,7.3736,5.4292,17.7857,17.9572
2026-03-28 15:40:00+00:00,1,organic_load_event,26.8878,7.3953,5.7278,14.9223,17.975
2026-03-28 15:50:00+00:00,1,organic_load_event,26.8294,7.4246,6.064,12.1471,17.9668
2026-03-28 16:00:00+00:00,0,normal,26.8087,7.4432,6.1767,10.1522,17.9653
2026-03-28 16:10:00+00:00,0,normal,26.7356,7.4323,6.2368,10.1572,17.9945
2026-03-28 16:20:00+00:00,0,normal,26.6564,7.4216,6.2449,10.3695,18.0147
2026-03-28 16:30:00+00:00,0,normal,26.5785,7.3816,6.1903,10.4671,17.9945
2026-03-28 16:40:00+00:00,0,normal,26.5971,7.3783,6.1871,10.4656,17.9998
2026-03-28 16:50:00+00:00,0,normal,26.4701,7.3698,6.3078,10.5242,18.0038
2026-03-28 17:00:00+00:00,0,normal,26.3671,7.3672,6.3959,10.4449,17.9704
2026-03-28 17:10:00+00:00,0,normal,26.3552,7.3672,6.4784,10.1158,17.9835
2026-03-28 17:20:00+00:00,0,normal,26.3879,7.3878,6.5214,10.1362,17.984
2026-03-28 17:30:00+00:00,0,normal,26.2787,7.3954,6.6089,10.0493,17.9802
2026-03-28 17:40:00+00:00,0,normal,26.2912,7.3826,6.5328,9.966,17.9688
2026-03-28 17:50:00+00:00,0,normal,26.2894,7.366,6.5219,9.7924,17.9711
2026-03-28 18:00:00+00:00,0,normal,26.2219,7.3584,6.5666,9.7916,17.9677
2026-03-28 18:10:00+00:00,0,normal,26.1032,7.3567,6.6582,10.0042,17.9733
2026-03-28 18:20:00+00:00,0,normal,26.0648,7.3422,6.643,10.0393,17.9667
2026-03-28 18:30:00+00:00,0,normal,25.9888,7.3295,6.7324,9.9909,17.9643
2026-03-28 18:40:00+00:00,0,normal,25.8757,7.3299,6.8305,10.1631,17.972
2026-03-28 18:50:00+00:00,0,normal,25.8536,7.3317,6.8102,10.3633,17.9647
2026-03-28 19:00:00+00:00,0,normal,25.8391,7.3255,6.8254,10.2325,17.9627
2026-03-28 19:10:00+00:00,0,normal,25.8179,7.3043,6.862,10.2196,17.9569
2026-03-28 19:20:00+00:00,0,normal,25.8323,7.3023,6.874,10.6176,17.9629
2026-03-28 19:30:00+00:00,0,normal,25.877,7.2957,6.8485,10.9297,17.9623
2026-03-28 19:40:00+00:00,0,normal,25.8416,7.2747,6.9224,10.9897,17.9526
2026-03-28 19:50:00+00:00,0,normal,25.7543,7.2476,6.9223,10.9197,17.9614
2026-03-28 20:00:00+00:00,0,normal,25.7043,7.2764,6.8892,11.0076,17.9845
2026-03-28 20:10:00+00:00,0,normal,25.5837,7.2695,6.9702,10.6599,17.9828
2026-03-28 20:20:00+00:00,0,normal,25.5269,7.2673,6.9869,10.5636,17.9731
2026-03-28 20:30:00+00:00,0,normal,25.51,7.258,6.9798,10.562,17.9826
2026-03-28 20:40:00+00:00,0,normal,25.5722,7.2905,7.0349,10.4917,17.9674
2026-03-28 20:50:00+00:00,0,normal,25.5888,7.2765,7.0576,10.4079,17.964
2026-03-28 21:00:00+00:00,0,normal,25.593,7.2849,6.9823,10.64,17.9585
2026-03-28 21:10:00+00:00,0,normal,25.5353,7.2904,7.0889,10.3701,17.953
2026-03-28 21:20:00+00:00,0,normal,25.5095,7.316,7.164,10.2763,17.9533
2026-03-28 21:30:00+00:00,0,normal,25.4661,7.3063,7.2105,10.3815,17.957
2026-03-28 21:40:00+00:00,0,normal,25.4306,7.2924,7.2284,10.5768,17.9467
2026-03-28 21:50:00+00:00,0,normal,25.4751,7.2914,7.2879,10.7262,17.9636
2026-03-28 22:00:00+00:00,0,normal,25.5167,7.2897,7.1798,10.975,17.9849
2026-03-28 22:10:00+00:00,0,normal,25.5485,7.2944,7.1285,10.7497,17.9903
2026-03-28 22:20:00+00:00,0,normal,25.4627,7.3091,7.1219,10.702,17.9904
2026-03-28 22:30:00+00:00,0,normal,25.5318,7.3502,7.0942,11.0032,17.9901
2026-03-28 22:40:00+00:00,0,normal,25.4779,7.3513,7.1397,10.8557,17.984
2026-03-28 22:50:00+00:00,0,normal,25.5211,7.3783,7.1536,10.551,17.9608
2026-03-28 23:00:00+00:00,0,normal,25.4959,7.3765,7.223,11.1831,17.9448
2026-03-28 23:10:00+00:00,0,normal,25.562,7.4054,7.2067,11.1821,17.9543
2026-03-28 23:20:00+00:00,0,normal,25.5106,7.4101,7.1828,10.8836,17.9735
2026-03-28 23:30:00+00:00,0,normal,25.5771,7.4516,7.077,10.7628,17.9621
2026-03-28 23:40:00+00:00,0,normal,25.5846,7.462,7.1471,11.3139,17.9809
2026-03-28 23:50:00+00:00,0,normal,25.6542,7.483,7.046,10.9188,17.9794
2026-03-29 00:00:00+00:00,0,normal,25.733,7.4658,7.0117,11.0227,17.9845
2026-03-29 00:10:00+00:00,0,normal,25.7797,7.4592,7.0684,11.0958,17.9702
2026-03-29 00:20:00+00:00,0,normal,25.8602,7.4498,7.1303,11.1813,18.0067
2026-03-29 00:30:00+00:00,0,normal,25.8772,7.4581,6.9895,11.0122,17.9976
2026-03-29 00:40:00+00:00,0,normal,25.91,7.4797,7.0229,11.2785,18.0083
2026-03-29 00:50:00+00:00,0,normal,25.9087,7.4894,7.05,11.3808,17.9986
2026-03-29 01:00:00+00:00,0,normal,25.9128,7.498,7.0413,11.1609,18.0083
2026-03-29 01:10:00+00:00,0,normal,25.8952,7.5005,7.01,11.1522,17.9944
2026-03-29 01:20:00+00:00,0,normal,25.9492,7.5094,7.0265,11.0728,18.0103
2026-03-29 01:30:00+00:00,0,normal,25.9502,7.5161,6.9212,11.0614,18.0142
2026-03-29 01:40:00+00:00,0,normal,25.992,7.5425,6.8713,11.1459,18.0207
2026-03-29 01:50:00+00:00,0,normal,26.0869,7.5758,6.826,11.3045,18.0338
2026-03-29 02:00:00+00:00,0,normal,26.1248,7.6043,6.794,11.4812,18.0349
2026-03-29 02:10:00+00:00,0,normal,26.0472,7.6085,6.8465,11.3603,18.0199
2026-03-29 02:20:00+00:00,0,normal,26.1566,7.6239,6.82,11.3396,18.0267
2026-03-29 02:30:00+00:00,0,normal,26.1799,7.6129,6.8272,11.2534,18.0011
2026-03-29 02:40:00+00:00,0,normal,26.169,7.6052,6.8129,11.2945,17.9883
2026-03-29 02:50:00+00:00,0,normal,26.1802,7.6265,6.8045,11.3082,17.9668
2026-03-29 03:00:00+00:00,0,normal,26.3257,7.6323,6.701,11.375,17.9812
2026-03-29 03:10:00+00:00,0,normal,26.2975,7.6278,6.7542,11.3364,17.9775
2026-03-29 03:20:00+00:00,0,normal,26.3347,7.654,6.6795,11.4955,18.0045
2026-03-29 03:30:00+00:00,0,normal,26.3933,7.6701,6.6362,11.4787,17.9989
2026-03-29 03:40:00+00:00,0,normal,26.5069,7.679,6.5916,11.3881,18.0268
2026-03-29 03:50:00+00:00,0,normal,26.6464,7.7174,6.4671,11.3719,18.0255
2026-03-29 04:00:00+00:00,0,normal,26.7507,7.735,6.3625,11.4448,18.0357
2026-03-29 04:10:00+00:00,0,normal,26.8724,7.7554,6.2693,11.1451,18.023
2026-03-29 04:20:00+00:00,0,normal,26.938,7.7569,6.2393,11.0911,18.0183
2026-03-29 04:30:00+00:00,0,normal,26.9773,7.7541,6.1781,11.046,17.9925
2026-03-29 04:40:00+00:00,0,normal,26.974,7.7685,6.2197,11.2201,17.9764
2026-03-29 04:50:00+00:00,0,normal,26.9748,7.7881,6.1907,11.0905,17.9666
2026-03-29 05:00:00+00:00,0,normal,26.9728,7.7701,6.1957,11.2021,17.9697
2026-03-29 05:10:00+00:00,0,normal,27.0704,7.7889,6.1343,11.1154,17.9762
2026-03-29 05:20:00+00:00,0,normal,27.1585,7.8014,6.0631,11.1349,17.9813
2026-03-29 05:30:00+00:00,0,normal,27.1975,7.7904,6.0662,11.1071,17.9917
2026-03-29 05:40:00+00:00,0,normal,27.2294,7.7907,6.0793,11.1256,18.0014
2026-03-29 05:50:00+00:00,0,normal,27.2843,7.8258,6.0408,11.1171,18.0031
2026-03-29 06:00:00+00:00,0,normal,27.2509,7.8285,5.9562,11.2244,17.998
2026-03-29 06:10:00+00:00,0,normal,27.2625,7.8415,5.9352,11.3498,18.0048
2026-03-29 06:20:00+00:00,0,normal,27.3163,7.8494,5.881,11.3953,18.0123
2026-03-29 06:30:00+00:00,0,normal,27.3953,7.8445,5.8021,11.2774,17.9994
2026-03-29 06:40:00+00:00,0,normal,27.4591,7.8182,5.7681,11.3818,17.9884
2026-03-29 06:50:00+00:00,0,normal,27.5689,7.8344,5.772,11.4987,17.9809
2026-03-29 07:00:00+00:00,0,normal,27.6169,7.8337,5.7511,11.4501,17.9707
2026-03-29 07:10:00+00:00,0,normal,27.6043,7.8319,5.7686,11.0857,17.9515
2026-03-29 07:20:00+00:00,0,normal,27.6431,7.8259,5.7723,11.2395,17.954
2026-03-29 07:30:00+00:00,0,normal,27.6855,7.8612,5.6894,11.2889,17.9708
2026-03-29 07:40:00+00:00,0,normal,27.762,7.8571,5.5965,11.0701,17.9684
2026-03-29 07:50:00+00:00,0,normal,27.7757,7.8415,5.5854,11.2919,17.9617
2026-03-29 08:00:00+00:00,0,normal,27.8696,7.83,5.5237,11.2973,17.9518
2026-03-29 08:10:00+00:00,0,normal,27.9391,7.847,5.4028,11.2635,17.9565
2026-03-29 08:20:00+00:00,0,normal,27.944,7.8342,5.4252,11.1696,17.9461
2026-03-29 08:30:00+00:00,0,normal,27.9532,7.8269,5.5403,11.2162,17.9396
2026-03-29 08:40:00+00:00,0,normal,28.0287,7.8425,5.4736,10.8919,17.9449
2026-03-29 08:50:00+00:00,0,normal,28.0789,7.8597,5.4854,10.9948,17.9648
2026-03-29 09:00:00+00:00,0,normal,28.0818,7.8516,5.5027,10.8926,17.9443
2026-03-29 09:10:00+00:00,0,normal,28.1897,7.8405,5.4316,10.853,17.939
2026-03-29 09:20:00+00:00,0,normal,28.1397,7.8466,5.3491,10.5781,17.9392
2026-03-29 09:30:00+00:00,0,normal,28.1841,7.8477,5.29,10.6371,17.9306
2026-03-29 09:40:00+00:00,0,normal,28.1709,7.8412,5.1553,10.7152,17.8894
2026-03-29 09:50:00+00:00,0,normal,28.2091,7.8291,5.1517,10.8153,17.8815
2026-03-29 10:00:00+00:00,0,normal,28.1167,7.8132,5.2149,10.8214,17.864
2026-03-29 10:10:00+00:00,0,normal,28.171,7.802,5.1855,11.4402,17.8652
2026-03-29 10:20:00+00:00,0,normal,28.1453,7.7952,5.2197,11.4705,17.865
2026-03-29 10:30:00+00:00,0,normal,28.0754,7.7894,5.3495,11.3269,17.8855
2026-03-29 10:40:00+00:00,0,normal,28.0159,7.7923,5.413,11.4802,17.8926
2026-03-29 10:50:00+00:00,0,normal,27.9425,7.7894,5.4323,11.065,17.8712
2026-03-29 11:00:00+00:00,0,normal,27.8956,7.7717,5.4898,10.5824,17.8608
2026-03-29 11:10:00+00:00,0,normal,27.8024,7.7508,5.4954,10.4245,17.8427
2026-03-29 11:20:00+00:00,0,normal,27.8189,7.7343,5.4506,10.4981,17.8243
2026-03-29 11:30:00+00:00,0,normal,27.913,7.7355,5.3754,10.2687,17.8078
2026-03-29 11:40:00+00:00,0,normal,28.0326,7.7328,5.3185,10.5265,17.8236
2026-03-29 11:50:00+00:00,0,normal,27.9657,7.7246,5.3389,10.6948,17.8232
2026-03-29 12:00:00+00:00,0,normal,27.9914,7.7358,5.3784,10.6014,17.8323
2026-03-29 12:10:00+00:00,0,normal,28.0023,7.7414,5.3265,10.6035,17.8307
2026-03-29 12:20:00+00:00,0,normal,27.857,7.7072,5.4533,10.7471,17.8261
2026-03-29 12:30:00+00:00,0,normal,27.7717,7.7112,5.5399,10.8525,17.8335
2026-03-29 12:40:00+00:00,0,normal,27.8016,7.6969,5.5182,10.6734,17.8381
2026-03-29 12:50:00+00:00,0,normal,27.6993,7.66,5.5192,10.76,17.8261
2026-03-29 13:00:00+00:00,0,normal,27.5978,7.6286,5.536,10.961,17.8291
2026-03-29 13:10:00+00:00,0,normal,27.5788,7.6253,5.5624,10.5968,17.8175
2026-03-29 13:20:00+00:00,0,normal,27.5369,7.606,5.5535,10.3545,17.8086
2026-03-29 13:30:00+00:00,0,normal,27.4608,7.6037,5.6338,10.2945,17.8098
2026-03-29 13:40:00+00:00,0,normal,27.4384,7.6024,5.6789,10.2518,17.8026
2026-03-29 13:50:00+00:00,0,normal,27.4286,7.5916,5.7616,10.1385,17.8073
2026-03-29 14:00:00+00:00,0,normal,27.4092,7.5852,5.7081,10.1938,17.8171
2026-03-29 14:10:00+00:00,0,normal,27.3564,7.5682,5.756,10.1978,17.8014
2026-03-29 14:20:00+00:00,0,normal,27.3927,7.5471,5.7286,10.1056,17.7695
2026-03-29 14:30:00+00:00,0,normal,27.3475,7.5343,5.7615,9.9679,17.7919
2026-03-29 14:40:00+00:00,0,normal,27.308,7.5276,5.7714,9.78,17.7836
2026-03-29 14:50:00+00:00,0,normal,27.2126,7.5039,5.8329,9.6179,17.781
2026-03-29 15:00:00+00:00,0,normal,27.185,7.489,5.7942,9.6525,17.7762
2026-03-29 15:10:00+00:00,0,normal,27.0461,7.4821,5.8416,9.675,17.7787
2026-03-29 15:20:00+00:00,0,normal,27.0877,7.469,5.8602,9.7554,17.7412
2026-03-29 15:30:00+00:00,0,normal,26.9664,7.4695,5.9719,10.0101,17.7371
2026-03-29 15:40:00+00:00,0,normal,26.987,7.4875,6.0268,10.0697,17.7211
2026-03-29 15:50:00+00:00,0,normal,26.9148,7.4552,6.1147,10.2408,17.7099
2026-03-29 16:00:00+00:00,0,normal,26.9084,7.4551,6.1593,10.5386,17.698
2026-03-29 16:10:00+00:00,0,normal,26.8325,7.4545,6.1537,10.6627,17.727
2026-03-29 16:20:00+00:00,0,normal,26.8696,7.4314,6.149,10.5146,17.7141
2026-03-29 16:30:00+00:00,0,normal,26.727,7.4068,6.152,10.8365,17.7174
2026-03-29 16:40:00+00:00,0,normal,26.691,7.4377,6.1886,10.7977,17.7127
2026-03-29 16:50:00+00:00,0,normal,26.6843,7.4143,6.2206,10.7405,17.7157
2026-03-29 17:00:00+00:00,0,normal,26.5506,7.3941,6.3732,10.6526,17.6788
2026-03-29 17:10:00+00:00,0,normal,26.5428,7.4076,6.3344,10.5045,17.6821
2026-03-29 17:20:00+00:00,0,normal,26.5304,7.3821,6.4097,10.4951,17.668
2026-03-29 17:30:00+00:00,0,normal,26.4413,7.3566,6.4741,10.7207,17.6835
2026-03-29 17:40:00+00:00,0,normal,26.2907,7.3527,6.5834,10.5702,17.6668
2026-03-29 17:50:00+00:00,0,normal,26.2644,7.3554,6.6403,10.5698,17.6713
2026-03-29 18:00:00+00:00,0,normal,26.0685,7.3348,6.8429,10.7098,17.6765
2026-03-29 18:10:00+00:00,0,normal,25.9915,7.34,6.8214,10.4321,17.6967
2026-03-29 18:20:00+00:00,0,normal,25.9506,7.3361,6.8685,10.0646,17.6879
2026-03-29 18:30:00+00:00,0,normal,25.8983,7.3193,6.8156,10.1493,17.699
2026-03-29 18:40:00+00:00,0,normal,25.8889,7.3198,6.8285,10.151,17.7043
2026-03-29 18:50:00+00:00,0,normal,25.9084,7.305,6.8279,10.1559,17.711
2026-03-29 19:00:00+00:00,0,normal,25.859,7.2982,6.9407,10.3366,17.6937
2026-03-29 19:10:00+00:00,0,normal,25.8169,7.3034,6.9466,10.4341,17.6927
2026-03-29 19:20:00+00:00,0,normal,25.8301,7.3207,7.0209,10.334,17.686
2026-03-29 19:30:00+00:00,0,normal,25.7694,7.3136,7.0018,10.4106,17.6782
2026-03-29 19:40:00+00:00,0,normal,25.7173,7.3197,6.9919,10.4639,17.6632
2026-03-29 19:50:00+00:00,0,normal,25.7119,7.3231,6.9716,10.3838,17.6732
2026-03-29 20:00:00+00:00,0,normal,25.6909,7.3171,6.9419,10.4624,17.6757
2026-03-29 20:10:00+00:00,0,normal,25.6083,7.3025,6.9472,10.4988,17.6926
2026-03-29 20:20:00+00:00,0,normal,25.5684,7.2919,7.066,10.5441,17.6897
2026-03-29 20:30:00+00:00,0,normal,25.5897,7.2995,7.0627,10.5249,17.676
2026-03-29 20:40:00+00:00,0,normal,25.5832,7.2919,7.0829,10.6872,17.6754
2026-03-29 20:50:00+00:00,0,normal,25.5564,7.2843,7.1676,10.6835,17.6687
2026-03-29 21:00:00+00:00,0,normal,25.6036,7.2923,7.1667,10.7688,17.6512
2026-03-29 21:10:00+00:00,0,normal,25.5627,7.2968,7.1215,10.7561,17.6626
2026-03-29 21:20:00+00:00,0,normal,25.4941,7.3004,7.1499,10.8769,17.674
2026-03-29 21:30:00+00:00,0,normal,25.4531,7.3159,7.0969,10.8704,17.666
2026-03-29 21:40:00+00:00,0,normal,25.5063,7.3103,7.1037,10.8863,17.6855
2026-03-29 21:50:00+00:00,0,normal,25.4812,7.3281,7.1853,10.8775,17.7139
2026-03-29 22:00:00+00:00,0,normal,25.5023,7.3294,7.1417,10.6654,17.7218
2026-03-29 22:10:00+00:00,0,normal,25.5902,7.3317,7.1051,10.6005,17.726
2026-03-29 22:20:00+00:00,0,normal,25.5894,7.3317,7.2299,10.4719,17.7414
2026-03-29 22:30:00+00:00,0,normal,25.6188,7.3516,7.1693,10.4221,17.7298
2026-03-29 22:40:00+00:00,0,normal,25.5997,7.351,7.141,10.3895,17.7125
2026-03-29 22:50:00+00:00,0,normal,25.5808,7.3573,7.3268,10.5343,17.7
2026-03-29 23:00:00+00:00,0,normal,25.5291,7.3603,7.3848,10.482,17.6906
2026-03-29 23:10:00+00:00,0,normal,25.5427,7.3621,7.3329,10.6979,17.688
2026-03-29 23:20:00+00:00,0,normal,25.4478,7.3629,7.429,10.8196,17.6745
2026-03-29 23:30:00+00:00,0,normal,25.5767,7.3847,7.3811,10.9496,17.6725
2026-03-29 23:40:00+00:00,0,normal,25.6436,7.4104,7.1888,11.1838,17.6761
2026-03-29 23:50:00+00:00,0,normal,25.6876,7.4236,7.0904,11.6141,17.6721
2026-03-30 00:00:00+00:00,0,normal,25.7034,7.4353,7.0969,11.6378,18.2118
2026-03-30 00:10:00+00:00,0,normal,25.7372,7.4494,7.0732,11.7219,18.2277
2026-03-30 00:20:00+00:00,0,normal,25.7081,7.4443,7.0479,11.7608,18.2439
2026-03-30 00:30:00+00:00,0,normal,25.6659,7.4494,7.1363,11.7187,18.2441
2026-03-30 00:40:00+00:00,0,normal,25.6396,7.4447,7.2446,11.2226,18.2592
2026-03-30 00:50:00+00:00,0,normal,25.6808,7.47,7.2253,10.8877,18.2508
2026-03-30 01:00:00+00:00,0,normal,25.7856,7.4971,7.1377,10.573,18.2404
2026-03-30 01:10:00+00:00,0,normal,25.7723,7.5233,7.0791,10.4905,18.2155
2026-03-30 01:20:00+00:00,0,normal,25.8864,7.5401,6.9606,10.5858,18.2303
2026-03-30 01:30:00+00:00,0,normal,25.9689,7.5661,6.8093,10.808,18.2278
2026-03-30 01:40:00+00:00,0,normal,26.0664,7.5594,6.6553,11.0772,18.2445
2026-03-30 01:50:00+00:00,0,normal,26.0041,7.5656,6.7042,11.3862,18.2614
2026-03-30 02:00:00+00:00,0,normal,26.0889,7.5693,6.7597,11.5066,18.2869
2026-03-30 02:10:00+00:00,0,normal,26.1128,7.5671,6.6815,11.2193,18.2972
2026-03-30 02:20:00+00:00,0,normal,26.1924,7.5879,6.6846,11.2539,18.3008
2026-03-30 02:30:00+00:00,0,normal,26.1647,7.6077,6.761,11.3986,18.2933
2026-03-30 02:40:00+00:00,0,normal,26.272,7.612,6.6698,11.5762,18.2957
2026-03-30 02:50:00+00:00,0,normal,26.2922,7.6312,6.5669,11.5369,18.3104
2026-03-30 03:00:00+00:00,0,normal,26.3144,7.641,6.6492,11.8795,18.2881
2026-03-30 03:10:00+00:00,0,normal,26.2869,7.631,6.6141,11.7897,18.2818
2026-03-30 03:20:00+00:00,0,normal,26.3481,7.6339,6.5111,11.9593,18.2656
2026-03-30 03:30:00+00:00,0,normal,26.405,7.6426,6.4369,11.6669,18.241
2026-03-30 03:40:00+00:00,0,normal,26.4349,7.6356,6.469,11.7496,18.2327
2026-03-30 03:50:00+00:00,0,normal,26.513,7.6568,6.3681,11.5969,18.236
2026-03-30 04:00:00+00:00,0,normal,26.5452,7.6622,6.3577,11.8064,18.2328
2026-03-30 04:10:00+00:00,0,normal,26.607,7.6662,6.3943,11.6996,18.2556
2026-03-30 04:20:00+00:00,0,normal,26.6934,7.6879,6.3947,11.6493,18.2973
2026-03-30 04:30:00+00:00,0,normal,26.8001,7.7012,6.2418,11.5396,18.284
2026-03-30 04:40:00+00:00,0,normal,26.8628,7.7052,6.2234,11.7389,18.3022
2026-03-30 04:50:00+00:00,0,normal,26.9931,7.7388,6.2111,11.5818,18.3032
2026-03-30 05:00:00+00:00,0,normal,27.0299,7.7641,6.1586,11.5171,18.3154
2026-03-30 05:10:00+00:00,0,normal,27.1043,7.7844,6.0914,11.5079,18.2858
2026-03-30 05:20:00+00:00,0,normal,27.2055,7.8,6.1644,11.5107,18.2776
2026-03-30 05:30:00+00:00,0,normal,27.266,7.8172,6.0825,11.1906,18.2506
2026-03-30 05:40:00+00:00,0,normal,27.4011,7.8122,5.9625,11.2725,18.2546
2026-03-30 05:50:00+00:00,0,normal,27.4562,7.8196,5.9371,11.254,18.2485
2026-03-30 06:00:00+00:00,0,normal,27.4015,7.7988,5.9568,11.4953,18.2474
2026-03-30 06:10:00+00:00,0,normal,27.3492,7.793,5.8972,11.391,18.262
2026-03-30 06:20:00+00:00,0,normal,27.3819,7.7867,5.8935,11.5164,18.2618
2026-03-30 06:30:00+00:00,0,normal,27.4171,7.7842,5.9188,11.403,18.2617
2026-03-30 06:40:00+00:00,0,normal,27.4753,7.7899,5.8935,11.0384,18.2457
2026-03-30 06:50:00+00:00,0,normal,27.5319,7.8004,5.85,10.9394,18.2638
2026-03-30 07:00:00+00:00,0,normal,27.5661,7.813,5.8022,11.1847,18.2561
2026-03-30 07:10:00+00:00,0,normal,27.6544,7.8088,5.7224,11.2802,18.2622
2026-03-30 07:20:00+00:00,0,normal,27.6447,7.8273,5.6944,11.2564,18.2574
2026-03-30 07:30:00+00:00,0,normal,27.6733,7.8428,5.5922,11.5982,18.2537
2026-03-30 07:40:00+00:00,0,normal,27.6709,7.8587,5.6607,11.5883,18.2251
2026-03-30 07:50:00+00:00,0,normal,27.6948,7.8743,5.6649,11.3429,18.2288
2026-03-30 08:00:00+00:00,0,normal,27.7461,7.8881,5.6095,11.0513,18.2082
2026-03-30 08:10:00+00:00,0,normal,27.7633,7.8781,5.5664,11.0291,18.2037
2026-03-30 08:20:00+00:00,0,normal,27.8094,7.8677,5.5605,10.8907,18.213
2026-03-30 08:30:00+00:00,0,normal,27.9684,7.8579,5.3874,10.8187,18.203
2026-03-30 08:40:00+00:00,0,normal,28.1015,7.8292,5.2696,10.8342,18.1887
2026-03-30 08:50:00+00:00,0,normal,28.0581,7.831,5.3175,10.9336,18.1911
2026-03-30 09:00:00+00:00,0,normal,28.0502,7.8282,5.2392,10.7987,18.1903
2026-03-30 09:10:00+00:00,0,normal,28.0422,7.8064,5.2418,10.9691,18.1764
2026-03-30 09:20:00+00:00,0,normal,27.9777,7.7966,5.2514,10.7358,18.1667
2026-03-30 09:30:00+00:00,0,normal,27.8644,7.8001,5.3293,10.7492,18.1662
2026-03-30 09:40:00+00:00,0,normal,27.8204,7.7857,5.3269,10.6796,18.1604
2026-03-30 09:50:00+00:00,0,normal,27.765,7.78,5.4162,10.7581,18.1504
2026-03-30 10:00:00+00:00,0,normal,27.8287,7.8031,5.4299,10.4737,18.1475
2026-03-30 10:10:00+00:00,0,normal,27.784,7.7879,5.4845,10.4837,18.1662
2026-03-30 10:20:00+00:00,0,normal,27.9065,7.7883,5.4824,10.4951,18.1594
2026-03-30 10:30:00+00:00,0,normal,27.9304,7.7749,5.4772,10.471,18.1703
2026-03-30 10:40:00+00:00,0,normal,28.0491,7.785,5.4298,10.5044,18.1479
2026-03-30 10:50:00+00:00,0,normal,27.9886,7.7574,5.4394,10.3921,18.1466
2026-03-30 11:00:00+00:00,0,normal,27.9778,7.758,5.4689,10.7237,18.138
2026-03-30 11:10:00+00:00,0,normal,27.9409,7.7592,5.4208,10.6653,18.1237
2026-03-30 11:20:00+00:00,0,normal,28.0025,7.7742,5.4341,10.3304,18.1136
2026-03-30 11:30:00+00:00,0,normal,27.8898,7.7624,5.4493,10.2863,18.1388
2026-03-30 11:40:00+00:00,0,normal,27.8712,7.7433,5.4297,10.3937,18.1212
2026-03-30 11:50:00+00:00,0,normal,27.873,7.7423,5.383,10.0585,18.1283
2026-03-30 12:00:00+00:00,0,normal,27.7983,7.7228,5.4583,10.1815,18.1382
2026-03-30 12:10:00+00:00,0,normal,27.7255,7.6978,5.4354,10.5975,18.1338
2026-03-30 12:20:00+00:00,0,normal,27.7171,7.6757,5.4407,10.5941,18.1091
2026-03-30 12:30:00+00:00,0,normal,27.6332,7.6886,5.4818,10.6348,18.131
2026-03-30 12:40:00+00:00,0,normal,27.6126,7.6833,5.5099,10.7959,18.1156
2026-03-30 12:50:00+00:00,0,normal,27.608,7.6793,5.4736,10.4684,18.1012
2026-03-30 13:00:00+00:00,0,normal,27.5605,7.6698,5.5454,10.3695,18.0936
2026-03-30 13:10:00+00:00,0,normal,27.5235,7.6782,5.5886,10.451,18.1044
2026-03-30 13:20:00+00:00,0,normal,27.516,7.6531,5.6416,10.5407,18.0881
2026-03-30 13:30:00+00:00,0,normal,27.4737,7.6175,5.6698,10.3542,18.0801
2026-03-30 13:40:00+00:00,0,normal,27.4564,7.5966,5.7727,10.5335,18.0625
2026-03-30 13:50:00+00:00,0,normal,27.3787,7.5818,5.8133,10.3751,18.0658
2026-03-30 14:00:00+00:00,0,normal,27.3709,7.5631,5.7993,10.2433,18.0485
2026-03-30 14:10:00+00:00,0,normal,27.3592,7.5521,5.7872,10.0341,18.0262
2026-03-30 14:20:00+00:00,0,normal,27.3419,7.5607,5.8046,10.0429,18.0211
2026-03-30 14:30:00+00:00,0,normal,27.2156,7.5342,5.7888,10.0517,18.0234
2026-03-30 14:40:00+00:00,0,normal,27.1937,7.5331,5.8552,10.0861,18.0129
2026-03-30 14:50:00+00:00,0,normal,27.1164,7.509,5.9319,9.9732,18.0208
2026-03-30 15:00:00+00:00,0,normal,27.044,7.4984,5.9639,10.0874,18.0212
2026-03-30 15:10:00+00:00,0,normal,26.9943,7.5019,6.0046,10.0139,18.0185
2026-03-30 15:20:00+00:00,0,normal,26.9838,7.5157,6.0226,9.9338,18.0141
2026-03-30 15:30:00+00:00,0,normal,27.0207,7.49,6.0014,9.8404,18.0135
2026-03-30 15:40:00+00:00,0,normal,26.9766,7.4779,6.0697,9.7755,18.0088
2026-03-30 15:50:00+00:00,0,normal,26.8718,7.4918,6.1566,9.8635,18.0156
2026-03-30 16:00:00+00:00,0,normal,26.8468,7.4814,6.1953,9.9796,18.0082
2026-03-30 16:10:00+00:00,0,normal,26.7679,7.4686,6.2589,9.9361,18.0113
2026-03-30 16:20:00+00:00,0,normal,26.7071,7.451,6.2223,10.1997,18.0056
2026-03-30 16:30:00+00:00,0,normal,26.695,7.4564,6.2076,10.5286,18.0046
2026-03-30 16:40:00+00:00,0,normal,26.6908,7.4192,6.2039,10.4306,18.0009
2026-03-30 16:50:00+00:00,0,normal,26.6204,7.4034,6.167,10.5928,17.9993
2026-03-30 17:00:00+00:00,0,normal,26.5522,7.3791,6.1953,10.6162,17.9838
2026-03-30 17:10:00+00:00,0,normal,26.4262,7.3881,6.2768,10.5347,17.981
2026-03-30 17:20:00+00:00,0,normal,26.3446,7.3609,6.3059,10.3649,17.9757
2026-03-30 17:30:00+00:00,0,normal,26.3505,7.3586,6.3767,10.3811,17.9574
2026-03-30 17:40:00+00:00,0,normal,26.3051,7.3453,6.4939,10.384,17.9638
2026-03-30 17:50:00+00:00,0,normal,26.2785,7.3343,6.5855,10.2932,17.9734
2026-03-30 18:00:00+00:00,0,normal,26.3181,7.3493,6.6374,10.2003,17.9658
2026-03-30 18:10:00+00:00,0,normal,26.232,7.338,6.7598,10.1581,17.9618
2026-03-30 18:20:00+00:00,0,normal,26.0866,7.3211,6.7991,10.0286,17.9784
2026-03-30 18:30:00+00:00,0,normal,25.9572,7.3119,6.9047,9.9615,17.9833
2026-03-30 18:40:00+00:00,0,normal,25.9627,7.3333,6.8456,10.1616,17.98
2026-03-30 18:50:00+00:00,0,normal,25.8271,7.3003,6.9031,10.2814,17.9779
2026-03-30 19:00:00+00:00,0,normal,25.8041,7.2972,6.8594,10.3066,17.9803
2026-03-30 19:10:00+00:00,0,normal,25.802,7.2975,6.9122,10.5786,17.959
2026-03-30 19:20:00+00:00,0,normal,25.798,7.2817,6.8916,10.5948,17.9519
2026-03-30 19:30:00+00:00,0,normal,25.6797,7.2666,7.0356,10.5727,17.9396
2026-03-30 19:40:00+00:00,0,normal,25.6643,7.2683,7.0118,10.5926,17.9288
2026-03-30 19:50:00+00:00,0,normal,25.6218,7.2802,7.0564,10.7384,17.9369
2026-03-30 20:00:00+00:00,0,normal,25.6256,7.2929,6.9688,10.6339,17.93
2026-03-30 20:10:00+00:00,0,normal,25.6248,7.311,6.9779,10.5357,17.9339
2026-03-30 20:20:00+00:00,0,normal,25.6105,7.3056,6.9429,10.7674,17.9602
2026-03-30 20:30:00+00:00,0,normal,25.5159,7.2971,7.0652,10.8327,17.9757
2026-03-30 20:40:00+00:00,0,normal,25.4407,7.2935,7.1293,10.6462,17.9675
2026-03-30 20:50:00+00:00,0,normal,25.5131,7.2964,7.0935,10.4455,17.9724
2026-03-30 21:00:00+00:00,0,normal,25.5355,7.2958,7.0266,10.6392,17.9568
2026-03-30 21:10:00+00:00,0,normal,25.5827,7.2992,7.0288,10.6106,17.9466
2026-03-30 21:20:00+00:00,0,normal,25.5968,7.3165,7.02,10.6329,17.9472
2026-03-30 21:30:00+00:00,0,normal,25.641,7.3113,6.9342,10.8507,17.9465
2026-03-30 21:40:00+00:00,0,normal,25.4933,7.3053,7.0734,11.1444,17.9646
2026-03-30 21:50:00+00:00,0,normal,25.3858,7.3131,7.1487,11.093,17.9702
2026-03-30 22:00:00+00:00,0,normal,25.3116,7.3113,7.1493,10.7899,17.957
2026-03-30 22:10:00+00:00,0,normal,25.3813,7.3244,7.0853,10.6873,17.9584
2026-03-30 22:20:00+00:00,0,normal,25.4113,7.3301,7.1498,10.7312,17.9454
2026-03-30 22:30:00+00:00,0,normal,25.4081,7.3262,7.134,10.7495,17.9404
2026-03-30 22:40:00+00:00,0,normal,25.4488,7.3115,7.0864,10.7512,17.9541
2026-03-30 22:50:00+00:00,0,normal,25.5041,7.3327,7.1016,10.8995,17.9524
2026-03-30 23:00:00+00:00,0,normal,25.4453,7.3343,7.1392,11.019,17.9496
2026-03-30 23:10:00+00:00,0,normal,25.4297,7.3655,7.1126,10.917,17.9691
2026-03-30 23:20:00+00:00,0,normal,25.4932,7.4018,7.0957,10.8667,17.9796
2026-03-30 23:30:00+00:00,0,normal,25.535,7.4333,7.1277,10.9253,17.9714
2026-03-30 23:40:00+00:00,0,normal,25.5358,7.4332,7.1233,10.9223,17.9809
2026-03-30 23:50:00+00:00,0,normal,25.5537,7.4285,7.1159,11.0129,17.9954
2026-03-31 00:00:00+00:00,0,normal,25.554,7.4327,7.1481,11.0539,17.9782
2026-03-31 00:10:00+00:00,0,normal,25.5238,7.442,7.1666,11.1371,17.9803
2026-03-31 00:20:00+00:00,0,normal,25.4807,7.4319,7.2194,11.1498,17.9805
2026-03-31 00:30:00+00:00,0,normal,25.4966,7.461,7.2565,11.4246,17.981
2026-03-31 00:40:00+00:00,0,normal,25.5807,7.4648,7.2197,11.4154,17.9673
2026-03-31 00:50:00+00:00,0,normal,25.5839,7.4708,7.187,11.4967,17.9961
2026-03-31 01:00:00+00:00,0,normal,25.6694,7.4708,7.0965,11.5017,17.9809
2026-03-31 01:10:00+00:00,0,normal,25.7905,7.4939,7.028,11.7409,17.9651
2026-03-31 01:20:00+00:00,0,normal,25.7669,7.4909,6.9514,11.5826,17.9678
2026-03-31 01:30:00+00:00,0,normal,25.7677,7.5101,7.0183,11.5564,17.9764
2026-03-31 01:40:00+00:00,0,normal,25.9182,7.5277,7.049,11.5377,17.9742
2026-03-31 01:50:00+00:00,0,normal,25.9712,7.5415,7.0543,11.2944,17.9861
2026-03-31 02:00:00+00:00,0,normal,25.92,7.5587,6.994,11.0884,17.9884
2026-03-31 02:10:00+00:00,0,normal,26.0554,7.589,6.9711,11.217,17.9961
2026-03-31 02:20:00+00:00,0,normal,26.0851,7.6087,6.9387,11.2668,18.0011
2026-03-31 02:30:00+00:00,0,normal,26.0987,7.6074,6.7902,11.4316,17.9921
2026-03-31 02:40:00+00:00,0,normal,26.103,7.606,6.8442,11.7435,17.9971
2026-03-31 02:50:00+00:00,0,normal,26.2183,7.6278,6.7732,11.7968,17.9956
2026-03-31 03:00:00+00:00,0,normal,26.226,7.637,6.6897,11.79,17.9833
2026-03-31 03:10:00+00:00,0,normal,26.3046,7.6565,6.5836,11.7798,17.9749
2026-03-31 03:20:00+00:00,0,normal,26.3114,7.6734,6.6419,11.5879,17.9826
2026-03-31 03:30:00+00:00,0,normal,26.3808,7.7029,6.5337,11.4916,17.9713
2026-03-31 03:40:00+00:00,0,normal,26.3935,7.7083,6.5878,11.1774,17.9902
2026-03-31 03:50:00+00:00,0,normal,26.4839,7.7011,6.6142,11.2572,18.0038
2026-03-31 04:00:00+00:00,0,normal,26.5438,7.7042,6.6017,11.1964,17.9955
2026-03-31 04:10:00+00:00,0,normal,26.5598,7.702,6.5276,11.1125,17.9784
2026-03-31 04:20:00+00:00,0,normal,26.6574,7.7056,6.4428,11.0853,17.985
2026-03-31 04:30:00+00:00,0,normal,26.747,7.7193,6.4063,11.5387,17.9793
2026-03-31 04:40:00+00:00,0,normal,26.7887,7.7433,6.3516,11.3681,17.9846
2026-03-31 04:50:00+00:00,0,normal,26.8631,7.7544,6.2824,11.414,17.9894
2026-03-31 05:00:00+00:00,0,normal,26.986,7.7523,6.2098,11.7531,18.003
2026-03-31 05:10:00+00:00,0,normal,27.0445,7.7562,6.2161,11.8791,17.9989
2026-03-31 05:20:00+00:00,0,normal,27.092,7.751,6.1107,11.647,18.0012
2026-03-31 05:30:00+00:00,0,normal,27.1745,7.7485,6.0513,11.4439,17.9996
2026-03-31 05:40:00+00:00,0,normal,27.2016,7.7536,6.0089,11.4768,18.0009
2026-03-31 05:50:00+00:00,0,normal,27.2574,7.7871,5.9935,11.1626,17.9874
2026-03-31 06:00:00+00:00,0,normal,27.2784,7.7932,5.974,11.1323,17.9882
2026-03-31 06:10:00+00:00,0,normal,27.3809,7.8009,5.9148,11.1467,17.9941
2026-03-31 06:20:00+00:00,0,normal,27.4157,7.8064,5.8983,11.3658,17.9877
2026-03-31 06:30:00+00:00,0,normal,27.4402,7.8037,5.8702,11.3803,17.9671
2026-03-31 06:40:00+00:00,0,normal,27.4423,7.8206,5.8263,11.2501,17.962
2026-03-31 06:50:00+00:00,0,normal,27.4681,7.8244,5.7336,11.1763,17.9536
2026-03-31 07:00:00+00:00,0,normal,27.4366,7.8041,5.828,11.1634,17.9481
2026-03-31 07:10:00+00:00,0,normal,27.4117,7.8214,5.8026,11.1332,17.925
2026-03-31 07:20:00+00:00,0,normal,27.3883,7.8196,5.7888,11.0725,17.9438
2026-03-31 07:30:00+00:00,0,normal,27.3912,7.8115,5.7639,11.2611,17.9528
2026-03-31 07:40:00+00:00,0,normal,27.4982,7.8149,5.78,11.1566,17.9616
2026-03-31 07:50:00+00:00,0,normal,27.5338,7.8415,5.7241,11.0148,17.9522
2026-03-31 08:00:00+00:00,0,normal,27.6701,7.8309,5.6787,10.7882,17.9513
2026-03-31 08:10:00+00:00,0,normal,27.7891,7.8521,5.6228,10.7251,17.9427
2026-03-31 08:20:00+00:00,0,normal,27.869,7.8442,5.6366,10.7451,17.9464
2026-03-31 08:30:00+00:00,0,normal,27.7672,7.8371,5.6125,10.757,17.9314
2026-03-31 08:40:00+00:00,0,normal,27.8127,7.834,5.5571,10.9505,17.9476
2026-03-31 08:50:00+00:00,0,normal,27.8317,7.8289,5.5117,11.09,17.9653
2026-03-31 09:00:00+00:00,0,normal,27.8904,7.8021,5.4871,11.0445,17.962
2026-03-31 09:10:00+00:00,0,normal,27.917,7.7961,5.3853,10.8052,17.9463
2026-03-31 09:20:00+00:00,0,normal,27.9423,7.8249,5.4528,10.7707,17.9505
2026-03-31 09:30:00+00:00,0,normal,27.918,7.8004,5.5024,10.7569,17.9211
2026-03-31 09:40:00+00:00,0,normal,27.8272,7.7966,5.5033,10.8995,17.9053
2026-03-31 09:50:00+00:00,0,normal,27.8227,7.8063,5.5101,10.864,17.9197
2026-03-31 10:00:00+00:00,0,normal,27.8748,7.8252,5.4919,11.0937,17.9262
2026-03-31 10:10:00+00:00,0,normal,27.9241,7.7859,5.4081,11.274,17.9145
2026-03-31 10:20:00+00:00,0,normal,27.9461,7.798,5.2726,11.0457,17.9076
2026-03-31 10:30:00+00:00,0,normal,28.0287,7.7996,5.2593,10.9029,17.8919
2026-03-31 10:40:00+00:00,0,normal,27.9411,7.7889,5.2634,10.921,17.8882
2026-03-31 10:50:00+00:00,0,normal,27.8756,7.755,5.3767,10.9202,17.8788
2026-03-31 11:00:00+00:00,0,normal,27.8742,7.7573,5.4272,10.6494,17.8882
2026-03-31 11:10:00+00:00,0,normal,27.8408,7.7442,5.5668,10.764,17.885
2026-03-31 11:20:00+00:00,0,normal,27.7465,7.7226,5.6571,10.6778,17.8885
2026-03-31 11:30:00+00:00,0,normal,27.7381,7.724,5.6803,10.681,17.8554
2026-03-31 11:40:00+00:00,0,normal,27.7671,7.7276,5.6442,10.6749,17.8124
2026-03-31 11:50:00+00:00,0,normal,27.797,7.7257,5.5917,10.9075,17.7879
2026-03-31 12:00:00+00:00,0,normal,27.8077,7.7232,5.498,10.9868,17.7903
2026-03-31 12:10:00+00:00,0,normal,27.7943,7.725,5.5074,10.8855,17.7926
2026-03-31 12:20:00+00:00,0,normal,27.7697,7.7181,5.5425,10.7665,17.79
2026-03-31 12:30:00+00:00,0,normal,27.688,7.6986,5.5962,10.7231,17.8189
2026-03-31 12:40:00+00:00,0,normal,27.5666,7.6857,5.5723,10.6081,17.8154
2026-03-31 12:50:00+00:00,0,normal,27.5243,7.6595,5.6501,10.4255,17.8141
2026-03-31 13:00:00+00:00,0,normal,27.5124,7.6205,5.6578,10.4159,17.8133
2026-03-31 13:10:00+00:00,0,normal,27.4812,7.6141,5.6568,10.0212,17.821
2026-03-31 13:20:00+00:00,0,normal,27.4344,7.6018,5.6466,9.7189,17.8105
2026-03-31 13:30:00+00:00,0,normal,27.406,7.5857,5.6975,9.6033,17.8041
2026-03-31 13:40:00+00:00,0,normal,27.355,7.5742,5.6695,9.5856,17.7813
2026-03-31 13:50:00+00:00,0,normal,27.2796,7.5696,5.6863,9.7178,17.75
2026-03-31 14:00:00+00:00,0,normal,27.2757,7.537,5.691,10.2008,17.7445
2026-03-31 14:10:00+00:00,0,normal,27.1715,7.5311,5.7573,10.6126,17.7237
2026-03-31 14:20:00+00:00,0,normal,27.1864,7.5155,5.8538,10.5504,17.7251
2026-03-31 14:30:00+00:00,0,normal,27.1532,7.5125,5.8861,10.3576,17.733
2026-03-31 14:40:00+00:00,0,normal,27.1404,7.5074,5.8876,10.2009,17.7383
2026-03-31 14:50:00+00:00,0,normal,27.0876,7.5126,5.9857,10.3109,17.7258
2026-03-31 15:00:00+00:00,0,normal,27.0735,7.5049,6.0026,10.0566,17.7394
2026-03-31 15:10:00+00:00,0,normal,26.9308,7.4892,6.0342,10.2464,17.7339
2026-03-31 15:20:00+00:00,0,normal,26.835,7.485,6.1259,10.3939,17.7318
2026-03-31 15:30:00+00:00,0,normal,26.7498,7.4768,6.2121,10.4367,17.7334
2026-03-31 15:40:00+00:00,0,normal,26.6942,7.4522,6.1314,10.0605,17.728
2026-03-31 15:50:00+00:00,0,normal,26.6436,7.4334,6.172,10.0206,17.7133
2026-03-31 16:00:00+00:00,0,normal,26.6431,7.4358,6.186,9.9093,17.7108
2026-03-31 16:10:00+00:00,0,normal,26.5396,7.4089,6.2215,10.0666,17.7031
2026-03-31 16:20:00+00:00,0,normal,26.4792,7.4053,6.2522,10.1845,17.6954
2026-03-31 16:30:00+00:00,0,normal,26.4407,7.4219,6.3754,10.5937,17.6984
2026-03-31 16:40:00+00:00,0,normal,26.4004,7.4153,6.4296,10.6163,17.681
2026-03-31 16:50:00+00:00,0,normal,26.2938,7.3981,6.5486,10.6459,17.689
2026-03-31 17:00:00+00:00,0,normal,26.3009,7.3997,6.5782,10.5539,17.6733
2026-03-31 17:10:00+00:00,0,normal,26.1517,7.3863,6.6666,10.4219,17.6882
2026-03-31 17:20:00+00:00,0,normal,26.0199,7.3373,6.7322,10.2555,17.6873
2026-03-31 17:30:00+00:00,0,normal,26.0114,7.3455,6.7289,10.2503,17.7162
2026-03-31 17:40:00+00:00,0,normal,25.9683,7.3472,6.7427,10.4157,17.694
2026-03-31 17:50:00+00:00,0,normal,25.9242,7.3357,6.8007,10.3407,17.7028
2026-03-31 18:00:00+00:00,0,normal,25.8992,7.3265,6.7724,10.3908,17.6941
2026-03-31 18:10:00+00:00,0,normal,25.8279,7.3288,6.8283,10.2209,17.6906
2026-03-31 18:20:00+00:00,0,normal,25.7849,7.3109,6.8538,10.3013,17.6873
2026-03-31 18:30:00+00:00,0,normal,25.7816,7.2997,6.8228,9.986,17.7018
2026-03-31 18:40:00+00:00,0,normal,25.7064,7.3015,6.854,10.0866,17.7065
2026-03-31 18:50:00+00:00,0,normal,25.7238,7.2909,6.9214,10.0107,17.7071
2026-03-31 19:00:00+00:00,0,normal,25.7392,7.2908,6.9381,10.0555,17.7083
2026-03-31 19:10:00+00:00,0,normal,25.6127,7.291,7.0201,9.9511,17.7
2026-03-31 19:20:00+00:00,0,normal,25.4793,7.2782,7.0974,10.1951,17.7036
2026-03-31 19:30:00+00:00,0,normal,25.483,7.2523,7.0504,10.2039,17.698
2026-03-31 19:40:00+00:00,0,normal,25.4908,7.2607,7.0124,10.338,17.6779
2026-03-31 19:50:00+00:00,0,normal,25.4796,7.2867,6.9642,10.5277,17.6826
2026-03-31 20:00:00+00:00,0,normal,25.5225,7.2872,6.9706,10.5594,17.6864
2026-03-31 20:10:00+00:00,0,normal,25.5091,7.2875,6.9909,10.2837,17.6746
2026-03-31 20:20:00+00:00,0,normal,25.4893,7.3116,7.0466,10.1945,17.6764
2026-03-31 20:30:00+00:00,0,normal,25.4335,7.3185,7.1095,10.1983,17.7053
2026-03-31 20:40:00+00:00,0,normal,25.3857,7.2812,7.1688,10.1532,17.6953
2026-03-31 20:50:00+00:00,0,normal,25.3253,7.2659,7.1139,10.3098,17.7051
2026-03-31 21:00:00+00:00,0,normal,25.3385,7.2788,7.1548,10.5329,17.7112
2026-03-31 21:10:00+00:00,0,normal,25.2111,7.291,7.2824,10.7888,17.7075
2026-03-31 21:20:00+00:00,0,normal,25.2482,7.287,7.2599,10.8835,17.6829
2026-03-31 21:30:00+00:00,0,normal,25.2511,7.3216,7.2784,10.7576,17.6836
2026-03-31 21:40:00+00:00,0,normal,25.1956,7.3247,7.3806,10.4397,17.6827
2026-03-31 21:50:00+00:00,0,normal,25.229,7.2976,7.2837,10.3688,17.6743
2026-03-31 22:00:00+00:00,0,normal,25.3165,7.2999,7.2849,10.296,17.682
2026-03-31 22:10:00+00:00,0,normal,25.2569,7.3117,7.3479,10.3211,17.7087
2026-03-31 22:20:00+00:00,0,normal,25.2171,7.3085,7.3884,10.4884,17.6932
2026-03-31 22:30:00+00:00,0,normal,25.292,7.3319,7.358,10.8057,17.6862
2026-03-31 22:40:00+00:00,0,normal,25.2506,7.3689,7.4665,11.0856,17.6976
2026-03-31 22:50:00+00:00,0,normal,25.2341,7.3662,7.3625,11.0956,17.6989
2026-03-31 23:00:00+00:00,0,normal,25.2991,7.3701,7.3016,11.1167,17.6712
2026-03-31 23:10:00+00:00,0,normal,25.3318,7.3686,7.2803,11.3271,17.6818
2026-03-31 23:20:00+00:00,0,normal,25.3209,7.3662,7.2738,11.1375,17.661
2026-03-31 23:30:00+00:00,0,normal,25.3908,7.3598,7.2337,11.2029,17.6457
2026-03-31 23:40:00+00:00,0,normal,25.462,7.3676,7.2492,11.2743,17.6308
2026-03-31 23:50:00+00:00,0,normal,25.4371,7.3673,7.2817,11.3164,17.636
